fish_id,group,batch,tbi_dpf,dpf,days_post_tbi,syringe_ml,holder,weight_g,drop_height_cm,n_weight_drops,inter_drop_interval_lt_10_min,nominal_peak_pressure_kpa,measured_peak_pressure_kpa,cumulative_pressure_burden_kpa_hits,recording_duration_min,sampling_rate_hz,anti_alias_lowpass_hz,bandpass_low_hz,bandpass_high_hz,window_length_s,window_overlap_s,electrode_impedance_mohm,rms_noise_mv,electrode_shift_pct,qc_pass,lfp_mean_uv,lfp_variance_uv2,lfp_skewness,lfp_kurtosis,lfp_fourth_power_mean_uv4,lfp_seizure_event_rate_per_h,lfp_ica_complexity,hidden_state_TRUTH,is_synthetic,simulator_seed
TBI0001,sham,1,3,4,1,10,three_prong_clamp,0,0,0,False,0.0,0.0,0.0,240,3000,3000,0.5,1000,30,20,3.1033,0.0747,11.2576,True,8.9226,535.3944,0.2139,3.7408,1159005.6382,0.0,0.8138,0,True,42
TBI0001,sham,1,3,5,2,10,three_prong_clamp,0,0,0,False,0.0,0.0,0.0,240,3000,3000,0.5,1000,30,20,3.1901,0.1017,5.2854,True,12.5627,1758.0979,0.977,5.3295,15169286.0256,1.75,0.5842,1,True,42
TBI0001,sham,1,3,6,3,10,three_prong_clamp,0,0,0,False,0.0,0.0,0.0,240,3000,3000,0.5,1000,30,20,3.1933,0.0662,17.4566,True,-5.4043,807.2622,0.2222,3.22,1847079.5857,0.0,0.8789,0,True,42
TBI0002,sham,4,3,4,1,10,three_prong_clamp,0,0,0,False,0.0,0.0,0.0,240,3000,3000,0.5,1000,30,20,2.734,0.0573,2.7799,True,5.0272,652.5963,-0.2157,2.8068,1151011.383,0.25,0.868,0,True,42
TBI0002,sham,4,3,5,2,10,three_prong_clamp,0,0,0,False,0.0,0.0,0.0,240,3000,3000,0.5,1000,30,20,2.5882,0.0826,24.2414,True,-9.7722,842.3584,0.2235,2.6977,1795558.509,0.25,0.8669,0,True,42
TBI0002,sham,4,3,6,3,10,three_prong_clamp,0,0,0,False,0.0,0.0,0.0,240,3000,3000,0.5,1000,30,20,2.7969,0.0658,4.2851,True,-3.6305,585.2886,-0.2861,4.0809,1416309.7613,0.0,0.8186,0,True,42
TBI0003,sham,1,3,4,1,10,three_prong_clamp,0,0,0,False,0.0,0.0,0.0,240,3000,3000,0.5,1000,30,20,2.8927,0.0842,7.478,True,11.3934,855.0465,0.5274,3.2661,2112638.8274,0.0,0.87,0,True,42
TBI0003,sham,1,3,5,2,10,three_prong_clamp,0,0,0,False,0.0,0.0,0.0,240,3000,3000,0.5,1000,30,20,2.8051,0.0524,7.955,True,3.6037,595.8125,0.4193,2.9747,1021958.7075,0.0,0.8716,0,True,42
TBI0003,sham,1,3,6,3,10,three_prong_clamp,0,0,0,False,0.0,0.0,0.0,240,3000,3000,0.5,1000,30,20,3.5143,0.0563,1.1081,True,14.7416,520.8744,-0.3157,2.8156,756730.0543,0.25,0.8103,0,True,42
TBI0004,sham,3,3,4,1,10,three_prong_clamp,0,0,0,False,0.0,0.0,0.0,240,3000,3000,0.5,1000,30,20,2.6885,0.075,13.1432,True,10.2499,471.8028,0.1336,3.2642,719577.2864,0.0,0.838,0,True,42
TBI0004,sham,3,3,5,2,10,three_prong_clamp,0,0,0,False,0.0,0.0,0.0,240,3000,3000,0.5,1000,30,20,2.9828,0.0812,8.5877,True,-11.5006,513.1025,0.2674,2.4419,664324.5143,0.0,0.8663,0,True,42
TBI0004,sham,3,3,6,3,10,three_prong_clamp,0,0,0,False,0.0,0.0,0.0,240,3000,3000,0.5,1000,30,20,3.1785,0.0919,8.8996,True,-8.9676,868.4327,-0.1196,3.4592,2229306.5312,0.0,0.9859,0,True,42
TBI0005,sham,1,3,4,1,10,three_prong_clamp,0,0,0,False,0.0,0.0,0.0,240,3000,3000,0.5,1000,30,20,3.28,0.1001,6.5462,True,-3.2074,523.9768,-0.0623,3.0845,870050.0525,0.0,0.9267,0,True,42
TBI0005,sham,1,3,5,2,10,three_prong_clamp,0,0,0,False,0.0,0.0,0.0,240,3000,3000,0.5,1000,30,20,2.6044,0.1068,7.1971,True,0.9028,337.3141,0.1272,2.5051,242857.7448,0.0,0.9197,0,True,42
TBI0005,sham,1,3,6,3,10,three_prong_clamp,0,0,0,False,0.0,0.0,0.0,240,3000,3000,0.5,1000,30,20,3.305,0.0438,9.4085,True,3.0713,363.0002,-0.0994,2.4255,253089.8485,0.0,0.9146,0,True,42
TBI0006,sham,4,3,4,1,10,three_prong_clamp,0,0,0,False,0.0,0.0,0.0,240,3000,3000,0.5,1000,30,20,3.2988,0.0629,6.7546,True,9.0644,654.4282,-0.0517,3.0984,1371312.3269,0.0,0.7858,0,True,42
TBI0006,sham,4,3,5,2,10,three_prong_clamp,0,0,0,False,0.0,0.0,0.0,240,3000,3000,0.5,1000,30,20,3.0519,0.0663,1.2395,True,2.2537,550.4313,-0.0697,4.1728,1412114.9122,0.0,0.8633,0,True,42
TBI0006,sham,4,3,6,3,10,three_prong_clamp,0,0,0,False,0.0,0.0,0.0,240,3000,3000,0.5,1000,30,20,2.4426,0.1005,15.5912,True,6.3686,644.8616,-0.4686,3.0566,1330115.2477,0.0,0.86,0,True,42
TBI0007,sham,2,3,4,1,10,three_prong_clamp,0,0,0,False,0.0,0.0,0.0,240,3000,3000,0.5,1000,30,20,3.4381,0.059,28.0163,True,10.6592,861.9696,0.102,3.163,2704287.7244,0.0,0.892,0,True,42
TBI0007,sham,2,3,5,2,10,three_prong_clamp,0,0,0,False,0.0,0.0,0.0,240,3000,3000,0.5,1000,30,20,2.789,0.0908,11.8721,True,14.7194,733.3856,0.0408,3.4288,1949760.2539,0.0,0.8553,0,True,42
TBI0007,sham,2,3,6,3,10,three_prong_clamp,0,0,0,False,0.0,0.0,0.0,240,3000,3000,0.5,1000,30,20,3.2,0.0506,4.8814,True,-7.6205,862.0527,-0.0171,3.8691,2803584.2545,0.25,0.8056,0,True,42
TBI0008,sham,1,3,4,1,10,three_prong_clamp,0,0,0,False,0.0,0.0,0.0,240,3000,3000,0.5,1000,30,20,2.7742,0.0922,6.1874,True,2.3556,711.1178,-0.326,2.5853,1379628.7645,0.0,0.9019,0,True,42
TBI0008,sham,1,3,5,2,10,three_prong_clamp,0,0,0,False,0.0,0.0,0.0,240,3000,3000,0.5,1000,30,20,3.1958,0.0445,43.8086,True,4.7656,592.7532,0.2195,3.1448,1084166.0044,0.0,0.7758,0,True,42
TBI0008,sham,1,3,6,3,10,three_prong_clamp,0,0,0,False,0.0,0.0,0.0,240,3000,3000,0.5,1000,30,20,2.2819,0.0475,22.3392,True,-10.6009,635.9241,0.2077,2.8849,1127388.0011,0.25,0.8389,0,True,42
TBI0009,sham,2,3,4,1,10,three_prong_clamp,0,0,0,False,0.0,0.0,0.0,240,3000,3000,0.5,1000,30,20,2.7438,0.0816,7.1903,True,-6.0756,536.6052,-0.6189,3.5869,824578.6811,0.0,0.8234,0,True,42
TBI0009,sham,2,3,5,2,10,three_prong_clamp,0,0,0,False,0.0,0.0,0.0,240,3000,3000,0.5,1000,30,20,3.4091,0.0903,3.5723,True,-16.5639,523.2277,-0.3882,2.7207,737697.6316,0.0,0.826,0,True,42
TBI0009,sham,2,3,6,3,10,three_prong_clamp,0,0,0,False,0.0,0.0,0.0,240,3000,3000,0.5,1000,30,20,2.7158,0.077,4.3485,True,-6.8506,711.6929,0.034,4.0376,2153443.8773,0.0,0.8665,0,True,42
TBI0010,sham,4,3,4,1,10,three_prong_clamp,0,0,0,False,0.0,0.0,0.0,240,3000,3000,0.5,1000,30,20,3.5033,0.0752,12.3063,True,-10.8783,539.5526,-0.0206,2.5954,786172.4409,0.0,0.8924,0,True,42
TBI0010,sham,4,3,5,2,10,three_prong_clamp,0,0,0,False,0.0,0.0,0.0,240,3000,3000,0.5,1000,30,20,3.0608,0.056,10.5619,True,-2.6854,558.2317,-0.3547,3.1897,1130553.9328,0.0,0.8769,0,True,42
TBI0010,sham,4,3,6,3,10,three_prong_clamp,0,0,0,False,0.0,0.0,0.0,240,3000,3000,0.5,1000,30,20,2.7892,0.0756,1.6689,True,9.1703,499.6172,-0.3221,3.5852,685035.2176,0.0,0.8729,0,True,42
TBI0011,sham,1,3,4,1,10,three_prong_clamp,0,0,0,False,0.0,0.0,0.0,240,3000,3000,0.5,1000,30,20,3.2327,0.0841,10.3721,True,-1.0823,355.2415,0.052,3.4381,393295.1677,0.0,0.8417,0,True,42
TBI0011,sham,1,3,5,2,10,three_prong_clamp,0,0,0,False,0.0,0.0,0.0,240,3000,3000,0.5,1000,30,20,2.8857,0.0558,3.9762,True,-12.6014,606.0787,-0.2048,3.7281,1311628.7682,0.0,0.8505,0,True,42
TBI0011,sham,1,3,6,3,10,three_prong_clamp,0,0,0,False,0.0,0.0,0.0,240,3000,3000,0.5,1000,30,20,2.4734,0.0835,4.117,True,-7.4138,646.1357,0.1767,2.8705,1322795.6968,0.25,0.9754,0,True,42
TBI0012,sham,3,3,4,1,10,three_prong_clamp,0,0,0,False,0.0,0.0,0.0,240,3000,3000,0.5,1000,30,20,1.9784,0.0953,87.0897,False,3.1615,724.911,-0.7446,3.885,2101511.3658,0.0,0.8968,0,True,42
TBI0012,sham,3,3,5,2,10,three_prong_clamp,0,0,0,False,0.0,0.0,0.0,240,3000,3000,0.5,1000,30,20,3.3093,0.0963,8.4617,True,5.1283,649.7396,-0.204,3.1566,1318525.5087,0.0,0.8042,0,True,42
TBI0012,sham,3,3,6,3,10,three_prong_clamp,0,0,0,False,0.0,0.0,0.0,240,3000,3000,0.5,1000,30,20,2.7958,0.107,25.877,True,1.726,627.6161,0.3066,3.4503,1467412.5422,0.0,0.868,0,True,42
TBI0013,sham,1,3,4,1,10,three_prong_clamp,0,0,0,False,0.0,0.0,0.0,240,3000,3000,0.5,1000,30,20,2.8599,0.0425,13.6645,True,6.8556,527.7949,0.3677,2.3236,649606.7118,0.0,0.8978,0,True,42
TBI0013,sham,1,3,5,2,10,three_prong_clamp,0,0,0,False,0.0,0.0,0.0,240,3000,3000,0.5,1000,30,20,3.1245,0.071,13.9177,True,0.5858,591.3975,0.1503,4.44,1353079.6227,0.0,0.8923,0,True,42
TBI0013,sham,1,3,6,3,10,three_prong_clamp,0,0,0,False,0.0,0.0,0.0,240,3000,3000,0.5,1000,30,20,2.6085,0.064,23.7101,True,-0.0297,812.93,0.0661,3.2624,2123594.7241,0.0,0.8581,0,True,42
TBI0014,sham,1,3,4,1,10,three_prong_clamp,0,0,0,False,0.0,0.0,0.0,240,3000,3000,0.5,1000,30,20,3.3174,0.1066,3.077,True,-0.8603,789.1706,0.1049,4.0459,2452237.365,0.0,0.8769,0,True,42
TBI0014,sham,1,3,5,2,10,three_prong_clamp,0,0,0,False,0.0,0.0,0.0,240,3000,3000,0.5,1000,30,20,2.8479,0.1062,24.5427,True,12.8543,654.6749,-0.5732,3.3025,1402950.185,0.0,0.7417,0,True,42
TBI0014,sham,1,3,6,3,10,three_prong_clamp,0,0,0,False,0.0,0.0,0.0,240,3000,3000,0.5,1000,30,20,2.4657,0.07,3.6805,True,-2.0595,449.2464,-0.0255,2.8621,529990.7181,0.25,0.7971,0,True,42
TBI0015,sham,3,3,4,1,10,three_prong_clamp,0,0,0,False,0.0,0.0,0.0,240,3000,3000,0.5,1000,30,20,3.1177,0.1264,8.4563,True,-6.5651,1034.4392,-0.2933,2.7682,2700041.0458,0.0,0.84,0,True,42
TBI0015,sham,3,3,5,2,10,three_prong_clamp,0,0,0,False,0.0,0.0,0.0,240,3000,3000,0.5,1000,30,20,3.1585,0.1063,23.7882,True,5.9438,713.1803,-0.0845,3.6681,1704970.5435,0.0,0.9079,0,True,42
TBI0015,sham,3,3,6,3,10,three_prong_clamp,0,0,0,False,0.0,0.0,0.0,240,3000,3000,0.5,1000,30,20,3.2169,0.0716,7.4706,True,2.9566,444.454,-0.1261,3.7642,865372.5829,0.0,0.8307,0,True,42
TBI0016,sham,4,3,4,1,10,three_prong_clamp,0,0,0,False,0.0,0.0,0.0,240,3000,3000,0.5,1000,30,20,2.6286,0.0827,78.8147,False,5.0553,544.1551,0.0504,3.7201,886615.7951,0.0,0.9014,0,True,42
TBI0016,sham,4,3,5,2,10,three_prong_clamp,0,0,0,False,0.0,0.0,0.0,240,3000,3000,0.5,1000,30,20,2.811,0.0701,15.6089,True,-2.9482,316.1419,-0.2969,2.7378,309535.3063,0.0,0.9375,0,True,42
TBI0016,sham,4,3,6,3,10,three_prong_clamp,0,0,0,False,0.0,0.0,0.0,240,3000,3000,0.5,1000,30,20,2.7766,0.0561,16.913,True,4.0897,707.6374,0.7925,3.2689,1705770.3552,0.25,0.8713,0,True,42
TBI0017,sham,1,3,4,1,10,three_prong_clamp,0,0,0,False,0.0,0.0,0.0,240,3000,3000,0.5,1000,30,20,3.2322,0.047,7.6813,True,8.2022,705.0636,0.3021,2.9845,1540645.6624,0.25,0.7867,0,True,42
TBI0017,sham,1,3,5,2,10,three_prong_clamp,0,0,0,False,0.0,0.0,0.0,240,3000,3000,0.5,1000,30,20,3.1612,0.0626,13.0077,True,12.5189,817.2806,0.2022,2.9172,2040745.1261,0.0,0.8733,0,True,42
TBI0017,sham,1,3,6,3,10,three_prong_clamp,0,0,0,False,0.0,0.0,0.0,240,3000,3000,0.5,1000,30,20,3.1833,0.0981,5.1022,True,3.1026,1990.3828,0.9143,5.7272,22201482.0427,0.75,0.645,1,True,42
TBI0018,sham,4,3,4,1,10,three_prong_clamp,0,0,0,False,0.0,0.0,0.0,240,3000,3000,0.5,1000,30,20,3.2768,0.0687,8.131,True,4.7297,1832.5776,0.4546,5.6791,18333169.2876,1.5,0.6119,1,True,42
TBI0018,sham,4,3,5,2,10,three_prong_clamp,0,0,0,False,0.0,0.0,0.0,240,3000,3000,0.5,1000,30,20,2.9936,0.082,15.1081,True,2.1005,710.6134,0.0937,2.8391,1565238.1724,0.0,0.8419,0,True,42
TBI0018,sham,4,3,6,3,10,three_prong_clamp,0,0,0,False,0.0,0.0,0.0,240,3000,3000,0.5,1000,30,20,2.9118,0.0764,33.7803,True,1.274,672.5343,-0.1565,3.6046,1335154.9313,0.0,0.9673,0,True,42
TBI0019,sham,3,3,4,1,10,three_prong_clamp,0,0,0,False,0.0,0.0,0.0,240,3000,3000,0.5,1000,30,20,2.5612,0.0941,26.3967,True,-6.9419,565.4988,0.1621,3.023,1107973.5344,0.25,0.9189,0,True,42
TBI0019,sham,3,3,5,2,10,three_prong_clamp,0,0,0,False,0.0,0.0,0.0,240,3000,3000,0.5,1000,30,20,3.2881,0.0489,11.5332,True,-11.4944,537.4683,-0.3457,2.9747,889162.6191,0.0,0.8951,0,True,42
TBI0019,sham,3,3,6,3,10,three_prong_clamp,0,0,0,False,0.0,0.0,0.0,240,3000,3000,0.5,1000,30,20,2.9125,0.0818,13.3769,True,6.6096,565.7222,0.3619,3.826,1100494.6673,0.0,0.8008,0,True,42
TBI0020,sham,4,3,4,1,10,three_prong_clamp,0,0,0,False,0.0,0.0,0.0,240,3000,3000,0.5,1000,30,20,3.0793,0.0398,11.7815,True,-5.0215,942.4698,0.1163,3.4593,3422416.3589,0.0,0.871,0,True,42
TBI0020,sham,4,3,5,2,10,three_prong_clamp,0,0,0,False,0.0,0.0,0.0,240,3000,3000,0.5,1000,30,20,3.6683,0.0867,6.911,True,-11.5248,586.5419,0.2859,3.1755,933993.4071,0.0,0.8804,0,True,42
TBI0020,sham,4,3,6,3,10,three_prong_clamp,0,0,0,False,0.0,0.0,0.0,240,3000,3000,0.5,1000,30,20,3.0694,0.0695,13.2567,True,-3.6826,448.8257,0.2547,2.8434,542795.215,0.0,0.8371,0,True,42
TBI0021,sham,1,3,4,1,10,three_prong_clamp,0,0,0,False,0.0,0.0,0.0,240,3000,3000,0.5,1000,30,20,3.2932,0.0641,20.0547,True,-3.3733,357.5978,0.2302,3.5371,447222.1704,0.5,0.7897,0,True,42
TBI0021,sham,1,3,5,2,10,three_prong_clamp,0,0,0,False,0.0,0.0,0.0,240,3000,3000,0.5,1000,30,20,3.0879,0.0773,8.9071,True,5.0242,562.4564,-0.1565,3.9765,1323369.7616,0.0,0.8392,0,True,42
TBI0021,sham,1,3,6,3,10,three_prong_clamp,0,0,0,False,0.0,0.0,0.0,240,3000,3000,0.5,1000,30,20,2.6373,0.054,4.2173,True,-1.8513,755.739,-0.066,2.8436,2150981.337,0.0,0.8814,0,True,42
TBI0022,sham,3,3,4,1,10,three_prong_clamp,0,0,0,False,0.0,0.0,0.0,240,3000,3000,0.5,1000,30,20,2.8853,0.0455,81.9235,False,0.1367,575.5062,0.1872,3.0975,1010836.725,0.25,0.8561,0,True,42
TBI0022,sham,3,3,5,2,10,three_prong_clamp,0,0,0,False,0.0,0.0,0.0,240,3000,3000,0.5,1000,30,20,3.162,0.0591,22.4556,True,0.8165,731.5226,-0.2496,3.6579,2287639.763,0.5,0.9028,0,True,42
TBI0022,sham,3,3,6,3,10,three_prong_clamp,0,0,0,False,0.0,0.0,0.0,240,3000,3000,0.5,1000,30,20,3.3955,0.0899,12.1045,True,-9.3641,697.4621,0.2468,2.9434,1407857.5793,0.25,0.8054,0,True,42
TBI0023,sham,4,3,4,1,10,three_prong_clamp,0,0,0,False,0.0,0.0,0.0,240,3000,3000,0.5,1000,30,20,2.3963,0.0806,11.048,True,4.9357,381.8085,-0.2408,3.0635,382035.9131,0.0,0.8285,0,True,42
TBI0023,sham,4,3,5,2,10,three_prong_clamp,0,0,0,False,0.0,0.0,0.0,240,3000,3000,0.5,1000,30,20,2.462,0.0871,5.4479,True,-2.4992,672.9399,0.3222,6.3786,2129721.3059,0.5,0.6691,1,True,42
TBI0023,sham,4,3,6,3,10,three_prong_clamp,0,0,0,False,0.0,0.0,0.0,240,3000,3000,0.5,1000,30,20,3.0687,0.0769,5.3442,True,1.6656,1009.3629,1.1887,3.9791,3902939.3509,0.5,0.606,1,True,42
TBI0024,sham,2,3,4,1,10,three_prong_clamp,0,0,0,False,0.0,0.0,0.0,240,3000,3000,0.5,1000,30,20,2.8431,0.1186,8.1302,True,10.9037,430.3169,0.1829,3.5503,544029.3089,0.0,0.8923,0,True,42
TBI0024,sham,2,3,5,2,10,three_prong_clamp,0,0,0,False,0.0,0.0,0.0,240,3000,3000,0.5,1000,30,20,3.3329,0.0664,6.7721,True,7.7369,505.9292,0.0197,3.3872,889124.0534,0.0,0.809,0,True,42
TBI0024,sham,2,3,6,3,10,three_prong_clamp,0,0,0,False,0.0,0.0,0.0,240,3000,3000,0.5,1000,30,20,3.2063,0.0372,2.7029,True,4.4945,623.598,-0.065,2.9812,1321339.5855,0.0,0.8886,0,True,42
TBI0025,sham,3,3,4,1,10,three_prong_clamp,0,0,0,False,0.0,0.0,0.0,240,3000,3000,0.5,1000,30,20,2.9516,0.046,15.3013,True,3.5036,597.354,0.2073,2.8897,892211.6107,0.0,0.844,0,True,42
TBI0025,sham,3,3,5,2,10,three_prong_clamp,0,0,0,False,0.0,0.0,0.0,240,3000,3000,0.5,1000,30,20,3.0369,0.0988,81.4827,False,4.8683,831.8566,0.1556,3.3228,2194197.8195,0.0,0.905,0,True,42
TBI0025,sham,3,3,6,3,10,three_prong_clamp,0,0,0,False,0.0,0.0,0.0,240,3000,3000,0.5,1000,30,20,3.2163,0.0858,11.9384,True,2.0324,859.078,0.1311,3.4623,2683421.8908,0.0,0.878,0,True,42
TBI0026,sham,1,3,4,1,10,three_prong_clamp,0,0,0,False,0.0,0.0,0.0,240,3000,3000,0.5,1000,30,20,3.0357,0.0686,22.9323,True,-7.0821,1100.3148,0.2968,3.3297,3751371.3101,0.0,0.8611,0,True,42
TBI0026,sham,1,3,5,2,10,three_prong_clamp,0,0,0,False,0.0,0.0,0.0,240,3000,3000,0.5,1000,30,20,3.0938,0.1603,15.5169,True,-8.0264,381.5267,-0.0494,2.8414,388891.3534,0.0,0.8058,0,True,42
TBI0026,sham,1,3,6,3,10,three_prong_clamp,0,0,0,False,0.0,0.0,0.0,240,3000,3000,0.5,1000,30,20,2.9505,0.0757,4.7392,True,-1.9894,599.3926,-0.1932,2.4298,857351.4024,0.0,0.8498,0,True,42
TBI0027,sham,3,3,4,1,10,three_prong_clamp,0,0,0,False,0.0,0.0,0.0,240,3000,3000,0.5,1000,30,20,3.4432,0.0557,10.9265,True,2.5028,586.7509,-0.2803,3.1763,1158737.1996,0.25,0.8053,0,True,42
TBI0027,sham,3,3,5,2,10,three_prong_clamp,0,0,0,False,0.0,0.0,0.0,240,3000,3000,0.5,1000,30,20,2.3344,0.09,4.2812,True,0.834,313.2071,0.3251,3.5942,313262.7607,0.0,0.9247,0,True,42
TBI0027,sham,3,3,6,3,10,three_prong_clamp,0,0,0,False,0.0,0.0,0.0,240,3000,3000,0.5,1000,30,20,3.3196,0.0439,31.9633,True,15.9043,2051.7105,0.2289,5.6472,26549260.0295,1.0,0.618,1,True,42
TBI0028,sham,4,3,4,1,10,three_prong_clamp,0,0,0,False,0.0,0.0,0.0,240,3000,3000,0.5,1000,30,20,3.3522,0.0761,12.5112,True,15.6591,676.9633,-0.0251,3.3704,1500684.068,0.0,0.9071,0,True,42
TBI0028,sham,4,3,5,2,10,three_prong_clamp,0,0,0,False,0.0,0.0,0.0,240,3000,3000,0.5,1000,30,20,2.9896,0.1118,20.3447,True,15.2646,1578.976,0.883,4.3526,10649089.2966,1.0,0.6202,1,True,42
TBI0028,sham,4,3,6,3,10,three_prong_clamp,0,0,0,False,0.0,0.0,0.0,240,3000,3000,0.5,1000,30,20,2.5708,0.0703,17.4091,True,9.4115,1607.7683,0.624,7.2533,18095775.6671,0.75,0.6312,1,True,42
TBI0029,sham,2,3,4,1,10,three_prong_clamp,0,0,0,False,0.0,0.0,0.0,240,3000,3000,0.5,1000,30,20,3.4412,0.0876,5.8664,True,-15.7959,523.3954,-0.0741,2.6075,735386.8377,0.0,0.8133,0,True,42
TBI0029,sham,2,3,5,2,10,three_prong_clamp,0,0,0,False,0.0,0.0,0.0,240,3000,3000,0.5,1000,30,20,3.2788,0.0497,10.1407,True,-5.8966,824.5042,-0.1994,2.8476,1955783.1,0.0,0.8899,0,True,42
TBI0029,sham,2,3,6,3,10,three_prong_clamp,0,0,0,False,0.0,0.0,0.0,240,3000,3000,0.5,1000,30,20,2.8767,0.0637,10.9547,True,-7.5127,414.0515,-0.1209,2.5111,379560.6824,0.25,0.8216,0,True,42
TBI0030,sham,2,3,4,1,10,three_prong_clamp,0,0,0,False,0.0,0.0,0.0,240,3000,3000,0.5,1000,30,20,2.9658,0.1088,11.0927,True,-5.035,615.6631,0.365,3.6214,1279635.1,0.0,1.0,0,True,42
TBI0030,sham,2,3,5,2,10,three_prong_clamp,0,0,0,False,0.0,0.0,0.0,240,3000,3000,0.5,1000,30,20,2.4959,0.064,17.5803,True,-1.2077,617.6215,0.5586,3.9502,1592846.2008,0.0,0.8631,0,True,42
TBI0030,sham,2,3,6,3,10,three_prong_clamp,0,0,0,False,0.0,0.0,0.0,240,3000,3000,0.5,1000,30,20,3.1399,0.0837,15.7781,True,-1.8843,570.3842,0.6253,3.6073,1168265.1906,0.0,0.7642,0,True,42
TBI0031,sham,3,3,4,1,10,three_prong_clamp,0,0,0,False,0.0,0.0,0.0,240,3000,3000,0.5,1000,30,20,2.7225,0.1116,38.5697,True,-6.4696,642.3876,0.4134,3.1956,1369930.2613,0.0,0.9664,0,True,42
TBI0031,sham,3,3,5,2,10,three_prong_clamp,0,0,0,False,0.0,0.0,0.0,240,3000,3000,0.5,1000,30,20,2.945,0.0993,12.5769,True,8.5295,539.5765,-0.1924,3.9338,1135268.5767,0.0,0.8127,0,True,42
TBI0031,sham,3,3,6,3,10,three_prong_clamp,0,0,0,False,0.0,0.0,0.0,240,3000,3000,0.5,1000,30,20,3.3193,0.1081,6.6521,True,-6.6268,874.088,0.0433,2.8796,2190800.7529,0.0,0.8776,0,True,42
TBI0032,sham,4,3,4,1,10,three_prong_clamp,0,0,0,False,0.0,0.0,0.0,240,3000,3000,0.5,1000,30,20,2.804,0.06,11.5369,True,-0.8592,618.4374,0.1888,2.986,1173080.182,0.0,0.8105,0,True,42
TBI0032,sham,4,3,5,2,10,three_prong_clamp,0,0,0,False,0.0,0.0,0.0,240,3000,3000,0.5,1000,30,20,3.3603,0.1046,1.8747,True,1.3886,589.3277,-0.429,3.7261,1207793.821,0.0,0.8604,0,True,42
TBI0032,sham,4,3,6,3,10,three_prong_clamp,0,0,0,False,0.0,0.0,0.0,240,3000,3000,0.5,1000,30,20,3.0453,0.0346,8.9986,True,9.4106,1837.7704,0.7317,5.7823,19430514.7344,0.5,0.5835,1,True,42
TBI0033,sham,4,3,4,1,10,three_prong_clamp,0,0,0,False,0.0,0.0,0.0,240,3000,3000,0.5,1000,30,20,2.9533,0.0596,42.0326,True,8.0854,698.7165,0.3418,2.8451,1162941.3106,0.0,0.8498,0,True,42
TBI0033,sham,4,3,5,2,10,three_prong_clamp,0,0,0,False,0.0,0.0,0.0,240,3000,3000,0.5,1000,30,20,3.7377,0.0459,6.7087,True,-1.7456,910.927,0.003,3.5881,3215642.3165,0.25,0.8526,0,True,42
TBI0033,sham,4,3,6,3,10,three_prong_clamp,0,0,0,False,0.0,0.0,0.0,240,3000,3000,0.5,1000,30,20,3.2448,0.1009,5.4216,True,-4.5402,703.4332,-0.0238,3.4572,1667210.6158,0.0,0.9434,0,True,42
TBI0034,sham,4,3,4,1,10,three_prong_clamp,0,0,0,False,0.0,0.0,0.0,240,3000,3000,0.5,1000,30,20,3.1381,0.2248,4.3038,False,7.8999,1022.6406,0.3549,4.3306,3834530.9668,0.25,0.8049,0,True,42
TBI0034,sham,4,3,5,2,10,three_prong_clamp,0,0,0,False,0.0,0.0,0.0,240,3000,3000,0.5,1000,30,20,3.1772,0.0801,25.2098,True,-1.342,539.5703,-0.166,4.124,1193349.3668,0.0,0.7742,0,True,42
TBI0034,sham,4,3,6,3,10,three_prong_clamp,0,0,0,False,0.0,0.0,0.0,240,3000,3000,0.5,1000,30,20,2.9069,0.0815,5.2013,True,4.6158,814.4711,0.1228,3.6752,2732616.026,0.25,0.8438,0,True,42
TBI0035,sham,1,3,4,1,10,three_prong_clamp,0,0,0,False,0.0,0.0,0.0,240,3000,3000,0.5,1000,30,20,2.7978,0.075,7.0365,True,14.3877,402.9347,-0.1853,3.5376,697644.1753,0.0,0.9236,0,True,42
TBI0035,sham,1,3,5,2,10,three_prong_clamp,0,0,0,False,0.0,0.0,0.0,240,3000,3000,0.5,1000,30,20,3.1183,0.0612,25.083,True,0.6464,1021.9026,0.1639,4.017,4205210.2215,0.0,0.9683,0,True,42
TBI0035,sham,1,3,6,3,10,three_prong_clamp,0,0,0,False,0.0,0.0,0.0,240,3000,3000,0.5,1000,30,20,3.0334,0.1097,10.481,True,1.1979,584.9904,0.0917,4.4719,1525395.4462,0.0,0.8263,0,True,42
TBI0036,sham,3,3,4,1,10,three_prong_clamp,0,0,0,False,0.0,0.0,0.0,240,3000,3000,0.5,1000,30,20,2.5666,0.061,40.738,True,10.6458,530.5675,0.3034,4.7133,1440091.1771,0.0,0.9888,0,True,42
TBI0036,sham,3,3,5,2,10,three_prong_clamp,0,0,0,False,0.0,0.0,0.0,240,3000,3000,0.5,1000,30,20,2.7645,0.0539,6.7691,True,1.9953,1017.0448,0.3169,3.5977,3448320.0373,0.0,0.7727,0,True,42
TBI0036,sham,3,3,6,3,10,three_prong_clamp,0,0,0,False,0.0,0.0,0.0,240,3000,3000,0.5,1000,30,20,2.6813,0.0864,7.7079,True,-4.4221,878.0607,0.0897,4.1509,3535446.8925,0.0,0.8316,0,True,42
TBI0037,sham,2,3,4,1,10,three_prong_clamp,0,0,0,False,0.0,0.0,0.0,240,3000,3000,0.5,1000,30,20,2.6747,0.0534,10.1997,True,-5.8171,638.01,-0.151,2.7975,1019223.6365,0.0,0.9497,0,True,42
TBI0037,sham,2,3,5,2,10,three_prong_clamp,0,0,0,False,0.0,0.0,0.0,240,3000,3000,0.5,1000,30,20,3.2183,0.0759,20.382,True,-0.5144,595.1608,0.3212,3.0419,946746.7523,0.0,1.0,0,True,42
TBI0037,sham,2,3,6,3,10,three_prong_clamp,0,0,0,False,0.0,0.0,0.0,240,3000,3000,0.5,1000,30,20,2.947,0.0761,16.1531,True,5.2995,427.1615,0.1314,2.7741,452319.057,0.0,1.0,0,True,42
TBI0038,sham,4,3,4,1,10,three_prong_clamp,0,0,0,False,0.0,0.0,0.0,240,3000,3000,0.5,1000,30,20,3.298,0.0869,5.863,True,-5.4052,623.9857,-0.2411,3.3998,1241065.4177,0.25,0.8134,0,True,42
TBI0038,sham,4,3,5,2,10,three_prong_clamp,0,0,0,False,0.0,0.0,0.0,240,3000,3000,0.5,1000,30,20,3.2869,0.0519,5.7345,True,6.3422,388.2633,-0.3487,2.7564,419123.9732,0.25,0.8773,0,True,42
TBI0038,sham,4,3,6,3,10,three_prong_clamp,0,0,0,False,0.0,0.0,0.0,240,3000,3000,0.5,1000,30,20,2.8342,0.1039,14.1847,True,-12.6982,933.7032,-0.5005,3.5582,3577798.9496,0.0,0.9073,0,True,42
TBI0039,sham,4,3,4,1,10,three_prong_clamp,0,0,0,False,0.0,0.0,0.0,240,3000,3000,0.5,1000,30,20,2.8187,0.0949,5.1417,True,7.1198,647.3807,-0.0423,3.8018,1586243.3833,0.0,0.8987,0,True,42
TBI0039,sham,4,3,5,2,10,three_prong_clamp,0,0,0,False,0.0,0.0,0.0,240,3000,3000,0.5,1000,30,20,3.3653,0.0552,7.6851,True,12.5622,779.7682,0.2766,2.4089,1356664.0134,0.0,0.8402,0,True,42
TBI0039,sham,4,3,6,3,10,three_prong_clamp,0,0,0,False,0.0,0.0,0.0,240,3000,3000,0.5,1000,30,20,3.0387,0.3295,19.4856,False,-3.1863,695.5123,0.2428,3.572,1562087.2462,0.0,0.8651,0,True,42
TBI0040,sham,1,3,4,1,10,three_prong_clamp,0,0,0,False,0.0,0.0,0.0,240,3000,3000,0.5,1000,30,20,3.219,0.0695,7.5601,True,-2.7964,547.8924,0.2525,3.3871,912767.2112,0.0,0.9933,0,True,42
TBI0040,sham,1,3,5,2,10,three_prong_clamp,0,0,0,False,0.0,0.0,0.0,240,3000,3000,0.5,1000,30,20,3.0349,0.0408,11.5621,True,-0.1492,612.1875,-0.0408,2.7779,1092889.7001,0.0,0.9033,0,True,42
TBI0040,sham,1,3,6,3,10,three_prong_clamp,0,0,0,False,0.0,0.0,0.0,240,3000,3000,0.5,1000,30,20,2.7469,0.0494,10.0917,True,-7.6889,514.2535,0.202,2.7219,605681.1129,0.0,0.9227,0,True,42
TBI0041,sham,3,3,4,1,10,three_prong_clamp,0,0,0,False,0.0,0.0,0.0,240,3000,3000,0.5,1000,30,20,2.726,0.0763,7.8042,True,0.0005,613.8065,0.0159,3.6459,1392503.4161,0.0,0.9497,0,True,42
TBI0041,sham,3,3,5,2,10,three_prong_clamp,0,0,0,False,0.0,0.0,0.0,240,3000,3000,0.5,1000,30,20,3.1972,0.0763,33.5274,True,-3.8236,545.8924,0.0377,3.7293,1075362.6028,0.25,0.7778,0,True,42
TBI0041,sham,3,3,6,3,10,three_prong_clamp,0,0,0,False,0.0,0.0,0.0,240,3000,3000,0.5,1000,30,20,3.3186,0.0494,25.0755,True,4.2197,555.173,-0.5503,3.7238,1212690.3878,0.0,0.8661,0,True,42
TBI0042,sham,2,3,4,1,10,three_prong_clamp,0,0,0,False,0.0,0.0,0.0,240,3000,3000,0.5,1000,30,20,3.1528,0.0702,8.6238,True,13.5179,981.008,0.0627,3.7269,3184091.1222,0.0,0.8893,0,True,42
TBI0042,sham,2,3,5,2,10,three_prong_clamp,0,0,0,False,0.0,0.0,0.0,240,3000,3000,0.5,1000,30,20,2.626,0.0525,27.1345,True,11.1301,493.5296,0.2119,3.3563,955631.9517,0.0,0.8908,0,True,42
TBI0042,sham,2,3,6,3,10,three_prong_clamp,0,0,0,False,0.0,0.0,0.0,240,3000,3000,0.5,1000,30,20,2.9524,0.0963,20.1593,True,7.0052,672.2395,0.1451,3.3099,1558344.2086,0.25,0.7785,0,True,42
TBI0043,sham,1,3,4,1,10,three_prong_clamp,0,0,0,False,0.0,0.0,0.0,240,3000,3000,0.5,1000,30,20,3.698,0.0569,12.7681,True,13.4938,681.1253,0.2039,2.9434,1292865.6028,0.25,0.8467,0,True,42
TBI0043,sham,1,3,5,2,10,three_prong_clamp,0,0,0,False,0.0,0.0,0.0,240,3000,3000,0.5,1000,30,20,2.7526,0.0455,6.499,True,-0.9719,797.7528,0.1703,3.8898,2307828.6489,0.0,0.8303,0,True,42
TBI0043,sham,1,3,6,3,10,three_prong_clamp,0,0,0,False,0.0,0.0,0.0,240,3000,3000,0.5,1000,30,20,3.0145,0.1176,3.1099,True,10.8486,634.7937,-0.0317,3.0069,1178903.3067,0.0,0.96,0,True,42
TBI0044,sham,3,3,4,1,10,three_prong_clamp,0,0,0,False,0.0,0.0,0.0,240,3000,3000,0.5,1000,30,20,3.0223,0.0865,11.3299,True,-9.5056,567.7234,0.1514,2.2773,640592.9328,0.0,0.8571,0,True,42
TBI0044,sham,3,3,5,2,10,three_prong_clamp,0,0,0,False,0.0,0.0,0.0,240,3000,3000,0.5,1000,30,20,2.95,0.0563,5.8576,True,-7.6435,369.1079,0.1267,2.9638,369351.2591,0.0,0.8867,0,True,42
TBI0044,sham,3,3,6,3,10,three_prong_clamp,0,0,0,False,0.0,0.0,0.0,240,3000,3000,0.5,1000,30,20,2.8116,0.1091,18.7491,True,4.7014,1439.3471,0.4937,5.9108,12595916.28,1.25,0.7021,1,True,42
TBI0045,sham,2,3,4,1,10,three_prong_clamp,0,0,0,False,0.0,0.0,0.0,240,3000,3000,0.5,1000,30,20,2.877,0.0463,3.3683,True,12.44,1396.6583,0.9379,6.3111,12689637.1484,0.75,0.6356,1,True,42
TBI0045,sham,2,3,5,2,10,three_prong_clamp,0,0,0,False,0.0,0.0,0.0,240,3000,3000,0.5,1000,30,20,3.235,0.0657,10.5903,True,22.1184,4031.1837,0.9635,12.7603,199733136.8586,3.75,0.2182,2,True,42
TBI0045,sham,2,3,6,3,10,three_prong_clamp,0,0,0,False,0.0,0.0,0.0,240,3000,3000,0.5,1000,30,20,3.0659,0.0737,7.3997,True,7.5262,1623.6452,0.9173,7.06,18061232.5913,1.0,0.6018,1,True,42
TBI0046,sham,3,3,4,1,10,three_prong_clamp,0,0,0,False,0.0,0.0,0.0,240,3000,3000,0.5,1000,30,20,3.1105,0.088,18.25,True,-7.9259,507.376,0.0567,2.6575,660709.4228,0.25,0.8523,0,True,42
TBI0046,sham,3,3,5,2,10,three_prong_clamp,0,0,0,False,0.0,0.0,0.0,240,3000,3000,0.5,1000,30,20,3.0157,0.0818,7.5215,True,2.3843,443.5888,0.3998,3.3482,627410.4921,0.0,0.8297,0,True,42
TBI0046,sham,3,3,6,3,10,three_prong_clamp,0,0,0,False,0.0,0.0,0.0,240,3000,3000,0.5,1000,30,20,2.8668,0.0485,2.55,True,-10.3584,1090.5657,0.4325,2.5693,2751816.6905,0.0,1.0,0,True,42
TBI0047,sham,2,3,4,1,10,three_prong_clamp,0,0,0,False,0.0,0.0,0.0,240,3000,3000,0.5,1000,30,20,3.1968,0.0793,20.9395,True,-0.2326,730.2919,-0.0685,3.3058,1775100.6671,0.0,0.8359,0,True,42
TBI0047,sham,2,3,5,2,10,three_prong_clamp,0,0,0,False,0.0,0.0,0.0,240,3000,3000,0.5,1000,30,20,2.7103,0.1077,5.2128,True,-8.0023,619.9178,-0.2757,2.9043,1089704.7741,0.0,0.8502,0,True,42
TBI0047,sham,2,3,6,3,10,three_prong_clamp,0,0,0,False,0.0,0.0,0.0,240,3000,3000,0.5,1000,30,20,3.2833,0.1036,3.925,True,-5.8712,440.3519,0.1853,3.2207,563164.0185,0.0,0.8463,0,True,42
TBI0048,sham,3,3,4,1,10,three_prong_clamp,0,0,0,False,0.0,0.0,0.0,240,3000,3000,0.5,1000,30,20,2.8197,0.0688,26.289,True,-9.8528,652.8163,-0.1682,3.3897,1497792.6076,0.0,0.8078,0,True,42
TBI0048,sham,3,3,5,2,10,three_prong_clamp,0,0,0,False,0.0,0.0,0.0,240,3000,3000,0.5,1000,30,20,2.8484,0.072,2.7914,True,7.1705,626.6491,0.0524,3.0469,1175474.4209,0.0,0.8965,0,True,42
TBI0048,sham,3,3,6,3,10,three_prong_clamp,0,0,0,False,0.0,0.0,0.0,240,3000,3000,0.5,1000,30,20,3.241,0.0718,8.7034,True,-1.8249,915.8664,-0.0626,2.782,2148850.7066,0.25,0.9426,0,True,42
TBI0049,sham,4,3,4,1,10,three_prong_clamp,0,0,0,False,0.0,0.0,0.0,240,3000,3000,0.5,1000,30,20,2.82,0.0682,5.4593,True,0.8087,761.9645,0.2257,2.325,1533691.66,0.0,0.9103,0,True,42
TBI0049,sham,4,3,5,2,10,three_prong_clamp,0,0,0,False,0.0,0.0,0.0,240,3000,3000,0.5,1000,30,20,3.0855,0.061,4.5349,True,10.28,687.9146,0.1257,3.2296,1375618.4375,0.0,0.8084,0,True,42
TBI0049,sham,4,3,6,3,10,three_prong_clamp,0,0,0,False,0.0,0.0,0.0,240,3000,3000,0.5,1000,30,20,2.6815,0.0996,13.2271,True,-8.8184,705.6804,0.006,2.7072,1180499.6907,0.0,0.8938,0,True,42
TBI0050,sham,3,3,4,1,10,three_prong_clamp,0,0,0,False,0.0,0.0,0.0,240,3000,3000,0.5,1000,30,20,3.0793,0.0616,13.571,True,-8.9716,841.0689,0.3454,3.4599,2657222.8813,0.0,0.8447,0,True,42
TBI0050,sham,3,3,5,2,10,three_prong_clamp,0,0,0,False,0.0,0.0,0.0,240,3000,3000,0.5,1000,30,20,2.6661,0.076,9.2988,True,9.4124,703.8965,0.1396,3.5613,1850819.4502,0.25,1.0,0,True,42
TBI0050,sham,3,3,6,3,10,three_prong_clamp,0,0,0,False,0.0,0.0,0.0,240,3000,3000,0.5,1000,30,20,2.8244,0.0554,10.5024,True,-2.1371,412.3307,0.0479,2.5961,409399.6623,0.0,0.932,0,True,42
TBI0051,sham,3,3,4,1,10,three_prong_clamp,0,0,0,False,0.0,0.0,0.0,240,3000,3000,0.5,1000,30,20,2.8941,0.0532,21.658,True,-3.6311,426.6103,0.235,3.2833,718569.6016,0.0,0.8737,0,True,42
TBI0051,sham,3,3,5,2,10,three_prong_clamp,0,0,0,False,0.0,0.0,0.0,240,3000,3000,0.5,1000,30,20,3.0001,0.0628,14.0431,True,-5.9794,827.4406,-0.1461,3.0261,1981988.2249,0.0,0.8899,0,True,42
TBI0051,sham,3,3,6,3,10,three_prong_clamp,0,0,0,False,0.0,0.0,0.0,240,3000,3000,0.5,1000,30,20,3.286,0.0583,2.63,True,11.9354,497.466,-0.3133,3.5964,933022.4692,0.25,0.9886,0,True,42
TBI0052,sham,1,3,4,1,10,three_prong_clamp,0,0,0,False,0.0,0.0,0.0,240,3000,3000,0.5,1000,30,20,2.3878,0.0612,2.7254,True,3.0867,782.3377,-0.0307,3.1119,1821210.8817,0.25,0.8341,0,True,42
TBI0052,sham,1,3,5,2,10,three_prong_clamp,0,0,0,False,0.0,0.0,0.0,240,3000,3000,0.5,1000,30,20,2.7415,0.0622,12.7989,True,1.9905,759.8241,0.4315,3.1041,1742044.993,0.5,0.803,0,True,42
TBI0052,sham,1,3,6,3,10,three_prong_clamp,0,0,0,False,0.0,0.0,0.0,240,3000,3000,0.5,1000,30,20,3.3238,0.0917,25.1746,True,2.8936,533.3907,0.1756,3.1992,834623.7817,0.0,0.9611,0,True,42
TBI0053,sham,1,3,4,1,10,three_prong_clamp,0,0,0,False,0.0,0.0,0.0,240,3000,3000,0.5,1000,30,20,2.7848,0.0743,12.979,True,-0.4462,446.2565,0.4235,3.1859,569628.4669,0.0,0.8863,0,True,42
TBI0053,sham,1,3,5,2,10,three_prong_clamp,0,0,0,False,0.0,0.0,0.0,240,3000,3000,0.5,1000,30,20,2.8553,0.0602,8.0773,True,-5.33,612.3237,0.1749,2.8278,1267549.381,0.0,0.9026,0,True,42
TBI0053,sham,1,3,6,3,10,three_prong_clamp,0,0,0,False,0.0,0.0,0.0,240,3000,3000,0.5,1000,30,20,2.8037,0.0659,12.8942,True,7.0178,340.0828,-0.3348,3.2485,357381.2978,0.0,0.9376,0,True,42
TBI0054,sham,2,3,4,1,10,three_prong_clamp,0,0,0,False,0.0,0.0,0.0,240,3000,3000,0.5,1000,30,20,2.9978,0.0704,20.2235,True,0.5786,552.4786,0.5059,2.7679,974880.9451,0.0,0.7971,0,True,42
TBI0054,sham,2,3,5,2,10,three_prong_clamp,0,0,0,False,0.0,0.0,0.0,240,3000,3000,0.5,1000,30,20,3.1804,0.0623,19.7049,True,1.7844,575.4364,0.2251,3.9197,1526727.9781,0.0,0.8128,0,True,42
TBI0054,sham,2,3,6,3,10,three_prong_clamp,0,0,0,False,0.0,0.0,0.0,240,3000,3000,0.5,1000,30,20,3.1309,0.0388,13.2395,True,-0.4112,470.8855,0.3642,3.3981,727325.0441,0.0,0.8753,0,True,42
TBI0055,sham,2,3,4,1,10,three_prong_clamp,0,0,0,False,0.0,0.0,0.0,240,3000,3000,0.5,1000,30,20,2.2125,0.0551,4.1925,True,-4.7365,537.3662,-0.1066,3.2363,1140403.5163,0.0,0.9886,0,True,42
TBI0055,sham,2,3,5,2,10,three_prong_clamp,0,0,0,False,0.0,0.0,0.0,240,3000,3000,0.5,1000,30,20,2.9947,0.0543,3.7158,True,10.5623,280.3129,-0.1242,2.7583,206747.0164,0.0,0.938,0,True,42
TBI0055,sham,2,3,6,3,10,three_prong_clamp,0,0,0,False,0.0,0.0,0.0,240,3000,3000,0.5,1000,30,20,2.283,0.0874,2.2632,True,5.4923,504.5507,0.5664,4.5434,1263727.0799,0.0,0.8296,0,True,42
TBI0056,sham,3,3,4,1,10,three_prong_clamp,0,0,0,False,0.0,0.0,0.0,240,3000,3000,0.5,1000,30,20,3.222,0.0806,21.036,True,-2.4216,429.8,0.2957,2.9735,569485.2634,0.0,0.8982,0,True,42
TBI0056,sham,3,3,5,2,10,three_prong_clamp,0,0,0,False,0.0,0.0,0.0,240,3000,3000,0.5,1000,30,20,2.7039,0.0782,7.8046,True,-0.0346,265.794,0.3098,2.6639,187239.5663,0.0,0.8767,0,True,42
TBI0056,sham,3,3,6,3,10,three_prong_clamp,0,0,0,False,0.0,0.0,0.0,240,3000,3000,0.5,1000,30,20,3.4998,0.0919,8.9178,True,-0.0121,382.3767,0.135,2.6107,320475.2179,0.0,0.8047,0,True,42
TBI0057,sham,1,3,4,1,10,three_prong_clamp,0,0,0,False,0.0,0.0,0.0,240,3000,3000,0.5,1000,30,20,2.5641,0.0527,16.6313,True,-9.5955,427.9925,0.0211,2.8604,506020.8488,0.0,0.9209,0,True,42
TBI0057,sham,1,3,5,2,10,three_prong_clamp,0,0,0,False,0.0,0.0,0.0,240,3000,3000,0.5,1000,30,20,3.0188,0.0747,13.6542,True,-7.8765,550.0514,-0.2258,2.6694,707189.5268,0.0,0.9122,0,True,42
TBI0057,sham,1,3,6,3,10,three_prong_clamp,0,0,0,False,0.0,0.0,0.0,240,3000,3000,0.5,1000,30,20,2.715,0.045,8.5298,True,-14.9454,317.5049,-0.2722,2.1682,196055.8299,0.0,0.7855,0,True,42
TBI0058,sham,3,3,4,1,10,three_prong_clamp,0,0,0,False,0.0,0.0,0.0,240,3000,3000,0.5,1000,30,20,2.9069,0.0706,6.1492,True,-8.5154,330.5302,-0.0033,3.2187,375865.7807,0.0,0.8458,0,True,42
TBI0058,sham,3,3,5,2,10,three_prong_clamp,0,0,0,False,0.0,0.0,0.0,240,3000,3000,0.5,1000,30,20,2.7606,0.0797,13.9532,True,-12.6934,710.5096,-0.3361,2.8909,1642058.6064,0.0,0.85,0,True,42
TBI0058,sham,3,3,6,3,10,three_prong_clamp,0,0,0,False,0.0,0.0,0.0,240,3000,3000,0.5,1000,30,20,3.0524,0.0559,14.5052,True,4.3868,646.106,-0.122,3.004,1054910.4132,0.25,0.958,0,True,42
TBI0059,sham,4,3,4,1,10,three_prong_clamp,0,0,0,False,0.0,0.0,0.0,240,3000,3000,0.5,1000,30,20,2.4899,0.1249,5.5646,True,6.5986,745.4305,-0.2243,3.2246,1787297.2407,0.0,0.8881,0,True,42
TBI0059,sham,4,3,5,2,10,three_prong_clamp,0,0,0,False,0.0,0.0,0.0,240,3000,3000,0.5,1000,30,20,3.1642,0.098,8.9856,True,2.6205,277.0597,0.3235,2.8826,207969.8529,0.0,0.8468,0,True,42
TBI0059,sham,4,3,6,3,10,three_prong_clamp,0,0,0,False,0.0,0.0,0.0,240,3000,3000,0.5,1000,30,20,3.1189,0.0589,17.3213,True,0.3314,502.5218,-0.4373,2.9425,693064.1528,0.0,0.7858,0,True,42
TBI0060,sham,3,3,4,1,10,three_prong_clamp,0,0,0,False,0.0,0.0,0.0,240,3000,3000,0.5,1000,30,20,2.7841,0.0451,9.0406,True,5.6627,698.9172,-0.4079,3.4285,1898160.9961,0.0,0.9407,0,True,42
TBI0060,sham,3,3,5,2,10,three_prong_clamp,0,0,0,False,0.0,0.0,0.0,240,3000,3000,0.5,1000,30,20,2.9173,0.0697,10.5027,True,4.178,481.6082,-0.2693,3.0878,718662.8598,0.0,0.8802,0,True,42
TBI0060,sham,3,3,6,3,10,three_prong_clamp,0,0,0,False,0.0,0.0,0.0,240,3000,3000,0.5,1000,30,20,3.1343,0.0707,6.1769,True,-11.4883,627.1277,0.5726,3.669,1308801.6594,0.0,0.9141,0,True,42
TBI0061,tbi_low,1,3,4,1,10,three_prong_clamp,200,108,3,True,195.0,191.6161,574.8483,240,3000,3000,0.5,1000,30,20,3.1344,0.0878,17.4781,True,9.0621,1938.8625,0.5456,5.5758,19528170.721,0.75,0.6799,1,True,42
TBI0061,tbi_low,1,3,5,2,10,three_prong_clamp,200,108,3,True,195.0,191.6161,574.8483,240,3000,3000,0.5,1000,30,20,3.1852,0.0773,20.6963,True,-0.9409,850.5839,0.0516,2.844,2058077.2012,0.25,0.9716,0,True,42
TBI0061,tbi_low,1,3,6,3,10,three_prong_clamp,200,108,3,True,195.0,191.6161,574.8483,240,3000,3000,0.5,1000,30,20,3.0641,0.0579,9.5904,True,9.2202,2621.2462,1.5275,5.5845,47410911.3526,1.0,0.5136,1,True,42
TBI0062,tbi_low,1,3,4,1,10,three_prong_clamp,200,108,3,True,195.0,173.6124,520.8373,240,3000,3000,0.5,1000,30,20,2.7808,0.0674,2.7095,True,-3.7169,410.9334,0.1794,3.3044,600882.2403,0.0,0.8402,0,True,42
TBI0062,tbi_low,1,3,5,2,10,three_prong_clamp,200,108,3,True,195.0,173.6124,520.8373,240,3000,3000,0.5,1000,30,20,3.0394,0.0703,34.5728,True,4.8626,458.1662,0.2592,3.2842,640471.5671,0.5,0.9551,0,True,42
TBI0062,tbi_low,1,3,6,3,10,three_prong_clamp,200,108,3,True,195.0,173.6124,520.8373,240,3000,3000,0.5,1000,30,20,3.3103,0.0866,18.6611,True,4.5268,447.0788,-0.1819,3.0876,530813.1182,0.0,0.9433,0,True,42
TBI0063,tbi_low,3,3,4,1,10,three_prong_clamp,200,108,3,True,195.0,203.6455,610.9366,240,3000,3000,0.5,1000,30,20,2.7106,0.1113,41.4436,True,20.7319,1545.4167,0.9405,6.006,15261121.5048,2.0,0.5034,1,True,42
TBI0063,tbi_low,3,3,5,2,10,three_prong_clamp,200,108,3,True,195.0,203.6455,610.9366,240,3000,3000,0.5,1000,30,20,3.0527,0.0833,14.7535,True,17.5216,2031.4051,0.829,6.304,30796262.2032,0.5,0.6408,1,True,42
TBI0063,tbi_low,3,3,6,3,10,three_prong_clamp,200,108,3,True,195.0,203.6455,610.9366,240,3000,3000,0.5,1000,30,20,2.846,0.0668,1.5083,True,-0.9925,650.023,0.1725,3.1072,1331078.2636,0.0,0.9969,0,True,42
TBI0064,tbi_low,2,3,4,1,10,three_prong_clamp,200,108,3,True,195.0,182.9654,548.8963,240,3000,3000,0.5,1000,30,20,3.1738,0.0698,21.5102,True,-9.6475,556.5903,-0.1281,3.2531,1183167.6355,0.0,0.8818,0,True,42
TBI0064,tbi_low,2,3,5,2,10,three_prong_clamp,200,108,3,True,195.0,182.9654,548.8963,240,3000,3000,0.5,1000,30,20,2.9501,0.1083,6.7482,True,-6.7908,469.0901,0.3679,3.6795,891113.5729,0.0,0.7852,0,True,42
TBI0064,tbi_low,2,3,6,3,10,three_prong_clamp,200,108,3,True,195.0,182.9654,548.8963,240,3000,3000,0.5,1000,30,20,3.1748,0.0524,14.3472,True,15.6748,2278.89,0.2342,6.076,35442132.2067,2.25,0.646,1,True,42
TBI0065,tbi_low,2,3,4,1,10,three_prong_clamp,200,108,3,True,195.0,206.4374,619.3121,240,3000,3000,0.5,1000,30,20,2.9287,0.0753,16.1754,True,-6.3863,741.4384,-0.2727,3.4195,2035552.5946,0.0,0.8477,0,True,42
TBI0065,tbi_low,2,3,5,2,10,three_prong_clamp,200,108,3,True,195.0,206.4374,619.3121,240,3000,3000,0.5,1000,30,20,3.3992,0.0841,3.5373,True,-4.3103,581.1989,-0.1096,3.0593,885818.8763,0.0,0.8995,0,True,42
TBI0065,tbi_low,2,3,6,3,10,three_prong_clamp,200,108,3,True,195.0,206.4374,619.3121,240,3000,3000,0.5,1000,30,20,2.9818,0.0589,13.191,True,1.1378,310.486,0.172,3.3053,282258.5369,0.0,0.8163,0,True,42
TBI0066,tbi_low,3,3,4,1,10,three_prong_clamp,200,108,3,True,195.0,203.0536,609.1607,240,3000,3000,0.5,1000,30,20,3.1085,0.0541,14.5873,True,8.9126,1949.4249,0.5347,6.4031,26530780.704,1.25,0.6244,1,True,42
TBI0066,tbi_low,3,3,5,2,10,three_prong_clamp,200,108,3,True,195.0,203.0536,609.1607,240,3000,3000,0.5,1000,30,20,3.0642,0.0685,5.7704,True,-6.5938,1095.6314,0.061,4.1477,5304165.0796,0.25,0.8643,0,True,42
TBI0066,tbi_low,3,3,6,3,10,three_prong_clamp,200,108,3,True,195.0,203.0536,609.1607,240,3000,3000,0.5,1000,30,20,2.342,0.0229,22.5455,True,-17.1696,858.5923,0.3841,4.496,2714672.9275,0.0,0.8571,0,True,42
TBI0067,tbi_low,4,3,4,1,10,three_prong_clamp,200,108,3,True,195.0,185.1331,555.3994,240,3000,3000,0.5,1000,30,20,2.9479,0.0785,7.9668,True,8.0828,721.9044,0.0575,3.4265,1739119.0531,0.0,0.89,0,True,42
TBI0067,tbi_low,4,3,5,2,10,three_prong_clamp,200,108,3,True,195.0,185.1331,555.3994,240,3000,3000,0.5,1000,30,20,3.1845,0.1134,4.4637,True,-1.3935,916.0018,0.0089,3.6019,2763135.5154,0.0,0.9627,0,True,42
TBI0067,tbi_low,4,3,6,3,10,three_prong_clamp,200,108,3,True,195.0,185.1331,555.3994,240,3000,3000,0.5,1000,30,20,3.3213,0.0703,44.225,True,12.4355,1809.2442,0.2553,5.6254,20424717.0547,1.25,0.534,1,True,42
TBI0068,tbi_low,4,3,4,1,10,three_prong_clamp,200,108,3,True,195.0,162.2624,486.7871,240,3000,3000,0.5,1000,30,20,2.0456,0.0819,9.3217,True,-5.2188,835.51,0.0202,3.8453,2460063.985,0.0,0.8938,0,True,42
TBI0068,tbi_low,4,3,5,2,10,three_prong_clamp,200,108,3,True,195.0,162.2624,486.7871,240,3000,3000,0.5,1000,30,20,3.1501,0.1068,11.1693,True,-2.9086,553.4268,0.0572,3.149,827043.5486,0.0,0.9878,0,True,42
TBI0068,tbi_low,4,3,6,3,10,three_prong_clamp,200,108,3,True,195.0,162.2624,486.7871,240,3000,3000,0.5,1000,30,20,3.1228,0.0677,21.1657,True,7.8242,1395.1568,0.7992,5.8112,10692637.9255,1.25,0.5554,1,True,42
TBI0069,tbi_low,2,3,4,1,10,three_prong_clamp,200,108,3,True,195.0,181.1278,543.3833,240,3000,3000,0.5,1000,30,20,3.1816,0.0748,6.4829,True,7.0224,1457.1647,0.8955,6.503,14857775.428,0.5,0.677,1,True,42
TBI0069,tbi_low,2,3,5,2,10,three_prong_clamp,200,108,3,True,195.0,181.1278,543.3833,240,3000,3000,0.5,1000,30,20,3.3243,0.1293,23.7853,True,3.7645,1355.1227,0.4318,7.4894,13999548.6587,0.5,0.6905,1,True,42
TBI0069,tbi_low,2,3,6,3,10,three_prong_clamp,200,108,3,True,195.0,181.1278,543.3833,240,3000,3000,0.5,1000,30,20,3.0147,0.1179,8.7229,True,22.2273,4192.5199,1.844,10.2569,181216443.7053,2.75,0.2916,2,True,42
TBI0070,tbi_low,1,3,4,1,10,three_prong_clamp,200,108,3,True,195.0,172.3295,516.9886,240,3000,3000,0.5,1000,30,20,3.214,0.0786,18.5762,True,-7.3625,945.629,-0.1559,3.2724,2855653.3515,0.0,0.7698,0,True,42
TBI0070,tbi_low,1,3,5,2,10,three_prong_clamp,200,108,3,True,195.0,172.3295,516.9886,240,3000,3000,0.5,1000,30,20,3.5341,0.0777,13.8191,True,-6.0918,669.2121,0.6158,4.0216,1558223.6663,0.25,0.8384,0,True,42
TBI0070,tbi_low,1,3,6,3,10,three_prong_clamp,200,108,3,True,195.0,172.3295,516.9886,240,3000,3000,0.5,1000,30,20,2.4053,0.0735,26.1444,True,0.3569,986.304,0.2199,2.5482,2623839.6428,0.0,0.8105,0,True,42
TBI0071,tbi_low,4,3,4,1,10,three_prong_clamp,200,108,3,True,195.0,202.3975,607.1924,240,3000,3000,0.5,1000,30,20,2.9589,0.0593,17.1373,True,-3.1113,399.3546,-0.0394,3.4702,475823.6055,0.0,0.7885,0,True,42
TBI0071,tbi_low,4,3,5,2,10,three_prong_clamp,200,108,3,True,195.0,202.3975,607.1924,240,3000,3000,0.5,1000,30,20,2.9557,0.0738,17.0748,True,4.1829,365.8582,-0.162,2.4901,360222.972,0.0,0.9535,0,True,42
TBI0071,tbi_low,4,3,6,3,10,three_prong_clamp,200,108,3,True,195.0,202.3975,607.1924,240,3000,3000,0.5,1000,30,20,3.0223,0.0892,28.2209,True,-11.2799,600.3582,0.2102,2.5579,837262.109,0.0,0.9184,0,True,42
TBI0072,tbi_low,4,3,4,1,10,three_prong_clamp,200,108,3,True,195.0,188.9693,566.9079,240,3000,3000,0.5,1000,30,20,2.9234,0.0597,19.9621,True,27.4227,2153.0485,1.075,5.8201,26117976.1577,1.25,0.5301,1,True,42
TBI0072,tbi_low,4,3,5,2,10,three_prong_clamp,200,108,3,True,195.0,188.9693,566.9079,240,3000,3000,0.5,1000,30,20,3.4054,0.0838,14.4164,True,2.8904,1610.6749,0.1259,5.741,15149204.8204,0.75,0.5681,1,True,42
TBI0072,tbi_low,4,3,6,3,10,three_prong_clamp,200,108,3,True,195.0,188.9693,566.9079,240,3000,3000,0.5,1000,30,20,3.452,0.0479,30.0375,True,-4.1551,565.8558,0.0799,2.7954,988042.6152,0.0,0.846,0,True,42
TBI0073,tbi_low,2,3,4,1,10,three_prong_clamp,200,108,3,True,195.0,210.2222,630.6665,240,3000,3000,0.5,1000,30,20,2.8724,0.0798,19.8764,True,4.4929,534.581,-0.3691,3.8784,1083144.1011,0.0,0.8806,0,True,42
TBI0073,tbi_low,2,3,5,2,10,three_prong_clamp,200,108,3,True,195.0,210.2222,630.6665,240,3000,3000,0.5,1000,30,20,2.8058,0.1041,9.376,True,-1.5504,667.9288,-0.183,3.1413,1512242.3057,0.0,0.9537,0,True,42
TBI0073,tbi_low,2,3,6,3,10,three_prong_clamp,200,108,3,True,195.0,210.2222,630.6665,240,3000,3000,0.5,1000,30,20,2.7611,0.0567,9.0343,True,7.0939,463.2604,0.4366,3.5767,765048.61,0.0,0.9765,0,True,42
TBI0074,tbi_low,3,3,4,1,10,three_prong_clamp,200,108,3,True,195.0,195.928,587.7839,240,3000,3000,0.5,1000,30,20,3.4607,0.071,21.331,True,-1.3015,631.1797,0.0025,2.375,998349.85,0.0,0.9328,0,True,42
TBI0074,tbi_low,3,3,5,2,10,three_prong_clamp,200,108,3,True,195.0,195.928,587.7839,240,3000,3000,0.5,1000,30,20,3.2774,0.0535,3.8415,True,-5.4653,592.787,-0.0308,3.6191,1202423.5015,0.0,0.8143,0,True,42
TBI0074,tbi_low,3,3,6,3,10,three_prong_clamp,200,108,3,True,195.0,195.928,587.7839,240,3000,3000,0.5,1000,30,20,3.403,0.0701,19.4969,True,-3.4906,591.4697,0.3201,2.9404,1057866.1946,0.25,0.9,0,True,42
TBI0075,tbi_low,4,3,4,1,10,three_prong_clamp,200,108,3,True,195.0,195.1608,585.4823,240,3000,3000,0.5,1000,30,20,2.9276,0.1142,35.0064,True,-6.2074,557.3396,0.3408,3.546,1185386.2184,0.0,1.0,0,True,42
TBI0075,tbi_low,4,3,5,2,10,three_prong_clamp,200,108,3,True,195.0,195.1608,585.4823,240,3000,3000,0.5,1000,30,20,3.1079,0.0589,9.8402,True,12.6271,1909.8027,0.67,4.8723,18704382.7467,0.75,0.4923,1,True,42
TBI0075,tbi_low,4,3,6,3,10,three_prong_clamp,200,108,3,True,195.0,195.1608,585.4823,240,3000,3000,0.5,1000,30,20,3.0574,0.0957,6.1247,True,9.4251,1632.0727,0.8691,4.9888,12876736.9038,1.25,0.4095,1,True,42
TBI0076,tbi_low,3,3,4,1,10,three_prong_clamp,200,108,3,True,195.0,198.0177,594.0532,240,3000,3000,0.5,1000,30,20,3.0743,0.1162,10.5185,True,11.7998,1955.348,0.5764,5.794,25643004.0667,0.75,0.5689,1,True,42
TBI0076,tbi_low,3,3,5,2,10,three_prong_clamp,200,108,3,True,195.0,198.0177,594.0532,240,3000,3000,0.5,1000,30,20,2.8431,0.074,1.9592,True,-0.4388,429.8152,0.5951,3.1563,568838.2862,0.25,0.9035,0,True,42
TBI0076,tbi_low,3,3,6,3,10,three_prong_clamp,200,108,3,True,195.0,198.0177,594.0532,240,3000,3000,0.5,1000,30,20,3.1158,0.0784,48.9552,True,4.7377,899.9889,-0.0701,3.1497,2578833.0428,0.0,0.8158,0,True,42
TBI0077,tbi_low,1,3,4,1,10,three_prong_clamp,200,108,3,True,195.0,189.4958,568.4873,240,3000,3000,0.5,1000,30,20,2.8786,0.0547,2.7702,True,1.3237,343.5036,0.137,2.7931,319243.9169,0.0,0.9808,0,True,42
TBI0077,tbi_low,1,3,5,2,10,three_prong_clamp,200,108,3,True,195.0,189.4958,568.4873,240,3000,3000,0.5,1000,30,20,3.4165,0.0664,1.9559,True,-11.9227,611.465,-0.2507,3.1352,1317709.613,0.25,0.9936,0,True,42
TBI0077,tbi_low,1,3,6,3,10,three_prong_clamp,200,108,3,True,195.0,189.4958,568.4873,240,3000,3000,0.5,1000,30,20,3.3545,0.1193,10.5527,True,-4.8731,545.5568,-0.0934,3.4211,957927.393,0.0,0.8467,0,True,42
TBI0078,tbi_low,2,3,4,1,10,three_prong_clamp,200,108,3,True,195.0,194.417,583.2509,240,3000,3000,0.5,1000,30,20,3.0949,0.11,9.2482,True,-0.9538,707.4321,-0.074,2.9735,1471181.4296,0.0,0.8295,0,True,42
TBI0078,tbi_low,2,3,5,2,10,three_prong_clamp,200,108,3,True,195.0,194.417,583.2509,240,3000,3000,0.5,1000,30,20,2.9396,0.0479,11.0055,True,3.7625,783.7573,0.4606,3.0721,1735609.37,0.0,0.8458,0,True,42
TBI0078,tbi_low,2,3,6,3,10,three_prong_clamp,200,108,3,True,195.0,194.417,583.2509,240,3000,3000,0.5,1000,30,20,2.6958,0.0723,33.701,True,22.9236,4681.6815,0.9935,11.6319,304399825.0054,4.25,0.3252,2,True,42
TBI0079,tbi_low,2,3,4,1,10,three_prong_clamp,200,108,3,True,195.0,186.1765,558.5294,240,3000,3000,0.5,1000,30,20,3.4245,0.0672,26.1641,True,0.3495,554.5479,-0.53,2.7427,763817.8745,0.25,0.891,0,True,42
TBI0079,tbi_low,2,3,5,2,10,three_prong_clamp,200,108,3,True,195.0,186.1765,558.5294,240,3000,3000,0.5,1000,30,20,3.1949,0.0572,19.8573,True,13.227,1050.577,0.6509,6.8168,6960452.9231,1.25,0.57,1,True,42
TBI0079,tbi_low,2,3,6,3,10,three_prong_clamp,200,108,3,True,195.0,186.1765,558.5294,240,3000,3000,0.5,1000,30,20,2.8975,0.0514,9.9125,True,8.3812,1652.2564,0.3321,7.4119,20294336.1069,1.75,0.6938,1,True,42
TBI0080,tbi_low,2,3,4,1,10,three_prong_clamp,200,108,3,True,195.0,192.7828,578.3483,240,3000,3000,0.5,1000,30,20,3.0375,0.0611,7.2283,True,9.6532,1877.1178,0.5278,5.3775,19622225.4787,0.75,0.583,1,True,42
TBI0080,tbi_low,2,3,5,2,10,three_prong_clamp,200,108,3,True,195.0,192.7828,578.3483,240,3000,3000,0.5,1000,30,20,2.1424,0.0652,10.3752,True,13.77,2170.5611,0.5952,5.5978,31492810.3273,0.75,0.4135,1,True,42
TBI0080,tbi_low,2,3,6,3,10,three_prong_clamp,200,108,3,True,195.0,192.7828,578.3483,240,3000,3000,0.5,1000,30,20,2.7548,0.078,14.3235,True,22.3904,3204.9032,1.0896,11.972,121691969.4153,2.75,0.3359,2,True,42
TBI0081,tbi_low,3,3,4,1,10,three_prong_clamp,200,108,3,True,195.0,179.6964,539.0892,240,3000,3000,0.5,1000,30,20,3.0148,0.0506,3.6182,True,6.6111,520.5104,-0.1959,4.0334,1015515.3267,0.25,0.8696,0,True,42
TBI0081,tbi_low,3,3,5,2,10,three_prong_clamp,200,108,3,True,195.0,179.6964,539.0892,240,3000,3000,0.5,1000,30,20,2.8774,0.0705,4.5256,True,2.1032,560.6797,0.1446,3.4326,937956.0806,0.0,0.9607,0,True,42
TBI0081,tbi_low,3,3,6,3,10,three_prong_clamp,200,108,3,True,195.0,179.6964,539.0892,240,3000,3000,0.5,1000,30,20,2.9383,0.071,19.2011,True,-0.0433,665.7511,-0.568,3.1813,1500383.6468,0.0,0.9791,0,True,42
TBI0082,tbi_low,4,3,4,1,10,three_prong_clamp,200,108,3,True,195.0,223.9734,671.9201,240,3000,3000,0.5,1000,30,20,3.0096,0.0836,3.5496,True,-0.987,583.0345,0.2309,3.8707,1231363.4222,0.0,0.8349,0,True,42
TBI0082,tbi_low,4,3,5,2,10,three_prong_clamp,200,108,3,True,195.0,223.9734,671.9201,240,3000,3000,0.5,1000,30,20,3.0347,0.0673,2.7562,True,6.1251,692.8507,-0.0893,3.5646,1601628.0618,0.0,0.8591,0,True,42
TBI0082,tbi_low,4,3,6,3,10,three_prong_clamp,200,108,3,True,195.0,223.9734,671.9201,240,3000,3000,0.5,1000,30,20,3.2033,0.0529,5.2553,True,-0.2693,785.0473,0.1762,4.0993,2037208.8518,0.0,0.8901,0,True,42
TBI0083,tbi_low,4,3,4,1,10,three_prong_clamp,200,108,3,True,195.0,211.847,635.5409,240,3000,3000,0.5,1000,30,20,3.3437,0.0972,13.6711,True,23.8339,5322.0484,1.264,11.3326,361232146.3679,4.25,0.2802,2,True,42
TBI0083,tbi_low,4,3,5,2,10,three_prong_clamp,200,108,3,True,195.0,211.847,635.5409,240,3000,3000,0.5,1000,30,20,3.1631,0.0831,9.9312,True,11.209,2689.1713,0.8866,5.1614,39514066.5361,0.25,0.5807,1,True,42
TBI0083,tbi_low,4,3,6,3,10,three_prong_clamp,200,108,3,True,195.0,211.847,635.5409,240,3000,3000,0.5,1000,30,20,3.1179,0.0604,14.6567,True,6.7761,1660.0238,0.6132,5.7661,15919370.5598,1.0,0.7724,1,True,42
TBI0084,tbi_low,3,3,4,1,10,three_prong_clamp,200,108,3,True,195.0,199.5268,598.5803,240,3000,3000,0.5,1000,30,20,3.4323,0.067,9.6046,True,10.6032,1983.2298,0.6415,6.0391,25663892.4308,1.0,0.5366,1,True,42
TBI0084,tbi_low,3,3,5,2,10,three_prong_clamp,200,108,3,True,195.0,199.5268,598.5803,240,3000,3000,0.5,1000,30,20,3.1505,0.0577,4.1341,True,17.0001,1546.4227,0.9745,7.1781,16213865.9798,0.25,0.6163,1,True,42
TBI0084,tbi_low,3,3,6,3,10,three_prong_clamp,200,108,3,True,195.0,199.5268,598.5803,240,3000,3000,0.5,1000,30,20,2.6857,0.0737,11.23,True,31.597,6110.309,1.3927,10.6248,366658943.9886,4.0,0.3374,2,True,42
TBI0085,tbi_low,3,3,4,1,10,three_prong_clamp,200,108,3,True,195.0,186.4646,559.3939,240,3000,3000,0.5,1000,30,20,3.5215,0.1179,11.0531,True,12.2589,1306.6396,0.5268,6.8936,10605723.4793,1.0,0.6269,1,True,42
TBI0085,tbi_low,3,3,5,2,10,three_prong_clamp,200,108,3,True,195.0,186.4646,559.3939,240,3000,3000,0.5,1000,30,20,3.0757,0.1137,14.921,True,-2.0418,488.2292,0.1368,3.6265,1032407.7461,0.0,0.8312,0,True,42
TBI0085,tbi_low,3,3,6,3,10,three_prong_clamp,200,108,3,True,195.0,186.4646,559.3939,240,3000,3000,0.5,1000,30,20,2.2832,0.0754,5.0836,True,-1.878,589.1581,-0.2344,2.9254,1013836.0863,0.0,0.8689,0,True,42
TBI0086,tbi_low,1,3,4,1,10,three_prong_clamp,200,108,3,True,195.0,186.27,558.8101,240,3000,3000,0.5,1000,30,20,2.9706,0.0761,16.1393,True,6.0598,841.9552,0.2985,2.6585,2143394.1577,0.0,0.9458,0,True,42
TBI0086,tbi_low,1,3,5,2,10,three_prong_clamp,200,108,3,True,195.0,186.27,558.8101,240,3000,3000,0.5,1000,30,20,2.9806,0.0903,24.1102,True,-10.7723,852.1177,-0.2524,2.8422,1890607.1951,0.5,0.84,0,True,42
TBI0086,tbi_low,1,3,6,3,10,three_prong_clamp,200,108,3,True,195.0,186.27,558.8101,240,3000,3000,0.5,1000,30,20,2.4705,0.061,15.1967,True,-4.0448,739.8812,0.9099,3.5381,2260909.2829,0.0,0.8389,0,True,42
TBI0087,tbi_low,1,3,4,1,10,three_prong_clamp,200,108,3,True,195.0,168.9665,506.8994,240,3000,3000,0.5,1000,30,20,2.8812,0.0618,9.065,True,5.0592,2338.0281,1.0374,7.1628,42215869.8787,0.75,0.5212,1,True,42
TBI0087,tbi_low,1,3,5,2,10,three_prong_clamp,200,108,3,True,195.0,168.9665,506.8994,240,3000,3000,0.5,1000,30,20,3.0417,0.0825,6.1506,True,3.392,592.3862,-0.0532,3.7392,1211377.9675,0.25,0.9318,0,True,42
TBI0087,tbi_low,1,3,6,3,10,three_prong_clamp,200,108,3,True,195.0,168.9665,506.8994,240,3000,3000,0.5,1000,30,20,3.2621,0.0973,13.0241,True,25.8147,4675.8099,1.315,10.3502,198064764.881,3.25,0.1609,2,True,42
TBI0088,tbi_low,1,3,4,1,10,three_prong_clamp,200,108,3,True,195.0,202.8191,608.4572,240,3000,3000,0.5,1000,30,20,2.8171,0.0853,13.3731,True,5.2503,582.1177,0.5661,4.0817,1320973.2104,0.0,0.8485,0,True,42
TBI0088,tbi_low,1,3,5,2,10,three_prong_clamp,200,108,3,True,195.0,202.8191,608.4572,240,3000,3000,0.5,1000,30,20,3.1096,0.0808,17.0771,True,-0.455,778.2564,0.5133,3.3761,2186572.1814,0.25,0.8381,0,True,42
TBI0088,tbi_low,1,3,6,3,10,three_prong_clamp,200,108,3,True,195.0,202.8191,608.4572,240,3000,3000,0.5,1000,30,20,3.2004,0.1078,9.5174,True,-11.4185,657.1669,0.3975,3.8572,1829955.7282,0.0,0.8394,0,True,42
TBI0089,tbi_low,4,3,4,1,10,three_prong_clamp,200,108,3,True,195.0,208.4402,625.3205,240,3000,3000,0.5,1000,30,20,2.9254,0.0734,31.3523,True,8.2051,1495.8446,1.0842,6.8397,14521565.665,0.75,0.6287,1,True,42
TBI0089,tbi_low,4,3,5,2,10,three_prong_clamp,200,108,3,True,195.0,208.4402,625.3205,240,3000,3000,0.5,1000,30,20,2.4725,0.0682,7.4823,True,8.5765,5894.454,1.8345,8.7107,278720477.5421,2.0,0.271,2,True,42
TBI0089,tbi_low,4,3,6,3,10,three_prong_clamp,200,108,3,True,195.0,208.4402,625.3205,240,3000,3000,0.5,1000,30,20,2.8247,0.0963,9.3008,True,24.1767,8020.6262,1.0906,10.8094,786691105.4747,3.75,0.2668,2,True,42
TBI0090,tbi_low,1,3,4,1,10,three_prong_clamp,200,108,3,True,195.0,212.0801,636.2404,240,3000,3000,0.5,1000,30,20,2.8422,0.0653,6.9864,True,-1.8502,622.0046,0.5744,2.3557,884284.7607,0.0,0.7942,0,True,42
TBI0090,tbi_low,1,3,5,2,10,three_prong_clamp,200,108,3,True,195.0,212.0801,636.2404,240,3000,3000,0.5,1000,30,20,2.8324,0.1121,27.8604,True,7.9648,2109.2235,0.7255,5.1485,22244089.1883,1.25,0.6063,1,True,42
TBI0090,tbi_low,1,3,6,3,10,three_prong_clamp,200,108,3,True,195.0,212.0801,636.2404,240,3000,3000,0.5,1000,30,20,2.9893,0.0797,8.2833,True,-3.0282,576.3448,0.2168,2.5212,848718.4887,0.0,0.9619,0,True,42
TBI0091,tbi_low,2,3,4,1,10,three_prong_clamp,200,108,3,True,195.0,174.9132,524.7396,240,3000,3000,0.5,1000,30,20,3.1574,0.0681,15.4372,True,17.4569,4207.8568,1.8458,8.3835,146073825.002,5.25,0.226,2,True,42
TBI0091,tbi_low,2,3,5,2,10,three_prong_clamp,200,108,3,True,195.0,174.9132,524.7396,240,3000,3000,0.5,1000,30,20,3.3226,0.1092,4.2825,True,23.6884,4712.8033,1.6304,11.973,270047694.8506,4.0,0.2702,2,True,42
TBI0091,tbi_low,2,3,6,3,10,three_prong_clamp,200,108,3,True,195.0,174.9132,524.7396,240,3000,3000,0.5,1000,30,20,2.6916,0.0835,19.7058,True,9.8398,1126.4331,0.6263,6.249,8444120.6132,1.25,0.6493,1,True,42
TBI0092,tbi_low,3,3,4,1,10,three_prong_clamp,200,108,3,True,195.0,180.3706,541.1117,240,3000,3000,0.5,1000,30,20,2.8657,0.1131,18.0885,True,-10.2447,432.7594,0.2059,2.5559,450057.0126,0.0,0.8854,0,True,42
TBI0092,tbi_low,3,3,5,2,10,three_prong_clamp,200,108,3,True,195.0,180.3706,541.1117,240,3000,3000,0.5,1000,30,20,3.1634,0.0881,3.9074,True,-3.9113,536.0995,-0.1563,3.0721,745526.5367,0.0,0.8933,0,True,42
TBI0092,tbi_low,3,3,6,3,10,three_prong_clamp,200,108,3,True,195.0,180.3706,541.1117,240,3000,3000,0.5,1000,30,20,2.5953,0.0823,5.6829,True,4.6538,658.2145,0.0881,3.4996,1502629.9666,0.0,0.8764,0,True,42
TBI0093,tbi_low,1,3,4,1,10,three_prong_clamp,200,108,3,True,195.0,220.6869,662.0607,240,3000,3000,0.5,1000,30,20,3.2139,0.1153,15.7178,True,1.9025,783.2084,0.6246,3.7358,2231078.7306,0.25,0.812,0,True,42
TBI0093,tbi_low,1,3,5,2,10,three_prong_clamp,200,108,3,True,195.0,220.6869,662.0607,240,3000,3000,0.5,1000,30,20,3.0543,0.1301,6.4697,True,11.4759,560.2548,0.4807,3.7176,1196237.3283,0.0,0.8225,0,True,42
TBI0093,tbi_low,1,3,6,3,10,three_prong_clamp,200,108,3,True,195.0,220.6869,662.0607,240,3000,3000,0.5,1000,30,20,3.1516,0.0656,2.7224,True,3.7452,615.2028,0.2878,3.817,1587807.3513,0.25,0.8715,0,True,42
TBI0094,tbi_low,3,3,4,1,10,three_prong_clamp,200,108,3,True,195.0,201.7377,605.2132,240,3000,3000,0.5,1000,30,20,3.1523,0.0774,15.0312,True,-1.3431,588.9637,-0.1686,4.0087,1619068.1478,0.0,0.9479,0,True,42
TBI0094,tbi_low,3,3,5,2,10,three_prong_clamp,200,108,3,True,195.0,201.7377,605.2132,240,3000,3000,0.5,1000,30,20,3.3402,0.1044,5.6856,True,5.8136,514.4625,0.2264,3.2676,859169.5706,0.0,0.8387,0,True,42
TBI0094,tbi_low,3,3,6,3,10,three_prong_clamp,200,108,3,True,195.0,201.7377,605.2132,240,3000,3000,0.5,1000,30,20,2.8689,0.0989,1.9905,True,-2.0965,382.9542,-0.1346,2.9926,434059.2894,0.0,0.9121,0,True,42
TBI0095,tbi_low,2,3,4,1,10,three_prong_clamp,200,108,3,True,195.0,206.6052,619.8157,240,3000,3000,0.5,1000,30,20,2.9505,0.1127,16.2315,True,11.3265,1617.1547,0.8206,6.354,17428760.5093,1.0,0.6233,1,True,42
TBI0095,tbi_low,2,3,5,2,10,three_prong_clamp,200,108,3,True,195.0,206.6052,619.8157,240,3000,3000,0.5,1000,30,20,3.1528,0.0623,3.056,True,9.845,1186.9467,0.1912,5.2341,7298990.3944,1.25,0.625,1,True,42
TBI0095,tbi_low,2,3,6,3,10,three_prong_clamp,200,108,3,True,195.0,206.6052,619.8157,240,3000,3000,0.5,1000,30,20,2.6921,0.0858,13.2885,True,1.1847,1158.8319,0.2821,6.5537,8496557.7964,1.5,0.6243,1,True,42
TBI0096,tbi_low,1,3,4,1,10,three_prong_clamp,200,108,3,True,195.0,192.0556,576.1668,240,3000,3000,0.5,1000,30,20,3.3665,0.0791,12.11,True,-2.5407,465.9489,0.1237,2.8129,635554.8537,0.25,0.8027,0,True,42
TBI0096,tbi_low,1,3,5,2,10,three_prong_clamp,200,108,3,True,195.0,192.0556,576.1668,240,3000,3000,0.5,1000,30,20,2.914,0.0545,12.3399,True,19.6161,569.5364,0.2329,3.5516,1208787.1483,0.0,0.9501,0,True,42
TBI0096,tbi_low,1,3,6,3,10,three_prong_clamp,200,108,3,True,195.0,192.0556,576.1668,240,3000,3000,0.5,1000,30,20,2.6042,0.0883,7.4346,True,12.5432,1378.5536,0.3198,5.8041,10740070.2836,1.0,0.6103,1,True,42
TBI0097,tbi_low,2,3,4,1,10,three_prong_clamp,200,108,3,True,195.0,204.7908,614.3723,240,3000,3000,0.5,1000,30,20,2.565,0.0544,5.4747,True,0.3359,1116.0017,0.4063,4.5093,6612264.3758,0.0,0.8645,0,True,42
TBI0097,tbi_low,2,3,5,2,10,three_prong_clamp,200,108,3,True,195.0,204.7908,614.3723,240,3000,3000,0.5,1000,30,20,2.8407,0.1219,0.747,True,-2.673,1073.4517,0.1462,3.3395,3543787.3251,0.25,0.8699,0,True,42
TBI0097,tbi_low,2,3,6,3,10,three_prong_clamp,200,108,3,True,195.0,204.7908,614.3723,240,3000,3000,0.5,1000,30,20,2.6755,0.082,5.4254,True,-1.5923,680.5172,-0.1277,4.1043,1987921.1116,0.0,0.8561,0,True,42
TBI0098,tbi_low,1,3,4,1,10,three_prong_clamp,200,108,3,True,195.0,207.4244,622.2733,240,3000,3000,0.5,1000,30,20,2.9848,0.0966,16.0207,True,-2.7386,568.813,0.1112,3.6787,1241715.1522,0.0,0.9587,0,True,42
TBI0098,tbi_low,1,3,5,2,10,three_prong_clamp,200,108,3,True,195.0,207.4244,622.2733,240,3000,3000,0.5,1000,30,20,2.8573,0.0805,23.9389,True,-9.4144,703.7551,0.6089,3.5492,2021143.1756,0.0,0.9505,0,True,42
TBI0098,tbi_low,1,3,6,3,10,three_prong_clamp,200,108,3,True,195.0,207.4244,622.2733,240,3000,3000,0.5,1000,30,20,3.0083,0.0837,10.3856,True,25.3018,4200.0143,2.0184,10.9049,223547522.6931,2.25,0.1975,2,True,42
TBI0099,tbi_low,2,3,4,1,10,three_prong_clamp,200,108,3,True,195.0,221.7831,665.3492,240,3000,3000,0.5,1000,30,20,2.8963,0.0507,11.9246,True,1.0926,515.759,0.0042,3.3651,869372.6624,0.0,0.7902,0,True,42
TBI0099,tbi_low,2,3,5,2,10,three_prong_clamp,200,108,3,True,195.0,221.7831,665.3492,240,3000,3000,0.5,1000,30,20,3.339,0.0893,8.8716,True,-2.6781,805.6164,0.1845,3.4799,2302722.4884,0.0,0.9983,0,True,42
TBI0099,tbi_low,2,3,6,3,10,three_prong_clamp,200,108,3,True,195.0,221.7831,665.3492,240,3000,3000,0.5,1000,30,20,3.0348,0.096,4.2878,True,2.8404,655.2256,-0.245,3.1187,1481127.9585,0.25,0.8083,0,True,42
TBI0100,tbi_low,2,3,4,1,10,three_prong_clamp,200,108,3,True,195.0,192.9575,578.8726,240,3000,3000,0.5,1000,30,20,2.9204,0.0409,5.7759,True,8.797,1221.8948,0.8077,4.9481,7445694.6967,0.5,0.6033,1,True,42
TBI0100,tbi_low,2,3,5,2,10,three_prong_clamp,200,108,3,True,195.0,192.9575,578.8726,240,3000,3000,0.5,1000,30,20,2.948,0.0762,9.3001,True,14.0116,1470.1778,0.4962,6.4221,15822225.1612,0.5,0.5166,1,True,42
TBI0100,tbi_low,2,3,6,3,10,three_prong_clamp,200,108,3,True,195.0,192.9575,578.8726,240,3000,3000,0.5,1000,30,20,2.6838,0.0872,7.9737,True,13.9904,3816.8146,1.0716,9.6815,139636373.0366,5.0,0.3026,2,True,42
TBI0101,tbi_low,3,3,4,1,10,three_prong_clamp,200,108,3,True,195.0,192.8658,578.5975,240,3000,3000,0.5,1000,30,20,2.6331,0.052,15.9403,True,1.8895,759.3653,0.7549,3.4935,2159641.3601,0.0,0.8744,0,True,42
TBI0101,tbi_low,3,3,5,2,10,three_prong_clamp,200,108,3,True,195.0,192.8658,578.5975,240,3000,3000,0.5,1000,30,20,2.7928,0.0659,22.2115,True,-1.9287,683.7167,0.446,3.705,1651211.5711,0.25,0.8652,0,True,42
TBI0101,tbi_low,3,3,6,3,10,three_prong_clamp,200,108,3,True,195.0,192.8658,578.5975,240,3000,3000,0.5,1000,30,20,3.0023,0.0721,10.0952,True,-1.8233,678.0022,0.2713,3.0281,1506487.1334,0.0,0.8874,0,True,42
TBI0102,tbi_low,1,3,4,1,10,three_prong_clamp,200,108,3,True,195.0,182.5781,547.7343,240,3000,3000,0.5,1000,30,20,2.9819,0.1096,20.8432,True,3.6097,2040.9647,0.8375,6.5024,27444955.0657,2.0,0.5722,1,True,42
TBI0102,tbi_low,1,3,5,2,10,three_prong_clamp,200,108,3,True,195.0,182.5781,547.7343,240,3000,3000,0.5,1000,30,20,3.4925,0.0683,21.6589,True,24.8548,2297.5929,0.8716,6.8589,35524056.4445,1.75,0.5978,1,True,42
TBI0102,tbi_low,1,3,6,3,10,three_prong_clamp,200,108,3,True,195.0,182.5781,547.7343,240,3000,3000,0.5,1000,30,20,2.7099,0.1104,9.4081,True,-8.862,526.4716,0.2507,2.6793,752608.3292,0.0,0.7339,0,True,42
TBI0103,tbi_low,2,3,4,1,10,three_prong_clamp,200,108,3,True,195.0,222.5035,667.5104,240,3000,3000,0.5,1000,30,20,3.1539,0.0745,3.8394,True,9.5314,796.4132,0.4405,3.5583,2142394.2849,0.0,0.7639,0,True,42
TBI0103,tbi_low,2,3,5,2,10,three_prong_clamp,200,108,3,True,195.0,222.5035,667.5104,240,3000,3000,0.5,1000,30,20,2.7585,0.0911,6.5067,True,5.6375,423.1409,0.395,3.4686,658359.3269,0.0,0.8788,0,True,42
TBI0103,tbi_low,2,3,6,3,10,three_prong_clamp,200,108,3,True,195.0,222.5035,667.5104,240,3000,3000,0.5,1000,30,20,2.8648,0.0708,15.1748,True,1.2277,1204.2726,0.8743,6.1594,9497538.7265,0.25,0.5858,1,True,42
TBI0104,tbi_low,2,3,4,1,10,three_prong_clamp,200,108,3,True,195.0,226.5356,679.6069,240,3000,3000,0.5,1000,30,20,2.9496,0.1065,7.4399,True,-9.5107,914.5993,-0.4587,2.8408,2590401.1208,0.0,0.9256,0,True,42
TBI0104,tbi_low,2,3,5,2,10,three_prong_clamp,200,108,3,True,195.0,226.5356,679.6069,240,3000,3000,0.5,1000,30,20,2.8165,0.0793,28.2633,True,27.638,3590.9883,1.6227,10.3585,139880242.9043,3.25,0.3416,2,True,42
TBI0104,tbi_low,2,3,6,3,10,three_prong_clamp,200,108,3,True,195.0,226.5356,679.6069,240,3000,3000,0.5,1000,30,20,3.0519,0.337,14.3495,False,7.7945,1335.1539,0.6093,7.7334,12437649.3913,1.25,0.5849,1,True,42
TBI0105,tbi_low,1,3,4,1,10,three_prong_clamp,200,108,3,True,195.0,205.1051,615.3152,240,3000,3000,0.5,1000,30,20,2.7941,0.0713,6.8767,True,11.8012,1796.4319,0.5267,8.9825,30229248.4262,1.0,0.7227,1,True,42
TBI0105,tbi_low,1,3,5,2,10,three_prong_clamp,200,108,3,True,195.0,205.1051,615.3152,240,3000,3000,0.5,1000,30,20,2.8896,0.0561,6.516,True,-3.26,469.5702,-0.0729,2.8593,588850.6775,0.0,1.0,0,True,42
TBI0105,tbi_low,1,3,6,3,10,three_prong_clamp,200,108,3,True,195.0,205.1051,615.3152,240,3000,3000,0.5,1000,30,20,3.2328,0.0783,14.1062,True,-0.1369,436.3206,-0.0265,3.2492,651278.2301,0.0,0.929,0,True,42
TBI0106,tbi_low,4,3,4,1,10,three_prong_clamp,200,108,3,True,195.0,212.1503,636.451,240,3000,3000,0.5,1000,30,20,2.4982,0.0569,7.1951,True,-13.0087,572.6209,0.1944,3.0273,982440.4647,0.0,0.9431,0,True,42
TBI0106,tbi_low,4,3,5,2,10,three_prong_clamp,200,108,3,True,195.0,212.1503,636.451,240,3000,3000,0.5,1000,30,20,3.2585,0.1012,23.2201,True,-6.186,803.4927,-0.0562,3.0669,2337780.4338,0.0,0.9541,0,True,42
TBI0106,tbi_low,4,3,6,3,10,three_prong_clamp,200,108,3,True,195.0,212.1503,636.451,240,3000,3000,0.5,1000,30,20,2.6102,0.0698,15.1483,True,0.0246,737.5228,-0.4732,2.961,1323227.6177,0.0,0.8611,0,True,42
TBI0107,tbi_low,1,3,4,1,10,three_prong_clamp,200,108,3,True,195.0,232.6828,698.0483,240,3000,3000,0.5,1000,30,20,3.1314,0.0672,11.4342,True,12.4978,1893.0277,1.3057,6.2961,20578878.2599,1.5,0.4198,1,True,42
TBI0107,tbi_low,1,3,5,2,10,three_prong_clamp,200,108,3,True,195.0,232.6828,698.0483,240,3000,3000,0.5,1000,30,20,3.0117,0.09,6.5775,True,-9.6299,555.7599,-0.099,2.8279,867935.5868,0.0,0.9007,0,True,42
TBI0107,tbi_low,1,3,6,3,10,three_prong_clamp,200,108,3,True,195.0,232.6828,698.0483,240,3000,3000,0.5,1000,30,20,2.6863,0.0532,2.0898,True,13.0516,1380.2018,0.2817,6.5837,10499037.8941,1.5,0.4572,1,True,42
TBI0108,tbi_low,2,3,4,1,10,three_prong_clamp,200,108,3,True,195.0,176.6341,529.9022,240,3000,3000,0.5,1000,30,20,3.4697,0.0643,11.7256,True,-9.8051,705.2635,-0.0907,2.2954,1236477.15,0.0,1.0,0,True,42
TBI0108,tbi_low,2,3,5,2,10,three_prong_clamp,200,108,3,True,195.0,176.6341,529.9022,240,3000,3000,0.5,1000,30,20,2.8928,0.0661,8.7523,True,-4.1762,583.4063,0.4984,2.8833,982072.5429,0.0,0.906,0,True,42
TBI0108,tbi_low,2,3,6,3,10,three_prong_clamp,200,108,3,True,195.0,176.6341,529.9022,240,3000,3000,0.5,1000,30,20,3.0703,0.0713,23.188,True,-4.6349,568.766,0.0045,3.2929,1162921.8437,0.0,1.0,0,True,42
TBI0109,tbi_low,1,3,4,1,10,three_prong_clamp,200,108,3,True,195.0,181.9703,545.9109,240,3000,3000,0.5,1000,30,20,3.1158,0.0649,5.1256,True,14.1597,957.8499,-0.2653,2.9745,2277937.8714,0.25,0.7772,0,True,42
TBI0109,tbi_low,1,3,5,2,10,three_prong_clamp,200,108,3,True,195.0,181.9703,545.9109,240,3000,3000,0.5,1000,30,20,3.278,0.0592,3.7842,True,-1.9491,648.5916,-0.0873,3.381,1289651.4164,0.0,0.8191,0,True,42
TBI0109,tbi_low,1,3,6,3,10,three_prong_clamp,200,108,3,True,195.0,181.9703,545.9109,240,3000,3000,0.5,1000,30,20,3.5147,0.0881,16.183,True,4.4213,752.9576,0.6503,4.5015,2657384.8093,0.0,0.7515,0,True,42
TBI0110,tbi_low,3,3,4,1,10,three_prong_clamp,200,108,3,True,195.0,197.3409,592.0227,240,3000,3000,0.5,1000,30,20,3.3,0.0829,4.6394,True,14.0125,1157.5284,0.6034,6.2527,8365800.5106,0.5,0.7087,1,True,42
TBI0110,tbi_low,3,3,5,2,10,three_prong_clamp,200,108,3,True,195.0,197.3409,592.0227,240,3000,3000,0.5,1000,30,20,2.8588,0.0673,11.0446,True,-2.4583,485.3465,0.2888,2.9579,729808.6139,0.0,0.8833,0,True,42
TBI0110,tbi_low,3,3,6,3,10,three_prong_clamp,200,108,3,True,195.0,197.3409,592.0227,240,3000,3000,0.5,1000,30,20,2.8836,0.0989,6.6181,True,7.1605,375.2758,0.7796,2.7779,373478.1493,0.0,0.8581,0,True,42
TBI0111,tbi_low,4,3,4,1,10,three_prong_clamp,200,108,3,True,195.0,186.4408,559.3223,240,3000,3000,0.5,1000,30,20,3.3001,0.0679,15.8886,True,-13.2377,651.5506,0.1238,2.5356,966117.8477,0.0,0.9136,0,True,42
TBI0111,tbi_low,4,3,5,2,10,three_prong_clamp,200,108,3,True,195.0,186.4408,559.3223,240,3000,3000,0.5,1000,30,20,3.4396,0.0914,11.1015,True,-11.9939,617.7252,0.1493,3.3683,1503784.1233,0.0,0.9578,0,True,42
TBI0111,tbi_low,4,3,6,3,10,three_prong_clamp,200,108,3,True,195.0,186.4408,559.3223,240,3000,3000,0.5,1000,30,20,3.0032,0.0785,16.8076,True,-6.3112,473.2495,-0.3479,3.1605,707612.3785,0.0,0.9414,0,True,42
TBI0112,tbi_low,1,3,4,1,10,three_prong_clamp,200,108,3,True,195.0,186.642,559.9259,240,3000,3000,0.5,1000,30,20,3.3078,0.0777,22.6849,True,-2.3256,737.6641,0.416,3.2841,1691877.2709,0.0,0.8915,0,True,42
TBI0112,tbi_low,1,3,5,2,10,three_prong_clamp,200,108,3,True,195.0,186.642,559.9259,240,3000,3000,0.5,1000,30,20,2.8773,0.0691,12.8897,True,19.9687,1047.6033,-0.0156,3.8317,4667172.8608,0.0,0.8749,0,True,42
TBI0112,tbi_low,1,3,6,3,10,three_prong_clamp,200,108,3,True,195.0,186.642,559.9259,240,3000,3000,0.5,1000,30,20,3.2269,0.0941,8.7165,True,12.5049,514.6536,-0.081,3.4882,967372.0632,0.0,0.7158,0,True,42
TBI0113,tbi_low,1,3,4,1,10,three_prong_clamp,200,108,3,True,195.0,198.8504,596.5511,240,3000,3000,0.5,1000,30,20,2.7751,0.0749,2.2293,True,7.0077,831.5206,-0.2144,3.3416,2689504.9108,0.0,0.9655,0,True,42
TBI0113,tbi_low,1,3,5,2,10,three_prong_clamp,200,108,3,True,195.0,198.8504,596.5511,240,3000,3000,0.5,1000,30,20,2.8181,0.0801,14.703,True,1.6411,567.4271,0.0707,3.7815,1033263.6448,0.0,0.8728,0,True,42
TBI0114,tbi_low,3,3,4,1,10,three_prong_clamp,200,108,3,True,195.0,170.861,512.5829,240,3000,3000,0.5,1000,30,20,3.1569,0.0504,18.5335,True,-12.2223,470.6741,-0.4793,3.4337,778173.2059,0.0,0.9048,0,True,42
TBI0114,tbi_low,3,3,5,2,10,three_prong_clamp,200,108,3,True,195.0,170.861,512.5829,240,3000,3000,0.5,1000,30,20,3.2092,0.0712,18.0141,True,-3.7584,1279.9,0.7963,4.5127,6925831.6792,1.0,0.5519,1,True,42
TBI0114,tbi_low,3,3,6,3,10,three_prong_clamp,200,108,3,True,195.0,170.861,512.5829,240,3000,3000,0.5,1000,30,20,2.422,0.0891,10.8881,True,14.066,1459.6929,0.1432,4.163,10078514.3601,1.25,0.5294,1,True,42
TBI0115,tbi_low,1,3,4,1,10,three_prong_clamp,200,108,3,True,195.0,192.7276,578.1828,240,3000,3000,0.5,1000,30,20,2.8915,0.0802,6.6682,True,19.468,2299.3305,0.3812,6.2661,32808520.2456,0.25,0.5557,1,True,42
TBI0115,tbi_low,1,3,5,2,10,three_prong_clamp,200,108,3,True,195.0,192.7276,578.1828,240,3000,3000,0.5,1000,30,20,2.7735,0.0776,23.1907,True,9.4437,1227.8393,0.3193,6.52,9576814.9456,1.0,0.6086,1,True,42
TBI0115,tbi_low,1,3,6,3,10,three_prong_clamp,200,108,3,True,195.0,192.7276,578.1828,240,3000,3000,0.5,1000,30,20,3.2904,0.0751,5.4386,True,28.495,4835.9967,1.405,11.8182,307755265.1728,4.0,0.2495,2,True,42
TBI0116,tbi_low,2,3,4,1,10,three_prong_clamp,200,108,3,True,195.0,200.4516,601.3548,240,3000,3000,0.5,1000,30,20,2.9201,0.065,13.8031,True,4.1495,2178.2785,0.992,5.5306,30857329.0035,1.25,0.4717,1,True,42
TBI0116,tbi_low,2,3,5,2,10,three_prong_clamp,200,108,3,True,195.0,200.4516,601.3548,240,3000,3000,0.5,1000,30,20,3.1679,0.0748,8.5386,True,6.2618,1616.7113,0.8847,7.1914,17809799.0526,0.25,0.5883,1,True,42
TBI0116,tbi_low,2,3,6,3,10,three_prong_clamp,200,108,3,True,195.0,200.4516,601.3548,240,3000,3000,0.5,1000,30,20,2.381,0.073,5.5741,True,14.0035,1760.464,0.8364,5.1181,15844957.3868,1.0,0.5154,1,True,42
TBI0117,tbi_low,1,3,4,1,10,three_prong_clamp,200,108,3,True,195.0,167.0714,501.2141,240,3000,3000,0.5,1000,30,20,2.8591,0.0467,11.2862,True,-8.4026,876.3224,0.0304,3.224,2076964.1673,0.0,0.8881,0,True,42
TBI0117,tbi_low,1,3,5,2,10,three_prong_clamp,200,108,3,True,195.0,167.0714,501.2141,240,3000,3000,0.5,1000,30,20,2.7172,0.072,39.1362,True,-2.8763,528.8784,0.6971,2.8825,750633.5608,0.0,0.9016,0,True,42
TBI0117,tbi_low,1,3,6,3,10,three_prong_clamp,200,108,3,True,195.0,167.0714,501.2141,240,3000,3000,0.5,1000,30,20,2.8331,0.0737,13.9097,True,1.9051,647.5339,-0.0565,3.3709,1552369.5733,0.0,0.8816,0,True,42
TBI0118,tbi_low,3,3,4,1,10,three_prong_clamp,200,108,3,True,195.0,163.6556,490.9667,240,3000,3000,0.5,1000,30,20,3.3028,0.066,6.9708,True,-1.4046,522.6277,-0.1068,3.1176,822771.7494,0.0,0.8396,0,True,42
TBI0118,tbi_low,3,3,5,2,10,three_prong_clamp,200,108,3,True,195.0,163.6556,490.9667,240,3000,3000,0.5,1000,30,20,3.2903,0.0847,46.7675,True,-1.3701,457.6681,-0.2323,3.3382,762846.7368,0.0,0.8155,0,True,42
TBI0118,tbi_low,3,3,6,3,10,three_prong_clamp,200,108,3,True,195.0,163.6556,490.9667,240,3000,3000,0.5,1000,30,20,2.542,0.1278,14.1273,True,2.0558,551.0643,0.0259,2.7172,820950.1661,0.0,0.808,0,True,42
TBI0119,tbi_low,1,3,4,1,10,three_prong_clamp,200,108,3,True,195.0,193.5691,580.7072,240,3000,3000,0.5,1000,30,20,2.608,0.1236,5.7281,True,10.7683,575.5438,0.1713,3.1277,1076269.7127,0.0,0.8636,0,True,42
TBI0119,tbi_low,1,3,5,2,10,three_prong_clamp,200,108,3,True,195.0,193.5691,580.7072,240,3000,3000,0.5,1000,30,20,3.1384,0.0703,5.656,True,5.853,580.3341,-0.0085,2.7511,849657.2465,0.25,0.9957,0,True,42
TBI0119,tbi_low,1,3,6,3,10,three_prong_clamp,200,108,3,True,195.0,193.5691,580.7072,240,3000,3000,0.5,1000,30,20,2.7186,0.065,7.8055,True,-7.8057,407.3961,-0.1259,2.3684,412548.3475,0.0,0.9855,0,True,42
TBI0120,tbi_low,1,3,4,1,10,three_prong_clamp,200,108,3,True,195.0,190.403,571.2091,240,3000,3000,0.5,1000,30,20,2.804,0.0838,6.5349,True,12.2876,650.4679,-0.3063,2.7378,1260790.8835,0.0,0.8568,0,True,42
TBI0120,tbi_low,1,3,5,2,10,three_prong_clamp,200,108,3,True,195.0,190.403,571.2091,240,3000,3000,0.5,1000,30,20,2.6163,0.054,5.0925,True,1.0305,993.5053,0.1987,3.3395,3255894.9081,0.0,0.8198,0,True,42
TBI0120,tbi_low,1,3,6,3,10,three_prong_clamp,200,108,3,True,195.0,190.403,571.2091,240,3000,3000,0.5,1000,30,20,2.5603,0.0711,17.416,True,3.7923,758.1967,0.1058,3.0091,1825238.177,0.25,0.9202,0,True,42
TBI0121,tbi_moderate,2,3,4,1,10,three_prong_clamp,200,108,5,True,195.0,227.3119,1136.5594,240,3000,3000,0.5,1000,30,20,2.8121,0.0555,58.5908,False,6.866,451.7185,0.0359,2.8336,584834.1473,0.25,0.9508,0,True,42
TBI0121,tbi_moderate,2,3,5,2,10,three_prong_clamp,200,108,5,True,195.0,227.3119,1136.5594,240,3000,3000,0.5,1000,30,20,3.29,0.0746,16.6492,True,-4.0356,474.1582,0.2946,3.276,719551.3729,0.0,0.9007,0,True,42
TBI0121,tbi_moderate,2,3,6,3,10,three_prong_clamp,200,108,5,True,195.0,227.3119,1136.5594,240,3000,3000,0.5,1000,30,20,3.0319,0.1175,89.532,False,-5.9634,506.514,-0.2356,3.6119,952637.3065,0.25,0.9968,0,True,42
TBI0122,tbi_moderate,3,3,4,1,10,three_prong_clamp,200,108,5,True,195.0,207.0128,1035.0639,240,3000,3000,0.5,1000,30,20,3.0835,0.0935,20.8617,True,-11.867,487.0293,-0.5446,3.334,831305.2398,0.0,0.8933,0,True,42
TBI0122,tbi_moderate,3,3,5,2,10,three_prong_clamp,200,108,5,True,195.0,207.0128,1035.0639,240,3000,3000,0.5,1000,30,20,2.9689,0.1024,11.3133,True,-5.6673,782.4771,0.0903,2.7465,1655028.1668,0.0,0.8046,0,True,42
TBI0122,tbi_moderate,3,3,6,3,10,three_prong_clamp,200,108,5,True,195.0,207.0128,1035.0639,240,3000,3000,0.5,1000,30,20,3.0397,0.0985,2.4689,True,16.5176,1285.7602,0.4698,6.3199,8275488.5842,1.0,0.5645,1,True,42
TBI0123,tbi_moderate,2,3,4,1,10,three_prong_clamp,200,108,5,True,195.0,218.1743,1090.8716,240,3000,3000,0.5,1000,30,20,3.1192,0.072,5.3794,True,27.6192,4310.0878,1.6447,10.5677,218964196.0596,2.25,0.3952,2,True,42
TBI0123,tbi_moderate,2,3,5,2,10,three_prong_clamp,200,108,5,True,195.0,218.1743,1090.8716,240,3000,3000,0.5,1000,30,20,2.7176,0.072,28.0948,True,43.4515,2911.3445,1.3768,11.2585,100082576.1163,2.0,0.2561,2,True,42
TBI0123,tbi_moderate,2,3,6,3,10,three_prong_clamp,200,108,5,True,195.0,218.1743,1090.8716,240,3000,3000,0.5,1000,30,20,3.3091,0.1094,8.4249,True,2.04,1514.469,0.4957,7.0285,16951785.1655,1.5,0.7239,1,True,42
TBI0124,tbi_moderate,4,3,4,1,10,three_prong_clamp,200,108,5,True,195.0,207.4184,1037.0919,240,3000,3000,0.5,1000,30,20,3.1534,0.1051,3.6007,True,7.2301,1554.0805,0.1336,6.6199,18607581.8893,2.5,0.5262,1,True,42
TBI0124,tbi_moderate,4,3,5,2,10,three_prong_clamp,200,108,5,True,195.0,207.4184,1037.0919,240,3000,3000,0.5,1000,30,20,2.9369,0.0726,7.3316,True,0.7373,1374.5777,0.3643,5.1108,7828718.2823,1.5,0.4923,1,True,42
TBI0124,tbi_moderate,4,3,6,3,10,three_prong_clamp,200,108,5,True,195.0,207.4184,1037.0919,240,3000,3000,0.5,1000,30,20,2.9905,0.0766,20.8162,True,15.4843,2055.8195,0.9244,6.0842,26659733.2733,1.5,0.6673,1,True,42
TBI0125,tbi_moderate,3,3,4,1,10,three_prong_clamp,200,108,5,True,195.0,196.2977,981.4885,240,3000,3000,0.5,1000,30,20,2.9276,0.0584,3.499,True,-2.8936,513.3601,-0.0491,3.875,1023945.356,0.25,0.7873,0,True,42
TBI0125,tbi_moderate,3,3,5,2,10,three_prong_clamp,200,108,5,True,195.0,196.2977,981.4885,240,3000,3000,0.5,1000,30,20,2.8805,0.064,16.5407,True,-2.2968,848.4705,-0.2212,2.9381,2418401.5183,0.0,0.8094,0,True,42
TBI0125,tbi_moderate,3,3,6,3,10,three_prong_clamp,200,108,5,True,195.0,196.2977,981.4885,240,3000,3000,0.5,1000,30,20,2.8087,0.0735,20.249,True,13.5102,1699.8755,0.791,4.9998,15489465.7618,0.75,0.5785,1,True,42
TBI0126,tbi_moderate,4,3,4,1,10,three_prong_clamp,200,108,5,True,195.0,186.5167,932.5835,240,3000,3000,0.5,1000,30,20,3.3063,0.0704,4.797,True,11.5774,1527.9129,1.3401,4.6526,10149951.6625,0.5,0.5746,1,True,42
TBI0126,tbi_moderate,4,3,5,2,10,three_prong_clamp,200,108,5,True,195.0,186.5167,932.5835,240,3000,3000,0.5,1000,30,20,3.1769,0.1017,29.7594,True,22.2928,3783.5923,1.1928,10.5131,170041077.5892,3.75,0.3895,2,True,42
TBI0126,tbi_moderate,4,3,6,3,10,three_prong_clamp,200,108,5,True,195.0,186.5167,932.5835,240,3000,3000,0.5,1000,30,20,3.3172,0.0512,8.6129,True,30.5145,6424.4317,1.4028,10.7637,441531121.9336,4.5,0.3504,2,True,42
TBI0127,tbi_moderate,1,3,4,1,10,three_prong_clamp,200,108,5,True,195.0,222.0091,1110.0453,240,3000,3000,0.5,1000,30,20,2.9993,0.0428,22.2007,True,16.0361,4443.9849,1.9342,11.111,216483584.5978,3.5,0.4114,2,True,42
TBI0128,tbi_moderate,3,3,4,1,10,three_prong_clamp,200,108,5,True,195.0,179.1387,895.6937,240,3000,3000,0.5,1000,30,20,3.3117,0.084,5.1482,True,9.6976,2263.9497,1.0468,5.298,25631211.5386,0.5,0.6469,1,True,42
TBI0128,tbi_moderate,3,3,5,2,10,three_prong_clamp,200,108,5,True,195.0,179.1387,895.6937,240,3000,3000,0.5,1000,30,20,2.8426,0.075,3.4785,True,18.6921,1388.0406,0.8057,6.2408,13232491.7068,1.0,0.4796,1,True,42
TBI0128,tbi_moderate,3,3,6,3,10,three_prong_clamp,200,108,5,True,195.0,179.1387,895.6937,240,3000,3000,0.5,1000,30,20,3.0961,0.0823,35.5667,True,-20.6563,592.3771,0.7574,3.1556,1292025.1966,0.0,0.8827,0,True,42
TBI0129,tbi_moderate,1,3,4,1,10,three_prong_clamp,200,108,5,True,195.0,215.8439,1079.2194,240,3000,3000,0.5,1000,30,20,3.2464,0.0634,18.7876,True,-0.5315,619.613,0.2805,3.5088,1462491.1824,0.0,0.9588,0,True,42
TBI0129,tbi_moderate,1,3,5,2,10,three_prong_clamp,200,108,5,True,195.0,215.8439,1079.2194,240,3000,3000,0.5,1000,30,20,3.597,0.0611,8.5494,True,11.9714,414.4459,-0.3259,2.6069,429444.0162,0.25,0.8585,0,True,42
TBI0129,tbi_moderate,1,3,6,3,10,three_prong_clamp,200,108,5,True,195.0,215.8439,1079.2194,240,3000,3000,0.5,1000,30,20,2.6226,0.0542,10.7681,True,18.4733,1531.8776,0.281,7.985,20568653.9708,0.5,0.561,1,True,42
TBI0130,tbi_moderate,2,3,4,1,10,three_prong_clamp,200,108,5,True,195.0,190.0674,950.3371,240,3000,3000,0.5,1000,30,20,2.8333,0.0843,6.5865,True,-2.6328,302.0775,-0.0925,2.9837,242653.9719,0.0,0.8723,0,True,42
TBI0130,tbi_moderate,2,3,5,2,10,three_prong_clamp,200,108,5,True,195.0,190.0674,950.3371,240,3000,3000,0.5,1000,30,20,2.576,0.1205,4.2431,True,13.6346,2625.345,0.6571,5.1703,33136181.5236,1.25,0.6057,1,True,42
TBI0130,tbi_moderate,2,3,6,3,10,three_prong_clamp,200,108,5,True,195.0,190.0674,950.3371,240,3000,3000,0.5,1000,30,20,2.937,0.0538,1.0918,True,13.2267,1743.4889,0.2158,5.2552,15365479.9586,0.75,0.5548,1,True,42
TBI0131,tbi_moderate,4,3,4,1,10,three_prong_clamp,200,108,5,True,195.0,225.4889,1127.4445,240,3000,3000,0.5,1000,30,20,2.6645,0.0675,23.9256,True,-1.5714,1576.4307,1.2271,5.0305,12284487.6715,0.75,0.4795,1,True,42
TBI0131,tbi_moderate,4,3,5,2,10,three_prong_clamp,200,108,5,True,195.0,225.4889,1127.4445,240,3000,3000,0.5,1000,30,20,3.665,0.0859,19.1603,True,-17.8619,507.8664,-0.3944,3.2625,736132.3527,0.0,0.8607,0,True,42
TBI0131,tbi_moderate,4,3,6,3,10,three_prong_clamp,200,108,5,True,195.0,225.4889,1127.4445,240,3000,3000,0.5,1000,30,20,2.747,0.0709,4.5238,True,0.5327,632.1322,0.1485,2.8142,1121280.409,0.0,0.9025,0,True,42
TBI0132,tbi_moderate,4,3,4,1,10,three_prong_clamp,200,108,5,True,195.0,168.4243,842.1213,240,3000,3000,0.5,1000,30,20,3.2561,0.0544,9.6918,True,-4.003,449.6219,-0.614,2.6777,474669.8398,0.0,0.8543,0,True,42
TBI0132,tbi_moderate,4,3,5,2,10,three_prong_clamp,200,108,5,True,195.0,168.4243,842.1213,240,3000,3000,0.5,1000,30,20,3.2962,0.085,12.0569,True,7.9837,1287.4415,0.1883,4.856,8197233.6495,1.25,0.5258,1,True,42
TBI0132,tbi_moderate,4,3,6,3,10,three_prong_clamp,200,108,5,True,195.0,168.4243,842.1213,240,3000,3000,0.5,1000,30,20,3.2205,0.0905,14.3856,True,17.2629,1280.2414,0.7947,6.0968,8313660.1998,0.75,0.5865,1,True,42
TBI0133,tbi_moderate,3,3,4,1,10,three_prong_clamp,200,108,5,True,195.0,220.4425,1102.2127,240,3000,3000,0.5,1000,30,20,3.112,0.0753,3.5438,True,8.493,1104.7368,0.8319,4.4706,4879993.0839,1.5,0.5679,1,True,42
TBI0133,tbi_moderate,3,3,5,2,10,three_prong_clamp,200,108,5,True,195.0,220.4425,1102.2127,240,3000,3000,0.5,1000,30,20,2.7703,0.0989,6.9278,True,0.1958,573.8621,0.1749,3.1146,1202618.2708,0.0,0.877,0,True,42
TBI0133,tbi_moderate,3,3,6,3,10,three_prong_clamp,200,108,5,True,195.0,220.4425,1102.2127,240,3000,3000,0.5,1000,30,20,3.1064,0.0928,10.1915,True,2.3024,481.5104,-0.0969,3.6853,952171.2273,0.0,0.8904,0,True,42
TBI0134,tbi_moderate,3,3,4,1,10,three_prong_clamp,200,108,5,True,195.0,181.6512,908.2562,240,3000,3000,0.5,1000,30,20,2.9326,0.0853,8.7927,True,6.4714,1507.0904,1.0812,4.9395,12583557.9913,0.5,0.628,1,True,42
TBI0134,tbi_moderate,3,3,5,2,10,three_prong_clamp,200,108,5,True,195.0,181.6512,908.2562,240,3000,3000,0.5,1000,30,20,4.1623,0.0844,10.2342,True,-11.4142,431.143,-0.1482,4.1883,842779.6222,0.0,0.9629,0,True,42
TBI0134,tbi_moderate,3,3,6,3,10,three_prong_clamp,200,108,5,True,195.0,181.6512,908.2562,240,3000,3000,0.5,1000,30,20,3.0827,0.0877,6.9248,True,3.7288,750.61,0.1033,2.7341,1495400.2444,0.25,0.9436,0,True,42
TBI0135,tbi_moderate,4,3,4,1,10,three_prong_clamp,200,108,5,True,195.0,215.9314,1079.6571,240,3000,3000,0.5,1000,30,20,2.6025,0.078,1.7173,True,25.4206,4464.1148,1.3941,12.9231,237146032.2385,3.5,0.2208,2,True,42
TBI0135,tbi_moderate,4,3,5,2,10,three_prong_clamp,200,108,5,True,195.0,215.9314,1079.6571,240,3000,3000,0.5,1000,30,20,2.9617,0.067,34.9179,True,27.7207,4128.0733,1.8936,9.4451,179201866.6728,3.0,0.3913,2,True,42
TBI0135,tbi_moderate,4,3,6,3,10,three_prong_clamp,200,108,5,True,195.0,215.9314,1079.6571,240,3000,3000,0.5,1000,30,20,2.692,0.1238,15.9183,True,20.2776,3382.4011,1.2196,8.8142,107815253.8023,2.25,0.4052,2,True,42
TBI0136,tbi_moderate,4,3,4,1,10,three_prong_clamp,200,108,5,True,195.0,173.1929,865.9646,240,3000,3000,0.5,1000,30,20,3.3663,0.0375,4.497,True,-4.2979,441.1077,-0.2002,2.9042,493276.4361,0.25,0.9011,0,True,42
TBI0136,tbi_moderate,4,3,5,2,10,three_prong_clamp,200,108,5,True,195.0,173.1929,865.9646,240,3000,3000,0.5,1000,30,20,2.7768,0.0588,11.3425,True,-3.8838,590.335,0.2729,2.9047,1057914.3348,0.0,0.9694,0,True,42
TBI0136,tbi_moderate,4,3,6,3,10,three_prong_clamp,200,108,5,True,195.0,173.1929,865.9646,240,3000,3000,0.5,1000,30,20,2.7577,0.1075,10.6841,True,9.2798,2564.0714,1.7752,10.567,71057811.5163,2.5,0.3398,2,True,42
TBI0137,tbi_moderate,1,3,4,1,10,three_prong_clamp,200,108,5,True,195.0,206.9739,1034.8696,240,3000,3000,0.5,1000,30,20,2.6598,0.161,7.6206,True,0.3217,1773.2464,1.0853,5.7988,16520097.2229,1.0,0.5591,1,True,42
TBI0137,tbi_moderate,1,3,5,2,10,three_prong_clamp,200,108,5,True,195.0,206.9739,1034.8696,240,3000,3000,0.5,1000,30,20,3.0328,0.0668,25.4936,True,5.4869,1297.0989,0.7117,4.7826,8268189.8851,1.0,0.6412,1,True,42
TBI0137,tbi_moderate,1,3,6,3,10,three_prong_clamp,200,108,5,True,195.0,206.9739,1034.8696,240,3000,3000,0.5,1000,30,20,3.0633,0.0495,18.3336,True,25.3686,1203.338,1.0679,5.5962,8136966.433,0.5,0.6477,1,True,42
TBI0138,tbi_moderate,4,3,4,1,10,three_prong_clamp,200,108,5,True,195.0,193.2555,966.2773,240,3000,3000,0.5,1000,30,20,2.9761,0.07,1.8224,True,4.9037,542.5296,0.1795,3.5088,839912.2836,0.0,0.8213,0,True,42
TBI0138,tbi_moderate,4,3,5,2,10,three_prong_clamp,200,108,5,True,195.0,193.2555,966.2773,240,3000,3000,0.5,1000,30,20,3.0177,0.0662,4.5015,True,6.8663,980.438,0.6795,3.644,4094424.4712,0.0,0.8417,0,True,42
TBI0138,tbi_moderate,4,3,6,3,10,three_prong_clamp,200,108,5,True,195.0,193.2555,966.2773,240,3000,3000,0.5,1000,30,20,3.0942,0.0682,3.0019,True,3.3368,657.5195,0.1969,3.7158,1714283.6459,0.0,0.8631,0,True,42
TBI0139,tbi_moderate,1,3,4,1,10,three_prong_clamp,200,108,5,True,195.0,192.3832,961.9162,240,3000,3000,0.5,1000,30,20,2.5933,0.0809,7.4377,True,-1.2367,1399.1487,0.7023,6.2114,11075913.7232,0.75,0.546,1,True,42
TBI0139,tbi_moderate,1,3,5,2,10,three_prong_clamp,200,108,5,True,195.0,192.3832,961.9162,240,3000,3000,0.5,1000,30,20,3.0718,0.0946,20.5508,True,7.0503,1326.7333,1.0001,8.202,12780677.0866,1.5,0.463,1,True,42
TBI0139,tbi_moderate,1,3,6,3,10,three_prong_clamp,200,108,5,True,195.0,192.3832,961.9162,240,3000,3000,0.5,1000,30,20,2.8082,0.0662,18.9846,True,4.5911,1353.5497,0.4912,5.9682,9747988.8849,1.0,0.7346,1,True,42
TBI0140,tbi_moderate,1,3,4,1,10,three_prong_clamp,200,108,5,True,195.0,172.1857,860.9287,240,3000,3000,0.5,1000,30,20,2.6328,0.0661,10.8221,True,19.5719,5756.1119,1.4778,13.1734,403715582.814,3.25,0.2675,2,True,42
TBI0140,tbi_moderate,1,3,5,2,10,three_prong_clamp,200,108,5,True,195.0,172.1857,860.9287,240,3000,3000,0.5,1000,30,20,3.0584,0.0795,12.5864,True,25.7248,5778.3141,1.4211,11.6774,379331909.902,5.25,0.2417,2,True,42
TBI0140,tbi_moderate,1,3,6,3,10,three_prong_clamp,200,108,5,True,195.0,172.1857,860.9287,240,3000,3000,0.5,1000,30,20,2.691,0.0615,69.4848,False,11.9426,1748.3158,0.5687,5.5962,14206750.8463,1.25,0.5358,1,True,42
TBI0141,tbi_moderate,4,3,4,1,10,three_prong_clamp,200,108,5,True,195.0,189.8723,949.3614,240,3000,3000,0.5,1000,30,20,3.0239,0.0856,12.6854,True,6.4493,1016.3178,0.7892,6.5255,7030820.7178,0.5,0.5722,1,True,42
TBI0141,tbi_moderate,4,3,5,2,10,three_prong_clamp,200,108,5,True,195.0,189.8723,949.3614,240,3000,3000,0.5,1000,30,20,2.961,0.074,7.068,True,17.7039,3537.3037,1.3506,8.4812,107035072.0702,2.0,0.167,2,True,42
TBI0141,tbi_moderate,4,3,6,3,10,three_prong_clamp,200,108,5,True,195.0,189.8723,949.3614,240,3000,3000,0.5,1000,30,20,2.7554,0.1046,5.0846,True,15.8549,3626.1664,1.6154,11.2395,138830801.4197,3.25,0.3231,2,True,42
TBI0142,tbi_moderate,1,3,4,1,10,three_prong_clamp,200,108,5,True,195.0,161.9505,809.7527,240,3000,3000,0.5,1000,30,20,2.7964,0.0585,11.9397,True,35.7999,6400.3246,0.8483,13.48,540116079.2471,4.75,0.3076,2,True,42
TBI0142,tbi_moderate,1,3,5,2,10,three_prong_clamp,200,108,5,True,195.0,161.9505,809.7527,240,3000,3000,0.5,1000,30,20,2.7696,0.1185,27.6724,True,26.338,3479.9614,1.7817,10.6674,124196369.6279,3.0,0.2396,2,True,42
TBI0142,tbi_moderate,1,3,6,3,10,three_prong_clamp,200,108,5,True,195.0,161.9505,809.7527,240,3000,3000,0.5,1000,30,20,3.2228,0.0869,12.7511,True,32.7581,5608.0539,1.2347,8.6024,277320460.448,2.75,0.1925,2,True,42
TBI0143,tbi_moderate,3,3,4,1,10,three_prong_clamp,200,108,5,True,195.0,199.2481,996.2407,240,3000,3000,0.5,1000,30,20,3.2539,0.053,11.4351,True,3.2673,533.539,-0.1414,2.7053,829625.3073,0.25,0.8244,0,True,42
TBI0143,tbi_moderate,3,3,5,2,10,three_prong_clamp,200,108,5,True,195.0,199.2481,996.2407,240,3000,3000,0.5,1000,30,20,3.1702,0.0465,5.4904,True,32.2052,3710.5996,1.6244,8.3807,110485958.517,2.25,0.1793,2,True,42
TBI0143,tbi_moderate,3,3,6,3,10,three_prong_clamp,200,108,5,True,195.0,199.2481,996.2407,240,3000,3000,0.5,1000,30,20,2.6566,0.0769,1.1375,True,3.454,1349.2971,0.6351,5.8587,10849435.323,0.75,0.6403,1,True,42
TBI0144,tbi_moderate,2,3,4,1,10,three_prong_clamp,200,108,5,True,195.0,172.1095,860.5473,240,3000,3000,0.5,1000,30,20,3.1542,0.0583,8.9675,True,4.6766,1330.3104,0.7898,4.9837,9398454.0405,0.5,0.7523,1,True,42
TBI0144,tbi_moderate,2,3,5,2,10,three_prong_clamp,200,108,5,True,195.0,172.1095,860.5473,240,3000,3000,0.5,1000,30,20,3.0728,0.0926,56.8292,False,25.1504,1813.0093,0.5186,4.9358,15864517.9328,0.75,0.61,1,True,42
TBI0144,tbi_moderate,2,3,6,3,10,three_prong_clamp,200,108,5,True,195.0,172.1095,860.5473,240,3000,3000,0.5,1000,30,20,2.5528,0.0594,29.3046,True,4.011,432.9352,0.0062,3.1305,636369.1912,0.0,0.9244,0,True,42
TBI0145,tbi_moderate,3,3,4,1,10,three_prong_clamp,200,108,5,True,195.0,194.4204,972.1022,240,3000,3000,0.5,1000,30,20,3.5685,0.118,10.092,True,19.0901,4568.2185,1.267,9.4318,175901805.1677,2.5,0.3119,2,True,42
TBI0145,tbi_moderate,3,3,5,2,10,three_prong_clamp,200,108,5,True,195.0,194.4204,972.1022,240,3000,3000,0.5,1000,30,20,3.3865,0.0804,12.1922,True,8.8728,1264.0709,1.0295,5.6428,9393652.6715,0.75,0.6556,1,True,42
TBI0145,tbi_moderate,3,3,6,3,10,three_prong_clamp,200,108,5,True,195.0,194.4204,972.1022,240,3000,3000,0.5,1000,30,20,2.7776,0.1193,8.7157,True,11.4553,1193.9143,0.7358,6.3195,9757176.9811,1.0,0.5315,1,True,42
TBI0146,tbi_moderate,3,3,4,1,10,three_prong_clamp,200,108,5,True,195.0,181.8595,909.2976,240,3000,3000,0.5,1000,30,20,2.8037,0.0832,4.9384,True,9.5576,1747.6607,0.8581,5.4277,16211876.0612,1.5,0.5664,1,True,42
TBI0146,tbi_moderate,3,3,5,2,10,three_prong_clamp,200,108,5,True,195.0,181.8595,909.2976,240,3000,3000,0.5,1000,30,20,2.5308,0.0653,24.0977,True,8.6018,1521.1063,0.597,6.0092,13561755.3274,0.75,0.6283,1,True,42
TBI0146,tbi_moderate,3,3,6,3,10,three_prong_clamp,200,108,5,True,195.0,181.8595,909.2976,240,3000,3000,0.5,1000,30,20,2.7681,0.0777,3.3378,True,30.7712,4704.1001,1.4844,10.6322,194838948.7239,3.75,0.2775,2,True,42
TBI0147,tbi_moderate,3,3,4,1,10,three_prong_clamp,200,108,5,True,195.0,207.3985,1036.9927,240,3000,3000,0.5,1000,30,20,3.546,0.0746,33.133,True,-13.6104,455.1735,0.304,2.926,522496.2058,0.0,0.794,0,True,42
TBI0147,tbi_moderate,3,3,5,2,10,three_prong_clamp,200,108,5,True,195.0,207.3985,1036.9927,240,3000,3000,0.5,1000,30,20,2.9984,0.0636,7.9975,True,0.1619,734.0061,-0.2047,2.5959,1503101.1291,0.0,0.8727,0,True,42
TBI0147,tbi_moderate,3,3,6,3,10,three_prong_clamp,200,108,5,True,195.0,207.3985,1036.9927,240,3000,3000,0.5,1000,30,20,2.8732,0.1466,18.5698,True,-2.0884,479.5101,0.0449,2.4314,485310.6854,0.0,0.8603,0,True,42
TBI0148,tbi_moderate,1,3,4,1,10,three_prong_clamp,200,108,5,True,195.0,210.1334,1050.6671,240,3000,3000,0.5,1000,30,20,2.9242,0.0766,16.9874,True,11.1012,1692.1114,0.8938,5.9696,17532404.6189,1.5,0.4687,1,True,42
TBI0148,tbi_moderate,1,3,5,2,10,three_prong_clamp,200,108,5,True,195.0,210.1334,1050.6671,240,3000,3000,0.5,1000,30,20,2.876,0.0783,19.6813,True,12.0158,1846.0136,1.0215,5.9175,22657322.7274,0.75,0.635,1,True,42
TBI0148,tbi_moderate,1,3,6,3,10,three_prong_clamp,200,108,5,True,195.0,210.1334,1050.6671,240,3000,3000,0.5,1000,30,20,3.1296,0.0596,3.8281,True,10.0314,759.3367,-0.2499,3.9184,2304018.6678,0.0,0.8915,0,True,42
TBI0149,tbi_moderate,3,3,4,1,10,three_prong_clamp,200,108,5,True,195.0,163.1268,815.6338,240,3000,3000,0.5,1000,30,20,2.8161,0.0619,15.5667,True,17.563,1255.9774,0.6327,4.923,7576397.257,1.0,0.5322,1,True,42
TBI0149,tbi_moderate,3,3,5,2,10,three_prong_clamp,200,108,5,True,195.0,163.1268,815.6338,240,3000,3000,0.5,1000,30,20,3.0924,0.0493,15.3873,True,-5.2301,576.7512,-0.8144,3.0227,996738.457,0.0,0.9616,0,True,42
TBI0149,tbi_moderate,3,3,6,3,10,three_prong_clamp,200,108,5,True,195.0,163.1268,815.6338,240,3000,3000,0.5,1000,30,20,2.3517,0.0945,12.0193,True,6.1261,648.5335,-0.2991,3.326,1191228.0758,0.0,0.8837,0,True,42
TBI0150,tbi_moderate,4,3,4,1,10,three_prong_clamp,200,108,5,True,195.0,222.2668,1111.3341,240,3000,3000,0.5,1000,30,20,3.2844,0.0636,15.6818,True,29.4692,4306.7875,1.2709,9.9903,195709527.7189,3.75,0.3442,2,True,42
TBI0150,tbi_moderate,4,3,5,2,10,three_prong_clamp,200,108,5,True,195.0,222.2668,1111.3341,240,3000,3000,0.5,1000,30,20,3.262,0.0728,5.5285,True,29.3082,3416.9361,1.3123,8.9549,117266173.9552,1.75,0.3291,2,True,42
TBI0150,tbi_moderate,4,3,6,3,10,three_prong_clamp,200,108,5,True,195.0,222.2668,1111.3341,240,3000,3000,0.5,1000,30,20,2.7568,0.0558,2.1533,True,0.8808,527.1626,-0.0329,2.8855,752310.3566,0.0,0.9108,0,True,42
TBI0151,tbi_moderate,4,3,4,1,10,three_prong_clamp,200,108,5,True,195.0,198.0271,990.1357,240,3000,3000,0.5,1000,30,20,3.1475,0.0804,13.098,True,5.2909,914.8168,-0.4136,2.5557,1815708.4695,0.0,0.9228,0,True,42
TBI0151,tbi_moderate,4,3,5,2,10,three_prong_clamp,200,108,5,True,195.0,198.0271,990.1357,240,3000,3000,0.5,1000,30,20,2.761,0.0903,4.8364,True,32.6456,3760.6555,1.7224,11.703,190332611.0498,5.5,0.1478,2,True,42
TBI0151,tbi_moderate,4,3,6,3,10,three_prong_clamp,200,108,5,True,195.0,198.0271,990.1357,240,3000,3000,0.5,1000,30,20,2.6915,0.0508,20.8878,True,7.5813,1785.7286,0.4252,5.8279,19531124.4268,0.5,0.654,1,True,42
TBI0152,tbi_moderate,2,3,4,1,10,three_prong_clamp,200,108,5,True,195.0,196.5219,982.6095,240,3000,3000,0.5,1000,30,20,2.9128,0.1147,11.3947,True,16.6295,5956.5226,1.4722,10.8301,356020596.033,3.0,0.3065,2,True,42
TBI0152,tbi_moderate,2,3,5,2,10,three_prong_clamp,200,108,5,True,195.0,196.5219,982.6095,240,3000,3000,0.5,1000,30,20,3.3498,0.061,3.528,True,21.2801,5382.4255,1.4043,9.0898,225560093.3074,4.25,0.3501,2,True,42
TBI0152,tbi_moderate,2,3,6,3,10,three_prong_clamp,200,108,5,True,195.0,196.5219,982.6095,240,3000,3000,0.5,1000,30,20,3.154,0.0633,7.8861,True,26.3969,3007.0071,1.6779,11.9743,95277954.9894,2.75,0.3208,2,True,42
TBI0153,tbi_moderate,4,3,4,1,10,three_prong_clamp,200,108,5,True,195.0,201.3606,1006.803,240,3000,3000,0.5,1000,30,20,3.0801,0.0865,4.9219,True,14.4158,3187.2637,1.0095,9.2738,89199736.1244,3.25,0.3313,2,True,42
TBI0153,tbi_moderate,4,3,5,2,10,three_prong_clamp,200,108,5,True,195.0,201.3606,1006.803,240,3000,3000,0.5,1000,30,20,2.8288,0.3292,10.93,False,29.9912,5102.5251,1.9264,7.4537,171528625.4978,4.25,0.285,2,True,42
TBI0154,tbi_moderate,4,3,4,1,10,three_prong_clamp,200,108,5,True,195.0,198.1692,990.8458,240,3000,3000,0.5,1000,30,20,2.906,0.0686,9.5563,True,9.267,3863.6218,1.5866,13.0644,199360162.414,3.25,0.2534,2,True,42
TBI0154,tbi_moderate,4,3,5,2,10,three_prong_clamp,200,108,5,True,195.0,198.1692,990.8458,240,3000,3000,0.5,1000,30,20,3.052,0.0745,10.2764,True,15.656,3443.3672,1.3314,7.3811,96264143.8675,3.0,0.2176,2,True,42
TBI0154,tbi_moderate,4,3,6,3,10,three_prong_clamp,200,108,5,True,195.0,198.1692,990.8458,240,3000,3000,0.5,1000,30,20,3.4207,0.1,1.5494,True,16.5394,1222.0374,0.8017,7.9586,12120856.4336,0.5,0.5573,1,True,42
TBI0155,tbi_moderate,1,3,4,1,10,three_prong_clamp,200,108,5,True,195.0,190.3488,951.744,240,3000,3000,0.5,1000,30,20,2.8803,0.0937,13.3633,True,16.7094,2190.1857,0.9444,5.7048,22738386.4706,2.25,0.6625,1,True,42
TBI0155,tbi_moderate,1,3,5,2,10,three_prong_clamp,200,108,5,True,195.0,190.3488,951.744,240,3000,3000,0.5,1000,30,20,3.1617,0.096,21.5346,True,0.2233,1825.4997,0.666,6.2788,21466287.1932,1.0,0.5386,1,True,42
TBI0155,tbi_moderate,1,3,6,3,10,three_prong_clamp,200,108,5,True,195.0,190.3488,951.744,240,3000,3000,0.5,1000,30,20,3.3624,0.0685,23.1051,True,14.6873,1445.918,0.8085,5.2614,10364890.7159,0.0,0.5054,1,True,42
TBI0156,tbi_moderate,4,3,4,1,10,three_prong_clamp,200,108,5,True,195.0,198.6871,993.4357,240,3000,3000,0.5,1000,30,20,3.2392,0.0687,56.4835,False,-6.1808,1175.5634,0.8129,6.3237,8244803.3882,1.0,0.4474,1,True,42
TBI0156,tbi_moderate,4,3,5,2,10,three_prong_clamp,200,108,5,True,195.0,198.6871,993.4357,240,3000,3000,0.5,1000,30,20,3.101,0.0621,19.7927,True,28.114,4156.5395,1.5151,11.9247,209025530.4319,4.75,0.2806,2,True,42
TBI0156,tbi_moderate,4,3,6,3,10,three_prong_clamp,200,108,5,True,195.0,198.6871,993.4357,240,3000,3000,0.5,1000,30,20,2.8444,0.1,9.697,True,-0.5156,1700.7419,0.5539,5.7452,16865604.9177,0.75,0.5777,1,True,42
TBI0157,tbi_moderate,2,3,4,1,10,three_prong_clamp,200,108,5,True,195.0,197.0445,985.2226,240,3000,3000,0.5,1000,30,20,3.4384,0.061,22.6235,True,1.4218,993.7178,0.3994,3.7716,4105590.5382,0.0,0.9147,0,True,42
TBI0157,tbi_moderate,2,3,5,2,10,three_prong_clamp,200,108,5,True,195.0,197.0445,985.2226,240,3000,3000,0.5,1000,30,20,2.9513,0.0705,10.0174,True,7.9092,2088.234,0.5966,6.5883,26686956.6312,1.75,0.5647,1,True,42
TBI0157,tbi_moderate,2,3,6,3,10,three_prong_clamp,200,108,5,True,195.0,197.0445,985.2226,240,3000,3000,0.5,1000,30,20,2.7063,0.0748,7.6909,True,24.0493,7976.9476,0.9985,14.8554,954158085.9477,3.25,0.3584,2,True,42
TBI0158,tbi_moderate,3,3,4,1,10,three_prong_clamp,200,108,5,True,195.0,216.5771,1082.8856,240,3000,3000,0.5,1000,30,20,2.8601,0.0476,9.8325,True,0.4008,1614.4857,1.0743,7.5214,16520216.2321,1.0,0.5156,1,True,42
TBI0158,tbi_moderate,3,3,5,2,10,three_prong_clamp,200,108,5,True,195.0,216.5771,1082.8856,240,3000,3000,0.5,1000,30,20,2.3978,0.0703,11.9727,True,24.2603,4795.8624,1.4755,9.11,252448636.9099,2.25,0.182,2,True,42
TBI0158,tbi_moderate,3,3,6,3,10,three_prong_clamp,200,108,5,True,195.0,216.5771,1082.8856,240,3000,3000,0.5,1000,30,20,2.9902,0.1086,13.4078,True,-3.1636,5169.3052,1.5749,10.3761,318279186.3944,3.5,0.2933,2,True,42
TBI0159,tbi_moderate,4,3,4,1,10,three_prong_clamp,200,108,5,True,195.0,206.4724,1032.3619,240,3000,3000,0.5,1000,30,20,2.5357,0.0698,12.2859,True,5.0952,670.2174,0.2621,3.397,1476570.5171,0.0,0.7832,0,True,42
TBI0159,tbi_moderate,4,3,5,2,10,three_prong_clamp,200,108,5,True,195.0,206.4724,1032.3619,240,3000,3000,0.5,1000,30,20,3.0853,0.0942,6.7036,True,11.0217,707.7762,-0.1049,3.405,1805817.4155,0.0,0.7741,0,True,42
TBI0159,tbi_moderate,4,3,6,3,10,three_prong_clamp,200,108,5,True,195.0,206.4724,1032.3619,240,3000,3000,0.5,1000,30,20,2.8464,0.1122,35.6901,True,19.7431,1480.863,1.028,6.1737,12831935.6095,1.0,0.5284,1,True,42
TBI0160,tbi_moderate,4,3,4,1,10,three_prong_clamp,200,108,5,True,195.0,196.1744,980.8722,240,3000,3000,0.5,1000,30,20,3.1766,0.0676,2.2321,True,19.5278,4253.5992,1.8199,10.704,180407722.4819,2.75,0.2948,2,True,42
TBI0160,tbi_moderate,4,3,5,2,10,three_prong_clamp,200,108,5,True,195.0,196.1744,980.8722,240,3000,3000,0.5,1000,30,20,2.9904,0.0719,3.384,True,11.9774,3885.3401,1.0711,10.9033,187640497.8338,2.5,0.2923,2,True,42
TBI0160,tbi_moderate,4,3,6,3,10,three_prong_clamp,200,108,5,True,195.0,196.1744,980.8722,240,3000,3000,0.5,1000,30,20,3.2498,0.0861,24.9305,True,28.5147,5090.4708,1.4093,9.5751,244567034.2467,4.0,0.3824,2,True,42
TBI0161,tbi_moderate,2,3,4,1,10,three_prong_clamp,200,108,5,True,195.0,182.4607,912.3033,240,3000,3000,0.5,1000,30,20,2.804,0.0662,8.5659,True,10.6242,2017.1304,0.4981,7.0922,30370048.546,0.5,0.5153,1,True,42
TBI0161,tbi_moderate,2,3,5,2,10,three_prong_clamp,200,108,5,True,195.0,182.4607,912.3033,240,3000,3000,0.5,1000,30,20,2.9491,0.0567,3.4332,True,14.698,1641.6556,0.7571,5.9484,17084188.7733,1.25,0.5587,1,True,42
TBI0161,tbi_moderate,2,3,6,3,10,three_prong_clamp,200,108,5,True,195.0,182.4607,912.3033,240,3000,3000,0.5,1000,30,20,2.6843,0.075,9.4676,True,22.0477,6681.7539,2.2328,12.2763,564857905.9172,4.75,0.3019,2,True,42
TBI0162,tbi_moderate,1,3,4,1,10,three_prong_clamp,200,108,5,True,195.0,190.3807,951.9035,240,3000,3000,0.5,1000,30,20,3.0865,0.0652,13.2826,True,2.9769,1205.5953,0.683,5.675,8654381.47,1.75,0.6647,1,True,42
TBI0162,tbi_moderate,1,3,5,2,10,three_prong_clamp,200,108,5,True,195.0,190.3807,951.9035,240,3000,3000,0.5,1000,30,20,3.1297,0.0971,4.4931,True,-5.7976,1552.596,0.5541,5.433,13271840.0326,0.75,0.5876,1,True,42
TBI0162,tbi_moderate,1,3,6,3,10,three_prong_clamp,200,108,5,True,195.0,190.3807,951.9035,240,3000,3000,0.5,1000,30,20,3.087,0.0641,15.384,True,12.0568,1565.3497,0.3064,5.993,13898824.1798,0.25,0.6245,1,True,42
TBI0163,tbi_moderate,2,3,4,1,10,three_prong_clamp,200,108,5,True,195.0,201.9718,1009.859,240,3000,3000,0.5,1000,30,20,3.006,0.0783,11.2391,True,7.5822,987.5459,0.6412,3.7916,3354097.7701,1.25,0.6435,1,True,42
TBI0163,tbi_moderate,2,3,5,2,10,three_prong_clamp,200,108,5,True,195.0,201.9718,1009.859,240,3000,3000,0.5,1000,30,20,2.8248,0.0724,10.5199,True,4.3814,1911.2094,1.1168,6.0601,19779867.6597,0.5,0.6419,1,True,42
TBI0163,tbi_moderate,2,3,6,3,10,three_prong_clamp,200,108,5,True,195.0,201.9718,1009.859,240,3000,3000,0.5,1000,30,20,3.2454,0.0824,2.6989,True,10.8715,1105.5521,1.1189,5.4489,6538252.2155,1.75,0.485,1,True,42
TBI0164,tbi_moderate,1,3,4,1,10,three_prong_clamp,200,108,5,True,195.0,183.4363,917.1813,240,3000,3000,0.5,1000,30,20,2.6857,0.0715,8.8072,True,36.1074,5144.2432,1.8446,8.9545,247308656.1396,3.25,0.2325,2,True,42
TBI0164,tbi_moderate,1,3,5,2,10,three_prong_clamp,200,108,5,True,195.0,183.4363,917.1813,240,3000,3000,0.5,1000,30,20,2.8556,0.051,20.4893,True,14.1561,901.5028,0.4717,8.5412,7317037.3145,1.0,0.5048,1,True,42
TBI0164,tbi_moderate,1,3,6,3,10,three_prong_clamp,200,108,5,True,195.0,183.4363,917.1813,240,3000,3000,0.5,1000,30,20,2.9451,0.0462,32.8283,True,8.0812,1036.2676,0.3362,4.9809,6260053.5422,0.5,0.6073,1,True,42
TBI0165,tbi_moderate,4,3,4,1,10,three_prong_clamp,200,108,5,True,195.0,193.7324,968.6619,240,3000,3000,0.5,1000,30,20,2.6896,0.1014,6.3023,True,28.7745,5960.3506,1.3857,13.6922,530531336.9156,3.0,0.3604,2,True,42
TBI0165,tbi_moderate,4,3,5,2,10,three_prong_clamp,200,108,5,True,195.0,193.7324,968.6619,240,3000,3000,0.5,1000,30,20,2.2196,0.0512,6.6214,True,15.148,1823.3525,1.3743,6.6556,21981737.6844,1.0,0.6012,1,True,42
TBI0165,tbi_moderate,4,3,6,3,10,three_prong_clamp,200,108,5,True,195.0,193.7324,968.6619,240,3000,3000,0.5,1000,30,20,2.958,0.0584,15.4208,True,17.4202,5870.5172,1.6211,9.753,342177163.089,3.5,0.2493,2,True,42
TBI0166,tbi_moderate,1,3,4,1,10,three_prong_clamp,200,108,5,True,195.0,198.2694,991.3469,240,3000,3000,0.5,1000,30,20,2.7808,0.0422,9.9485,True,7.1343,485.784,0.0606,3.0213,652087.693,0.0,0.957,0,True,42
TBI0166,tbi_moderate,1,3,5,2,10,three_prong_clamp,200,108,5,True,195.0,198.2694,991.3469,240,3000,3000,0.5,1000,30,20,2.7869,0.0778,11.3116,True,-5.8823,580.0589,-0.2861,3.3157,1337040.7985,0.0,0.8737,0,True,42
TBI0166,tbi_moderate,1,3,6,3,10,three_prong_clamp,200,108,5,True,195.0,198.2694,991.3469,240,3000,3000,0.5,1000,30,20,3.4379,0.102,7.9943,True,17.1771,2590.1889,0.8993,5.5922,34829520.5736,0.5,0.53,1,True,42
TBI0167,tbi_moderate,2,3,4,1,10,three_prong_clamp,200,108,5,True,195.0,195.3295,976.6476,240,3000,3000,0.5,1000,30,20,2.8717,0.0636,65.4406,False,9.5097,1466.2941,0.7453,6.8512,15909537.8364,1.0,0.5666,1,True,42
TBI0167,tbi_moderate,2,3,5,2,10,three_prong_clamp,200,108,5,True,195.0,195.3295,976.6476,240,3000,3000,0.5,1000,30,20,3.0958,0.0708,5.9521,True,1.7036,712.0667,0.6165,2.6808,1471502.6955,0.0,0.8488,0,True,42
TBI0167,tbi_moderate,2,3,6,3,10,three_prong_clamp,200,108,5,True,195.0,195.3295,976.6476,240,3000,3000,0.5,1000,30,20,2.8823,0.1092,4.9111,True,2.899,697.7048,-0.096,3.4651,1486376.1529,0.25,0.8631,0,True,42
TBI0168,tbi_moderate,3,3,4,1,10,three_prong_clamp,200,108,5,True,195.0,166.0901,830.4505,240,3000,3000,0.5,1000,30,20,2.9219,0.0988,10.1953,True,5.9292,537.4164,0.1082,3.4382,929367.9814,0.0,0.8565,0,True,42
TBI0168,tbi_moderate,3,3,5,2,10,three_prong_clamp,200,108,5,True,195.0,166.0901,830.4505,240,3000,3000,0.5,1000,30,20,3.4,0.0489,36.0833,True,2.1524,2283.992,0.8943,5.9862,32312416.7301,1.0,0.6338,1,True,42
TBI0168,tbi_moderate,3,3,6,3,10,three_prong_clamp,200,108,5,True,195.0,166.0901,830.4505,240,3000,3000,0.5,1000,30,20,3.0918,0.0422,31.2969,True,36.4801,6097.3058,1.4298,10.7996,396273334.994,3.5,0.1779,2,True,42
TBI0169,tbi_moderate,1,3,4,1,10,three_prong_clamp,200,108,5,True,195.0,186.5689,932.8445,240,3000,3000,0.5,1000,30,20,2.9944,0.0709,24.9872,True,1.4888,2078.8598,0.8648,7.6302,39407399.604,1.0,0.642,1,True,42
TBI0169,tbi_moderate,1,3,5,2,10,three_prong_clamp,200,108,5,True,195.0,186.5689,932.8445,240,3000,3000,0.5,1000,30,20,3.4627,0.0946,11.9326,True,12.9486,1780.7885,0.8174,5.6578,17209053.9242,0.75,0.733,1,True,42
TBI0169,tbi_moderate,1,3,6,3,10,three_prong_clamp,200,108,5,True,195.0,186.5689,932.8445,240,3000,3000,0.5,1000,30,20,3.1991,0.0665,11.911,True,18.5023,1501.451,0.2969,5.1581,10251890.5831,0.75,0.5485,1,True,42
TBI0170,tbi_moderate,3,3,4,1,10,three_prong_clamp,200,108,5,True,195.0,183.9796,919.8978,240,3000,3000,0.5,1000,30,20,3.3474,0.0977,6.0036,True,12.4569,850.5309,0.0271,4.5494,3049052.742,0.0,0.8976,0,True,42
TBI0170,tbi_moderate,3,3,5,2,10,three_prong_clamp,200,108,5,True,195.0,183.9796,919.8978,240,3000,3000,0.5,1000,30,20,2.8419,0.0631,12.3627,True,4.1818,467.9426,0.4444,3.8166,895302.0884,0.0,0.9408,0,True,42
TBI0170,tbi_moderate,3,3,6,3,10,three_prong_clamp,200,108,5,True,195.0,183.9796,919.8978,240,3000,3000,0.5,1000,30,20,2.9273,0.0671,6.4454,True,1.4629,612.8407,-0.3565,2.9339,1006082.9647,0.0,1.0,0,True,42
TBI0171,tbi_moderate,4,3,4,1,10,three_prong_clamp,200,108,5,True,195.0,195.548,977.74,240,3000,3000,0.5,1000,30,20,2.894,0.1214,17.1538,True,14.849,1395.3804,0.4305,6.3148,10158508.4338,1.5,0.5791,1,True,42
TBI0171,tbi_moderate,4,3,5,2,10,three_prong_clamp,200,108,5,True,195.0,195.548,977.74,240,3000,3000,0.5,1000,30,20,3.2834,0.057,12.8018,True,11.2568,1618.8337,0.4702,6.554,15308100.0154,1.75,0.6453,1,True,42
TBI0171,tbi_moderate,4,3,6,3,10,three_prong_clamp,200,108,5,True,195.0,195.548,977.74,240,3000,3000,0.5,1000,30,20,2.2673,0.1164,6.9827,True,-1.8364,482.205,0.3089,3.1023,669261.3614,0.0,0.8248,0,True,42
TBI0172,tbi_moderate,1,3,4,1,10,three_prong_clamp,200,108,5,True,195.0,174.2573,871.2867,240,3000,3000,0.5,1000,30,20,2.9367,0.1197,3.5347,True,-5.7229,479.8933,-0.0828,3.1221,630597.5636,0.0,0.8558,0,True,42
TBI0172,tbi_moderate,1,3,5,2,10,three_prong_clamp,200,108,5,True,195.0,174.2573,871.2867,240,3000,3000,0.5,1000,30,20,2.6593,0.0727,31.241,True,-4.1483,756.7796,0.1606,3.1438,1910785.9713,0.0,0.8817,0,True,42
TBI0172,tbi_moderate,1,3,6,3,10,three_prong_clamp,200,108,5,True,195.0,174.2573,871.2867,240,3000,3000,0.5,1000,30,20,2.9816,0.0986,27.0858,True,3.3975,665.0179,-0.0173,3.8885,1756124.6438,0.25,0.9249,0,True,42
TBI0173,tbi_moderate,4,3,4,1,10,three_prong_clamp,200,108,5,True,195.0,202.175,1010.875,240,3000,3000,0.5,1000,30,20,3.1897,0.0724,11.7896,True,-5.2435,487.4328,0.1672,2.6492,647282.2349,0.0,0.9684,0,True,42
TBI0173,tbi_moderate,4,3,5,2,10,three_prong_clamp,200,108,5,True,195.0,202.175,1010.875,240,3000,3000,0.5,1000,30,20,2.8725,0.0746,26.2499,True,14.1741,1967.2982,0.7397,4.3634,15927200.5171,0.75,0.6411,1,True,42
TBI0173,tbi_moderate,4,3,6,3,10,three_prong_clamp,200,108,5,True,195.0,202.175,1010.875,240,3000,3000,0.5,1000,30,20,3.1205,0.0747,5.2621,True,9.0229,1675.8469,0.7375,5.9703,18926551.5,1.0,0.6666,1,True,42
TBI0174,tbi_moderate,2,3,4,1,10,three_prong_clamp,200,108,5,True,195.0,183.8801,919.4006,240,3000,3000,0.5,1000,30,20,3.1016,0.0752,4.5045,True,1.1763,869.668,-0.0669,4.0839,2942344.1736,0.0,0.9088,0,True,42
TBI0174,tbi_moderate,2,3,5,2,10,three_prong_clamp,200,108,5,True,195.0,183.8801,919.4006,240,3000,3000,0.5,1000,30,20,2.8374,0.0901,4.4306,True,1.5862,1141.433,0.3446,2.7119,3212957.2418,0.0,0.8543,0,True,42
TBI0175,tbi_moderate,2,3,4,1,10,three_prong_clamp,200,108,5,True,195.0,195.3003,976.5013,240,3000,3000,0.5,1000,30,20,2.8253,0.0564,15.7301,True,15.1376,2770.8183,0.7876,4.9382,44659055.0261,1.0,0.5444,1,True,42
TBI0175,tbi_moderate,2,3,5,2,10,three_prong_clamp,200,108,5,True,195.0,195.3003,976.5013,240,3000,3000,0.5,1000,30,20,2.931,0.0597,11.6027,True,20.2293,1862.1119,1.1225,5.9146,20822908.3822,0.75,0.5736,1,True,42
TBI0175,tbi_moderate,2,3,6,3,10,three_prong_clamp,200,108,5,True,195.0,195.3003,976.5013,240,3000,3000,0.5,1000,30,20,2.6749,0.0644,9.0256,True,3.9514,1353.0497,0.7436,6.2347,11974604.7124,1.0,0.6809,1,True,42
TBI0176,tbi_moderate,1,3,4,1,10,three_prong_clamp,200,108,5,True,195.0,188.0118,940.0591,240,3000,3000,0.5,1000,30,20,2.7308,0.0578,6.8107,True,15.508,1775.99,0.7509,4.4857,15908263.7422,0.5,0.5886,1,True,42
TBI0176,tbi_moderate,1,3,5,2,10,three_prong_clamp,200,108,5,True,195.0,188.0118,940.0591,240,3000,3000,0.5,1000,30,20,2.4416,0.1082,22.644,True,15.9441,7323.5394,2.0404,12.8283,610019108.5758,3.5,0.212,2,True,42
TBI0176,tbi_moderate,1,3,6,3,10,three_prong_clamp,200,108,5,True,195.0,188.0118,940.0591,240,3000,3000,0.5,1000,30,20,2.7824,0.0606,6.6432,True,23.8931,8309.8025,1.4656,10.2483,571942028.3111,3.75,0.3394,2,True,42
TBI0177,tbi_moderate,3,3,4,1,10,three_prong_clamp,200,108,5,True,195.0,193.9796,969.898,240,3000,3000,0.5,1000,30,20,2.9399,0.0752,14.8046,True,37.858,5744.296,1.3039,12.1467,443801144.0067,4.5,0.2683,2,True,42
TBI0177,tbi_moderate,3,3,5,2,10,three_prong_clamp,200,108,5,True,195.0,193.9796,969.898,240,3000,3000,0.5,1000,30,20,2.8382,0.1113,10.4441,True,-6.7935,470.4655,-0.1518,3.0762,765831.9373,0.0,0.9032,0,True,42
TBI0177,tbi_moderate,3,3,6,3,10,three_prong_clamp,200,108,5,True,195.0,193.9796,969.898,240,3000,3000,0.5,1000,30,20,3.4723,0.0739,4.3787,True,-6.7767,421.4716,-0.3052,2.9193,464217.0001,0.0,0.8946,0,True,42
TBI0178,tbi_moderate,2,3,4,1,10,three_prong_clamp,200,108,5,True,195.0,190.5664,952.8318,240,3000,3000,0.5,1000,30,20,3.2067,0.0482,12.0004,True,37.4678,3501.086,1.6582,8.2376,101733426.9813,3.75,0.271,2,True,42
TBI0178,tbi_moderate,2,3,5,2,10,three_prong_clamp,200,108,5,True,195.0,190.5664,952.8318,240,3000,3000,0.5,1000,30,20,3.3338,0.0949,13.8268,True,21.4414,8937.0203,1.5856,12.3586,978362192.4262,2.75,0.2368,2,True,42
TBI0178,tbi_moderate,2,3,6,3,10,three_prong_clamp,200,108,5,True,195.0,190.5664,952.8318,240,3000,3000,0.5,1000,30,20,2.7881,0.1073,14.3242,True,3.1897,1027.0705,0.3286,5.5704,6078838.5588,0.0,0.6348,1,True,42
TBI0179,tbi_moderate,2,3,4,1,10,three_prong_clamp,200,108,5,True,195.0,171.7159,858.5797,240,3000,3000,0.5,1000,30,20,3.2283,0.0507,9.1907,True,-7.4692,630.9815,0.2318,2.8651,1025023.3947,0.0,0.8653,0,True,42
TBI0179,tbi_moderate,2,3,5,2,10,three_prong_clamp,200,108,5,True,195.0,171.7159,858.5797,240,3000,3000,0.5,1000,30,20,2.906,0.0756,10.0455,True,3.457,469.8584,0.2045,2.7452,599462.8509,0.0,0.8678,0,True,42
TBI0179,tbi_moderate,2,3,6,3,10,three_prong_clamp,200,108,5,True,195.0,171.7159,858.5797,240,3000,3000,0.5,1000,30,20,2.728,0.1308,5.9482,True,7.5759,498.4034,-0.3064,2.9413,835246.8002,0.0,0.9188,0,True,42
TBI0180,tbi_moderate,1,3,4,1,10,three_prong_clamp,200,108,5,True,195.0,185.9048,929.524,240,3000,3000,0.5,1000,30,20,2.918,0.1322,18.3406,True,21.3291,5592.6479,1.7175,11.8026,360327407.8938,3.25,0.2886,2,True,42
TBI0180,tbi_moderate,1,3,5,2,10,three_prong_clamp,200,108,5,True,195.0,185.9048,929.524,240,3000,3000,0.5,1000,30,20,2.7784,0.0917,23.0327,True,7.9771,1827.0195,0.3561,6.6002,20926161.0699,0.25,0.7058,1,True,42
TBI0180,tbi_moderate,1,3,6,3,10,three_prong_clamp,200,108,5,True,195.0,185.9048,929.524,240,3000,3000,0.5,1000,30,20,3.2289,0.0883,3.0057,True,26.0254,1407.859,0.7149,6.3776,12681076.195,1.25,0.6095,1,True,42
TBI0181,tbi_high,2,3,4,1,10,three_prong_clamp,200,108,7,True,195.0,193.1672,1352.1704,240,3000,3000,0.5,1000,30,20,2.8163,0.0644,5.6862,True,12.5434,1378.6214,0.5233,6.1068,12088774.6512,0.75,0.6463,1,True,42
TBI0181,tbi_high,2,3,5,2,10,three_prong_clamp,200,108,7,True,195.0,193.1672,1352.1704,240,3000,3000,0.5,1000,30,20,3.1085,0.0516,2.1703,True,16.7858,2343.8336,1.3611,9.6114,48956600.2733,1.5,0.2514,2,True,42
TBI0181,tbi_high,2,3,6,3,10,three_prong_clamp,200,108,7,True,195.0,193.1672,1352.1704,240,3000,3000,0.5,1000,30,20,2.9114,0.0864,4.7806,True,-3.6162,1219.4073,0.4092,5.1197,6322756.202,1.0,0.5304,1,True,42
TBI0182,tbi_high,1,3,4,1,10,three_prong_clamp,200,108,7,True,195.0,205.1386,1435.97,240,3000,3000,0.5,1000,30,20,3.5035,0.0615,11.9883,True,0.7347,1834.201,1.0796,6.3756,21651064.899,0.5,0.6373,1,True,42
TBI0182,tbi_high,1,3,5,2,10,three_prong_clamp,200,108,7,True,195.0,205.1386,1435.97,240,3000,3000,0.5,1000,30,20,3.2861,0.1044,3.681,True,24.1156,5034.6761,1.0787,10.6697,319248435.9447,4.0,0.255,2,True,42
TBI0182,tbi_high,1,3,6,3,10,three_prong_clamp,200,108,7,True,195.0,205.1386,1435.97,240,3000,3000,0.5,1000,30,20,2.9653,0.0579,13.9502,True,9.3176,2484.4673,0.7202,4.9578,27332274.4211,0.25,0.6025,1,True,42
TBI0183,tbi_high,4,3,4,1,10,three_prong_clamp,200,108,7,True,195.0,206.9669,1448.768,240,3000,3000,0.5,1000,30,20,2.9509,0.0588,27.5869,True,17.553,5747.8216,1.2988,10.2587,293670992.2365,4.0,0.2574,2,True,42
TBI0183,tbi_high,4,3,5,2,10,three_prong_clamp,200,108,7,True,195.0,206.9669,1448.768,240,3000,3000,0.5,1000,30,20,3.1053,0.0661,7.643,True,-1.7655,506.4504,0.0701,3.6205,955806.0874,0.0,0.7271,0,True,42
TBI0183,tbi_high,4,3,6,3,10,three_prong_clamp,200,108,7,True,195.0,206.9669,1448.768,240,3000,3000,0.5,1000,30,20,3.4936,0.0797,9.5509,True,-6.3463,773.8924,-0.3134,3.4689,2177346.6197,0.0,0.7601,0,True,42
TBI0184,tbi_high,4,3,4,1,10,three_prong_clamp,200,108,7,True,195.0,202.3312,1416.3186,240,3000,3000,0.5,1000,30,20,3.2679,0.0668,6.5067,True,-1.0353,724.1684,0.0782,3.4239,1801150.0141,0.0,0.8449,0,True,42
TBI0184,tbi_high,4,3,5,2,10,three_prong_clamp,200,108,7,True,195.0,202.3312,1416.3186,240,3000,3000,0.5,1000,30,20,2.7619,0.3271,4.8653,False,0.2949,793.686,-0.0874,2.5719,1711495.5093,0.25,0.851,0,True,42
TBI0184,tbi_high,4,3,6,3,10,three_prong_clamp,200,108,7,True,195.0,202.3312,1416.3186,240,3000,3000,0.5,1000,30,20,2.9529,0.0862,5.8849,True,7.2483,1602.4088,0.2064,6.25,14820087.0365,1.25,0.4887,1,True,42
TBI0185,tbi_high,2,3,4,1,10,three_prong_clamp,200,108,7,True,195.0,187.3194,1311.2356,240,3000,3000,0.5,1000,30,20,3.0889,0.0583,20.5013,True,15.2558,580.2443,0.3575,3.9362,1392878.2911,0.0,0.9384,0,True,42
TBI0185,tbi_high,2,3,5,2,10,three_prong_clamp,200,108,7,True,195.0,187.3194,1311.2356,240,3000,3000,0.5,1000,30,20,3.1438,0.0722,20.3477,True,-5.0209,514.0701,0.1122,2.5897,591754.9894,0.0,0.9532,0,True,42
TBI0185,tbi_high,2,3,6,3,10,three_prong_clamp,200,108,7,True,195.0,187.3194,1311.2356,240,3000,3000,0.5,1000,30,20,2.9841,0.0815,28.1725,True,2.3862,390.9339,0.0554,2.5978,343920.6867,0.0,0.9003,0,True,42
TBI0186,tbi_high,2,3,4,1,10,three_prong_clamp,200,108,7,True,195.0,163.9533,1147.673,240,3000,3000,0.5,1000,30,20,2.8527,0.0884,25.442,True,-0.334,364.8801,0.0583,2.9648,362689.8002,0.25,0.7852,0,True,42
TBI0186,tbi_high,2,3,5,2,10,three_prong_clamp,200,108,7,True,195.0,163.9533,1147.673,240,3000,3000,0.5,1000,30,20,3.12,0.221,27.9175,False,-1.292,502.1492,-0.336,2.7351,786942.8563,0.0,0.8587,0,True,42
TBI0186,tbi_high,2,3,6,3,10,three_prong_clamp,200,108,7,True,195.0,163.9533,1147.673,240,3000,3000,0.5,1000,30,20,3.2727,0.083,20.2799,True,-3.3037,726.6846,-0.3164,2.6657,1807191.207,0.0,0.8116,0,True,42
TBI0187,tbi_high,2,3,4,1,10,three_prong_clamp,200,108,7,True,195.0,164.3232,1150.2621,240,3000,3000,0.5,1000,30,20,3.0653,0.0774,12.684,True,0.1753,2176.0418,0.5181,4.1076,19795871.2031,1.5,0.6323,1,True,42
TBI0187,tbi_high,2,3,5,2,10,three_prong_clamp,200,108,7,True,195.0,164.3232,1150.2621,240,3000,3000,0.5,1000,30,20,3.5068,0.0566,1.502,True,-6.7791,842.2004,-0.233,3.4281,2691248.9927,0.0,0.8937,0,True,42
TBI0187,tbi_high,2,3,6,3,10,three_prong_clamp,200,108,7,True,195.0,164.3232,1150.2621,240,3000,3000,0.5,1000,30,20,3.0726,0.178,14.6967,True,0.0787,1789.6997,0.3226,5.0363,15683997.4421,1.75,0.6142,1,True,42
TBI0188,tbi_high,1,3,4,1,10,three_prong_clamp,200,108,7,True,195.0,199.2548,1394.7833,240,3000,3000,0.5,1000,30,20,2.8689,0.0927,26.5242,True,22.5846,2267.8245,1.0064,7.3649,37072417.5366,0.75,0.5435,1,True,42
TBI0188,tbi_high,1,3,5,2,10,three_prong_clamp,200,108,7,True,195.0,199.2548,1394.7833,240,3000,3000,0.5,1000,30,20,3.2119,0.05,5.7248,True,6.7453,1769.4099,0.6087,6.5325,21854314.008,0.75,0.6927,1,True,42
TBI0188,tbi_high,1,3,6,3,10,three_prong_clamp,200,108,7,True,195.0,199.2548,1394.7833,240,3000,3000,0.5,1000,30,20,2.8896,0.0759,11.0758,True,21.8961,8254.1473,1.8711,9.7499,825537323.5812,4.5,0.2402,2,True,42
TBI0189,tbi_high,1,3,4,1,10,three_prong_clamp,200,108,7,True,195.0,184.7869,1293.5083,240,3000,3000,0.5,1000,30,20,2.9319,0.0487,5.7982,True,29.3757,4389.5981,1.7204,8.7721,156787165.2884,3.75,0.1955,2,True,42
TBI0189,tbi_high,1,3,5,2,10,three_prong_clamp,200,108,7,True,195.0,184.7869,1293.5083,240,3000,3000,0.5,1000,30,20,2.9729,0.0781,4.5946,True,24.2386,4858.9006,1.4971,8.2349,182728680.9512,3.0,0.1914,2,True,42
TBI0189,tbi_high,1,3,6,3,10,three_prong_clamp,200,108,7,True,195.0,184.7869,1293.5083,240,3000,3000,0.5,1000,30,20,2.9172,0.1056,6.7796,True,6.5422,2654.0689,1.0528,7.4881,56289635.5359,0.5,0.4528,1,True,42
TBI0190,tbi_high,1,3,4,1,10,three_prong_clamp,200,108,7,True,195.0,226.0455,1582.3183,240,3000,3000,0.5,1000,30,20,3.0653,0.1238,13.5764,True,25.6341,5871.5983,2.2852,11.6465,384948542.5719,4.25,0.1085,2,True,42
TBI0190,tbi_high,1,3,5,2,10,three_prong_clamp,200,108,7,True,195.0,226.0455,1582.3183,240,3000,3000,0.5,1000,30,20,2.6798,0.1182,4.3201,True,11.3568,1483.1965,0.4212,6.5238,13057881.3711,1.25,0.5695,1,True,42
TBI0191,tbi_high,1,3,4,1,10,three_prong_clamp,200,108,7,True,195.0,152.5592,1067.9141,240,3000,3000,0.5,1000,30,20,2.8459,0.0806,1.5349,True,35.4183,4486.417,1.6083,13.2123,278513946.4683,2.75,0.225,2,True,42
TBI0191,tbi_high,1,3,5,2,10,three_prong_clamp,200,108,7,True,195.0,152.5592,1067.9141,240,3000,3000,0.5,1000,30,20,2.6613,0.0902,64.7599,False,36.5667,4294.1884,1.535,8.5469,178975342.5904,3.25,0.3443,2,True,42
TBI0191,tbi_high,1,3,6,3,10,three_prong_clamp,200,108,7,True,195.0,152.5592,1067.9141,240,3000,3000,0.5,1000,30,20,3.1272,0.0683,6.1538,True,26.8013,4029.2765,1.6036,10.3472,168017169.7448,3.5,0.332,2,True,42
TBI0192,tbi_high,3,3,4,1,10,three_prong_clamp,200,108,7,True,195.0,215.4693,1508.2851,240,3000,3000,0.5,1000,30,20,3.0281,0.0699,4.3337,True,14.6808,1849.1546,1.1073,6.0959,22405269.3479,1.5,0.6278,1,True,42
TBI0192,tbi_high,3,3,5,2,10,three_prong_clamp,200,108,7,True,195.0,215.4693,1508.2851,240,3000,3000,0.5,1000,30,20,3.0176,0.1201,19.1909,True,-0.3428,803.2511,-0.3128,4.0807,3022257.6913,0.0,1.0,0,True,42
TBI0192,tbi_high,3,3,6,3,10,three_prong_clamp,200,108,7,True,195.0,215.4693,1508.2851,240,3000,3000,0.5,1000,30,20,3.0584,0.0484,16.8639,True,4.3716,477.4491,-0.391,3.4894,824077.9017,0.0,0.9686,0,True,42
TBI0193,tbi_high,1,3,4,1,10,three_prong_clamp,200,108,7,True,195.0,199.7936,1398.5555,240,3000,3000,0.5,1000,30,20,2.9378,0.0839,8.4845,True,-0.9815,1114.4491,0.9577,5.5356,7513017.5191,0.5,0.7058,1,True,42
TBI0193,tbi_high,1,3,5,2,10,three_prong_clamp,200,108,7,True,195.0,199.7936,1398.5555,240,3000,3000,0.5,1000,30,20,2.91,0.0733,9.3841,True,6.1106,376.9053,0.2442,2.1451,354863.8563,0.0,0.9394,0,True,42
TBI0193,tbi_high,1,3,6,3,10,three_prong_clamp,200,108,7,True,195.0,199.7936,1398.5555,240,3000,3000,0.5,1000,30,20,3.3657,0.0735,27.3748,True,7.6828,556.6891,0.0278,3.1978,971154.6459,0.0,0.8616,0,True,42
TBI0194,tbi_high,4,3,4,1,10,three_prong_clamp,200,108,7,True,195.0,203.1485,1422.0395,240,3000,3000,0.5,1000,30,20,3.2182,0.0716,68.7655,False,13.0721,2133.782,0.6704,5.8558,27683276.1649,1.5,0.5629,1,True,42
TBI0194,tbi_high,4,3,5,2,10,three_prong_clamp,200,108,7,True,195.0,203.1485,1422.0395,240,3000,3000,0.5,1000,30,20,3.158,0.0714,2.5229,True,11.7963,1971.4482,0.7026,5.7629,22417499.8596,0.75,0.5716,1,True,42
TBI0195,tbi_high,1,3,4,1,10,three_prong_clamp,200,108,7,True,195.0,190.2403,1331.6822,240,3000,3000,0.5,1000,30,20,2.768,0.1137,64.6452,False,26.9038,4931.0102,1.5916,8.499,230574440.3433,3.0,0.4101,2,True,42
TBI0195,tbi_high,1,3,5,2,10,three_prong_clamp,200,108,7,True,195.0,190.2403,1331.6822,240,3000,3000,0.5,1000,30,20,2.5387,0.0584,10.041,True,24.4707,7159.3131,1.0616,12.1686,611143172.2007,3.0,0.4097,2,True,42
TBI0195,tbi_high,1,3,6,3,10,three_prong_clamp,200,108,7,True,195.0,190.2403,1331.6822,240,3000,3000,0.5,1000,30,20,2.3021,0.2078,13.3464,False,28.4513,6492.0786,1.6203,10.7201,438298388.4683,2.25,0.1923,2,True,42
TBI0196,tbi_high,1,3,4,1,10,three_prong_clamp,200,108,7,True,195.0,192.0584,1344.4085,240,3000,3000,0.5,1000,30,20,3.0482,0.0445,3.2604,True,19.4129,4813.919,1.3868,10.2391,228962290.0167,2.5,0.415,2,True,42
TBI0196,tbi_high,1,3,5,2,10,three_prong_clamp,200,108,7,True,195.0,192.0584,1344.4085,240,3000,3000,0.5,1000,30,20,3.5246,0.0748,13.5484,True,20.6446,3947.4847,1.1784,11.6827,173145060.2428,1.5,0.26,2,True,42
TBI0196,tbi_high,1,3,6,3,10,three_prong_clamp,200,108,7,True,195.0,192.0584,1344.4085,240,3000,3000,0.5,1000,30,20,3.4106,0.0759,9.4688,True,20.0296,4085.9192,1.4226,11.9917,218741628.4224,4.25,0.2601,2,True,42
TBI0197,tbi_high,1,3,4,1,10,three_prong_clamp,200,108,7,True,195.0,179.8995,1259.2968,240,3000,3000,0.5,1000,30,20,3.0047,0.0719,10.6317,True,0.4493,637.0705,-0.1452,3.4308,1383677.9781,0.25,0.8576,0,True,42
TBI0197,tbi_high,1,3,5,2,10,three_prong_clamp,200,108,7,True,195.0,179.8995,1259.2968,240,3000,3000,0.5,1000,30,20,3.2245,0.0798,15.7325,True,7.2186,469.4726,0.1175,2.16,530071.3462,0.0,0.9677,0,True,42
TBI0197,tbi_high,1,3,6,3,10,three_prong_clamp,200,108,7,True,195.0,179.8995,1259.2968,240,3000,3000,0.5,1000,30,20,3.1426,0.0688,6.9562,True,-5.4351,1243.8421,0.531,5.5737,7406243.8294,1.25,0.6614,1,True,42
TBI0198,tbi_high,3,3,4,1,10,three_prong_clamp,200,108,7,True,195.0,193.1438,1352.0065,240,3000,3000,0.5,1000,30,20,3.0532,0.0608,11.3524,True,-3.435,1851.7609,1.0903,6.2534,20781900.8834,0.5,0.5617,1,True,42
TBI0198,tbi_high,3,3,5,2,10,three_prong_clamp,200,108,7,True,195.0,193.1438,1352.0065,240,3000,3000,0.5,1000,30,20,3.3292,0.0565,2.82,True,13.5228,1656.8781,0.6958,6.013,17961846.8436,1.25,0.5627,1,True,42
TBI0198,tbi_high,3,3,6,3,10,three_prong_clamp,200,108,7,True,195.0,193.1438,1352.0065,240,3000,3000,0.5,1000,30,20,3.1068,0.0717,5.4584,True,36.2948,6540.75,1.8352,9.3121,500883188.0052,3.75,0.2634,2,True,42
TBI0199,tbi_high,3,3,4,1,10,three_prong_clamp,200,108,7,True,195.0,212.7715,1489.4005,240,3000,3000,0.5,1000,30,20,2.4878,0.0836,14.1103,True,6.9557,1917.7658,1.0519,6.0328,22842668.0958,1.0,0.573,1,True,42
TBI0199,tbi_high,3,3,5,2,10,three_prong_clamp,200,108,7,True,195.0,212.7715,1489.4005,240,3000,3000,0.5,1000,30,20,3.3513,0.0625,11.1334,True,8.2727,971.1569,0.571,5.2815,5367840.3303,1.0,0.5391,1,True,42
TBI0199,tbi_high,3,3,6,3,10,three_prong_clamp,200,108,7,True,195.0,212.7715,1489.4005,240,3000,3000,0.5,1000,30,20,3.4469,0.0532,6.9753,True,13.0535,1761.8588,0.3093,4.7325,14714545.1634,1.25,0.611,1,True,42
TBI0200,tbi_high,3,3,4,1,10,three_prong_clamp,200,108,7,True,195.0,229.704,1607.9283,240,3000,3000,0.5,1000,30,20,2.5522,0.0882,8.2425,True,0.6278,919.7315,0.5169,2.8159,2488472.5697,0.0,0.7692,0,True,42
TBI0200,tbi_high,3,3,5,2,10,three_prong_clamp,200,108,7,True,195.0,229.704,1607.9283,240,3000,3000,0.5,1000,30,20,2.6866,0.0629,8.1887,True,7.2199,2942.4534,0.7713,5.5469,49066424.631,1.0,0.5547,1,True,42
TBI0200,tbi_high,3,3,6,3,10,three_prong_clamp,200,108,7,True,195.0,229.704,1607.9283,240,3000,3000,0.5,1000,30,20,3.4613,0.0808,13.6679,True,10.0519,1913.2511,0.1677,6.2163,23317739.4352,2.0,0.4348,1,True,42
TBI0201,tbi_high,4,3,4,1,10,three_prong_clamp,200,108,7,True,195.0,191.7273,1342.0909,240,3000,3000,0.5,1000,30,20,2.893,0.0651,9.4291,True,14.8156,2344.992,0.9605,6.9944,40450947.3432,1.0,0.6608,1,True,42
TBI0201,tbi_high,4,3,5,2,10,three_prong_clamp,200,108,7,True,195.0,191.7273,1342.0909,240,3000,3000,0.5,1000,30,20,3.0059,0.08,10.1278,True,12.905,1967.3096,0.3124,6.745,30065176.9811,1.5,0.7371,1,True,42
TBI0201,tbi_high,4,3,6,3,10,three_prong_clamp,200,108,7,True,195.0,191.7273,1342.0909,240,3000,3000,0.5,1000,30,20,2.9329,0.1068,13.9564,True,32.2252,4904.6333,1.2127,14.2231,375745879.7983,1.5,0.2581,2,True,42
TBI0202,tbi_high,2,3,4,1,10,three_prong_clamp,200,108,7,True,195.0,204.1091,1428.7634,240,3000,3000,0.5,1000,30,20,2.5395,0.061,8.8347,True,14.0369,2265.9375,1.0194,6.1629,31042838.4011,0.25,0.5823,1,True,42
TBI0202,tbi_high,2,3,5,2,10,three_prong_clamp,200,108,7,True,195.0,204.1091,1428.7634,240,3000,3000,0.5,1000,30,20,3.3547,0.0838,11.7372,True,6.5783,1241.5935,0.8804,6.0951,7759661.7121,1.75,0.5505,1,True,42
TBI0202,tbi_high,2,3,6,3,10,three_prong_clamp,200,108,7,True,195.0,204.1091,1428.7634,240,3000,3000,0.5,1000,30,20,3.3917,0.0809,10.7801,True,17.021,7436.042,1.6663,12.7432,818394483.7091,4.75,0.3483,2,True,42
TBI0203,tbi_high,1,3,4,1,10,three_prong_clamp,200,108,7,True,195.0,211.7144,1482.0006,240,3000,3000,0.5,1000,30,20,2.7154,0.0639,13.179,True,18.9004,4074.0977,1.5677,10.2755,150139118.1345,5.5,0.2404,2,True,42
TBI0203,tbi_high,1,3,5,2,10,three_prong_clamp,200,108,7,True,195.0,211.7144,1482.0006,240,3000,3000,0.5,1000,30,20,3.0776,0.117,6.4687,True,30.5807,3649.8425,1.5751,9.349,116962468.2564,4.0,0.2852,2,True,42
TBI0203,tbi_high,1,3,6,3,10,three_prong_clamp,200,108,7,True,195.0,211.7144,1482.0006,240,3000,3000,0.5,1000,30,20,3.1491,0.0694,4.0706,True,30.7556,4390.2089,1.6275,9.8123,175076651.6229,4.5,0.2565,2,True,42
TBI0204,tbi_high,3,3,4,1,10,three_prong_clamp,200,108,7,True,195.0,183.1001,1281.7009,240,3000,3000,0.5,1000,30,20,3.0742,0.0802,1.5823,True,-6.9341,446.9034,0.2444,3.403,626863.8937,0.0,0.9702,0,True,42
TBI0204,tbi_high,3,3,5,2,10,three_prong_clamp,200,108,7,True,195.0,183.1001,1281.7009,240,3000,3000,0.5,1000,30,20,3.0369,0.0558,17.7055,True,10.1665,655.6562,0.3521,3.1842,1114989.2105,0.0,0.8898,0,True,42
TBI0204,tbi_high,3,3,6,3,10,three_prong_clamp,200,108,7,True,195.0,183.1001,1281.7009,240,3000,3000,0.5,1000,30,20,3.0685,0.0492,19.5971,True,13.6529,611.6447,-0.3122,2.9845,1120592.8056,0.0,0.7802,0,True,42
TBI0205,tbi_high,3,3,4,1,10,three_prong_clamp,200,108,7,True,195.0,188.5198,1319.6388,240,3000,3000,0.5,1000,30,20,3.0252,0.1239,12.1109,True,2.4017,1141.7273,0.3842,6.3124,9063689.6153,0.0,0.5918,1,True,42
TBI0205,tbi_high,3,3,5,2,10,three_prong_clamp,200,108,7,True,195.0,188.5198,1319.6388,240,3000,3000,0.5,1000,30,20,3.1894,0.0566,16.0688,True,13.0636,2185.5668,0.8038,4.8174,20530994.3123,1.25,0.5453,1,True,42
TBI0205,tbi_high,3,3,6,3,10,three_prong_clamp,200,108,7,True,195.0,188.5198,1319.6388,240,3000,3000,0.5,1000,30,20,2.9361,0.1001,78.4814,False,17.799,5677.2444,1.1756,11.6854,370839253.2641,3.25,0.3094,2,True,42
TBI0206,tbi_high,3,3,4,1,10,three_prong_clamp,200,108,7,True,195.0,192.1852,1345.2963,240,3000,3000,0.5,1000,30,20,3.2106,0.0716,6.0563,True,14.3489,3247.5495,0.7731,8.3561,118903087.3841,1.25,0.5669,1,True,42
TBI0206,tbi_high,3,3,5,2,10,three_prong_clamp,200,108,7,True,195.0,192.1852,1345.2963,240,3000,3000,0.5,1000,30,20,3.2109,0.0498,19.6573,True,18.8343,1773.6162,1.0566,7.5748,24360665.5859,0.75,0.4889,1,True,42
TBI0206,tbi_high,3,3,6,3,10,three_prong_clamp,200,108,7,True,195.0,192.1852,1345.2963,240,3000,3000,0.5,1000,30,20,2.6981,0.0722,13.5469,True,17.2918,3039.765,-0.0322,5.1306,46101163.5299,1.75,0.5522,1,True,42
TBI0207,tbi_high,1,3,4,1,10,three_prong_clamp,200,108,7,True,195.0,221.4561,1550.1928,240,3000,3000,0.5,1000,30,20,2.9762,0.0798,1.4935,True,24.0018,4540.1173,1.7534,11.0909,224636946.2234,5.5,0.1782,2,True,42
TBI0207,tbi_high,1,3,5,2,10,three_prong_clamp,200,108,7,True,195.0,221.4561,1550.1928,240,3000,3000,0.5,1000,30,20,3.4239,0.1406,16.6019,True,3.7533,677.224,0.4513,2.9484,1423225.3775,0.0,0.7759,0,True,42
TBI0207,tbi_high,1,3,6,3,10,three_prong_clamp,200,108,7,True,195.0,221.4561,1550.1928,240,3000,3000,0.5,1000,30,20,3.2391,0.0631,4.8013,True,10.2294,2190.562,1.2827,7.1721,34076269.9994,1.25,0.5529,1,True,42
TBI0208,tbi_high,1,3,4,1,10,three_prong_clamp,200,108,7,True,195.0,179.2022,1254.4156,240,3000,3000,0.5,1000,30,20,2.7305,0.0824,3.7845,True,4.776,1284.9026,0.7662,6.28,9496367.3903,1.0,0.6299,1,True,42
TBI0208,tbi_high,1,3,5,2,10,three_prong_clamp,200,108,7,True,195.0,179.2022,1254.4156,240,3000,3000,0.5,1000,30,20,2.7375,0.0519,25.912,True,10.2678,1412.4373,0.554,4.6419,8135079.3583,0.5,0.5939,1,True,42
TBI0208,tbi_high,1,3,6,3,10,three_prong_clamp,200,108,7,True,195.0,179.2022,1254.4156,240,3000,3000,0.5,1000,30,20,3.0026,0.0659,9.9987,True,20.3226,6685.0061,1.3185,8.5275,368345085.8716,3.5,0.2121,2,True,42
TBI0209,tbi_high,4,3,4,1,10,three_prong_clamp,200,108,7,True,195.0,201.4505,1410.1538,240,3000,3000,0.5,1000,30,20,3.1735,0.0588,3.0434,True,6.9666,1487.3463,0.4924,4.9344,10484432.1309,1.25,0.5943,1,True,42
TBI0209,tbi_high,4,3,5,2,10,three_prong_clamp,200,108,7,True,195.0,201.4505,1410.1538,240,3000,3000,0.5,1000,30,20,2.9918,0.0847,14.9777,True,11.1243,1914.1337,0.8013,5.2646,23116894.9931,1.5,0.5161,1,True,42
TBI0209,tbi_high,4,3,6,3,10,three_prong_clamp,200,108,7,True,195.0,201.4505,1410.1538,240,3000,3000,0.5,1000,30,20,2.852,0.0485,6.3073,True,3.2313,1573.211,0.8889,6.5846,16714450.0047,0.75,0.6358,1,True,42
TBI0210,tbi_high,4,3,4,1,10,three_prong_clamp,200,108,7,True,195.0,204.95,1434.6498,240,3000,3000,0.5,1000,30,20,3.1242,0.0571,23.8133,True,6.292,657.9162,0.0394,3.9021,1545822.9414,0.0,0.7798,0,True,42
TBI0210,tbi_high,4,3,5,2,10,three_prong_clamp,200,108,7,True,195.0,204.95,1434.6498,240,3000,3000,0.5,1000,30,20,2.6991,0.0603,20.9693,True,13.6669,868.8861,0.9611,4.9896,3293068.9408,1.25,0.5701,1,True,42
TBI0210,tbi_high,4,3,6,3,10,three_prong_clamp,200,108,7,True,195.0,204.95,1434.6498,240,3000,3000,0.5,1000,30,20,2.4464,0.0825,16.0236,True,-3.163,711.5411,0.2927,3.9055,1884044.606,0.0,0.9394,0,True,42
TBI0211,tbi_high,4,3,4,1,10,three_prong_clamp,200,108,7,True,195.0,171.8767,1203.1372,240,3000,3000,0.5,1000,30,20,3.0514,0.133,3.8602,True,10.058,1335.0277,0.4024,4.5582,8801569.2939,0.75,0.6479,1,True,42
TBI0211,tbi_high,4,3,5,2,10,three_prong_clamp,200,108,7,True,195.0,171.8767,1203.1372,240,3000,3000,0.5,1000,30,20,2.6364,0.0586,8.6958,True,8.9542,795.7943,0.7388,4.7988,3113496.7588,0.5,0.6292,1,True,42
TBI0211,tbi_high,4,3,6,3,10,three_prong_clamp,200,108,7,True,195.0,171.8767,1203.1372,240,3000,3000,0.5,1000,30,20,3.0768,0.0783,10.556,True,2.3703,570.3853,-0.3493,3.547,1084336.9145,0.0,0.9614,0,True,42
TBI0212,tbi_high,2,3,4,1,10,three_prong_clamp,200,108,7,True,195.0,204.3854,1430.6975,240,3000,3000,0.5,1000,30,20,2.8353,0.1169,4.5179,True,1.5881,854.8701,0.701,5.0733,3330870.2557,0.5,0.5172,1,True,42
TBI0212,tbi_high,2,3,5,2,10,three_prong_clamp,200,108,7,True,195.0,204.3854,1430.6975,240,3000,3000,0.5,1000,30,20,3.4552,0.0485,17.4627,True,3.6134,1879.0167,0.8173,5.2471,17574021.491,0.75,0.6357,1,True,42
TBI0213,tbi_high,4,3,4,1,10,three_prong_clamp,200,108,7,True,195.0,193.6389,1355.4723,240,3000,3000,0.5,1000,30,20,3.1504,0.0755,3.7192,True,22.64,7243.8354,1.26,10.1879,508635880.869,4.5,0.2141,2,True,42
TBI0213,tbi_high,4,3,5,2,10,three_prong_clamp,200,108,7,True,195.0,193.6389,1355.4723,240,3000,3000,0.5,1000,30,20,3.3972,0.0917,10.365,True,30.9404,5730.2001,1.8544,11.3557,376546631.5581,2.75,0.35,2,True,42
TBI0213,tbi_high,4,3,6,3,10,three_prong_clamp,200,108,7,True,195.0,193.6389,1355.4723,240,3000,3000,0.5,1000,30,20,3.1345,0.0874,25.8195,True,6.1267,2052.0759,0.8782,5.9318,22771659.1115,0.75,0.4799,1,True,42
TBI0214,tbi_high,1,3,4,1,10,three_prong_clamp,200,108,7,True,195.0,199.1393,1393.9754,240,3000,3000,0.5,1000,30,20,3.0401,0.1035,12.7655,True,3.3895,1369.7855,0.454,6.9788,13656693.2011,0.5,0.6301,1,True,42
TBI0214,tbi_high,1,3,5,2,10,three_prong_clamp,200,108,7,True,195.0,199.1393,1393.9754,240,3000,3000,0.5,1000,30,20,3.0222,0.0906,3.5299,True,23.6386,4620.6764,1.2393,11.7312,260462227.0938,3.0,0.3262,2,True,42
TBI0214,tbi_high,1,3,6,3,10,three_prong_clamp,200,108,7,True,195.0,199.1393,1393.9754,240,3000,3000,0.5,1000,30,20,3.6025,0.0642,15.66,True,32.9168,4387.3626,0.9129,12.0517,251516407.5685,3.0,0.4269,2,True,42
TBI0215,tbi_high,1,3,4,1,10,three_prong_clamp,200,108,7,True,195.0,168.3459,1178.4214,240,3000,3000,0.5,1000,30,20,3.0414,0.0964,3.5503,True,11.3653,538.7388,0.0352,2.4693,643888.947,0.0,0.8088,0,True,42
TBI0215,tbi_high,1,3,5,2,10,three_prong_clamp,200,108,7,True,195.0,168.3459,1178.4214,240,3000,3000,0.5,1000,30,20,3.3452,0.0985,6.5639,True,4.0698,1889.4712,0.8123,6.7455,24146407.6367,1.0,0.6053,1,True,42
TBI0216,tbi_high,4,3,4,1,10,three_prong_clamp,200,108,7,True,195.0,195.5289,1368.7022,240,3000,3000,0.5,1000,30,20,2.9254,0.1309,31.6342,True,7.3558,1694.1376,0.6151,5.7699,16843826.3407,0.5,0.5976,1,True,42
TBI0216,tbi_high,4,3,5,2,10,three_prong_clamp,200,108,7,True,195.0,195.5289,1368.7022,240,3000,3000,0.5,1000,30,20,2.9793,0.0734,15.209,True,16.6073,3908.8974,1.774,12.7809,175428807.6541,2.5,0.3711,2,True,42
TBI0216,tbi_high,4,3,6,3,10,three_prong_clamp,200,108,7,True,195.0,195.5289,1368.7022,240,3000,3000,0.5,1000,30,20,2.9567,0.0733,7.4084,True,30.9067,4144.2263,1.5631,11.3079,212627202.3072,2.5,0.1644,2,True,42
TBI0217,tbi_high,2,3,4,1,10,three_prong_clamp,200,108,7,True,195.0,184.4676,1291.2729,240,3000,3000,0.5,1000,30,20,3.1447,0.0879,12.5016,True,8.3191,1451.6399,0.8377,6.8724,15138754.0264,0.5,0.6228,1,True,42
TBI0217,tbi_high,2,3,5,2,10,three_prong_clamp,200,108,7,True,195.0,184.4676,1291.2729,240,3000,3000,0.5,1000,30,20,3.2319,0.0754,2.2992,True,-3.075,2052.2458,0.5081,5.1741,21988688.15,0.75,0.48,1,True,42
TBI0217,tbi_high,2,3,6,3,10,three_prong_clamp,200,108,7,True,195.0,184.4676,1291.2729,240,3000,3000,0.5,1000,30,20,2.7745,0.0703,26.6576,True,9.6149,1543.9923,0.9549,5.1717,12628687.7117,0.5,0.4944,1,True,42
TBI0218,tbi_high,3,3,4,1,10,three_prong_clamp,200,108,7,True,195.0,223.434,1564.0381,240,3000,3000,0.5,1000,30,20,3.3856,0.094,5.7549,True,0.411,2754.8785,0.3313,7.3553,55770990.5033,0.75,0.5081,1,True,42
TBI0218,tbi_high,3,3,5,2,10,three_prong_clamp,200,108,7,True,195.0,223.434,1564.0381,240,3000,3000,0.5,1000,30,20,2.6185,0.0533,17.6615,True,16.5262,5767.818,1.2098,9.7504,424477672.7749,2.75,0.3173,2,True,42
TBI0219,tbi_high,4,3,4,1,10,three_prong_clamp,200,108,7,True,195.0,179.3202,1255.2414,240,3000,3000,0.5,1000,30,20,2.7177,0.0837,3.405,True,18.704,4076.5759,1.5742,9.3318,149922296.2439,4.0,0.2811,2,True,42
TBI0219,tbi_high,4,3,5,2,10,three_prong_clamp,200,108,7,True,195.0,179.3202,1255.2414,240,3000,3000,0.5,1000,30,20,3.1208,0.0961,58.7554,False,5.7793,3966.6746,1.638,14.0908,270038686.0552,3.5,0.2835,2,True,42
TBI0219,tbi_high,4,3,6,3,10,three_prong_clamp,200,108,7,True,195.0,179.3202,1255.2414,240,3000,3000,0.5,1000,30,20,3.5055,0.0981,1.8462,True,15.4304,5373.471,1.8637,6.5133,183251141.0832,3.5,0.2644,2,True,42
TBI0220,tbi_high,3,3,4,1,10,three_prong_clamp,200,108,7,True,195.0,169.4802,1186.3612,240,3000,3000,0.5,1000,30,20,1.964,0.1417,8.0922,True,18.0547,5929.1377,1.4319,9.6084,345881593.4116,4.5,0.2135,2,True,42
TBI0220,tbi_high,3,3,5,2,10,three_prong_clamp,200,108,7,True,195.0,169.4802,1186.3612,240,3000,3000,0.5,1000,30,20,2.8216,0.0621,33.7092,True,24.4927,5752.188,1.0269,11.7132,372478042.7906,4.0,0.2961,2,True,42
TBI0220,tbi_high,3,3,6,3,10,three_prong_clamp,200,108,7,True,195.0,169.4802,1186.3612,240,3000,3000,0.5,1000,30,20,2.5748,0.1096,9.1447,True,17.4844,1649.502,1.1139,5.9874,16660368.8308,0.25,0.5049,1,True,42
TBI0221,tbi_high,1,3,4,1,10,three_prong_clamp,200,108,7,True,195.0,179.3182,1255.2275,240,3000,3000,0.5,1000,30,20,2.994,0.0948,38.4082,True,4.979,1704.7122,0.9787,4.9232,16499650.7219,1.25,0.6009,1,True,42
TBI0221,tbi_high,1,3,5,2,10,three_prong_clamp,200,108,7,True,195.0,179.3182,1255.2275,240,3000,3000,0.5,1000,30,20,3.1443,0.0882,10.0233,True,23.4166,5951.5544,0.8544,12.1146,479161907.3606,5.0,0.3273,2,True,42
TBI0221,tbi_high,1,3,6,3,10,three_prong_clamp,200,108,7,True,195.0,179.3182,1255.2275,240,3000,3000,0.5,1000,30,20,2.7011,0.0834,24.312,True,27.1338,7055.0039,1.8882,13.6454,692967026.4741,2.25,0.3016,2,True,42
TBI0222,tbi_high,4,3,4,1,10,three_prong_clamp,200,108,7,True,195.0,189.8196,1328.7369,240,3000,3000,0.5,1000,30,20,2.8263,0.0599,2.8667,True,9.7765,1705.042,1.07,6.3443,17728664.8452,1.0,0.5983,1,True,42
TBI0222,tbi_high,4,3,5,2,10,three_prong_clamp,200,108,7,True,195.0,189.8196,1328.7369,240,3000,3000,0.5,1000,30,20,3.473,0.0721,9.2702,True,15.8042,7710.3951,1.3903,11.2477,761963003.7048,4.5,0.2926,2,True,42
TBI0222,tbi_high,4,3,6,3,10,three_prong_clamp,200,108,7,True,195.0,189.8196,1328.7369,240,3000,3000,0.5,1000,30,20,2.7584,0.0821,5.1566,True,12.7187,2070.8641,0.672,6.3554,24126981.3046,0.75,0.6241,1,True,42
TBI0223,tbi_high,4,3,4,1,10,three_prong_clamp,200,108,7,True,195.0,146.8001,1027.6006,240,3000,3000,0.5,1000,30,20,2.9809,0.0646,5.2177,True,35.4657,5033.0898,1.0523,12.3783,268832984.6382,3.5,0.3454,2,True,42
TBI0223,tbi_high,4,3,5,2,10,three_prong_clamp,200,108,7,True,195.0,146.8001,1027.6006,240,3000,3000,0.5,1000,30,20,2.7592,0.059,16.5448,True,13.695,5905.6687,0.7325,10.497,316556833.7619,3.5,0.3436,2,True,42
TBI0223,tbi_high,4,3,6,3,10,three_prong_clamp,200,108,7,True,195.0,146.8001,1027.6006,240,3000,3000,0.5,1000,30,20,3.0403,0.0936,10.9035,True,25.1404,3579.8867,1.2165,9.3869,130064366.2964,2.75,0.272,2,True,42
TBI0224,tbi_high,4,3,4,1,10,three_prong_clamp,200,108,7,True,195.0,163.5288,1144.7015,240,3000,3000,0.5,1000,30,20,3.3362,0.0883,11.2415,True,-14.2298,1672.9926,0.2713,4.3,13720240.9899,0.5,0.6388,1,True,42
TBI0225,tbi_high,2,3,4,1,10,three_prong_clamp,200,108,7,True,195.0,179.8273,1258.791,240,3000,3000,0.5,1000,30,20,2.8404,0.0605,9.7173,True,0.0642,753.0423,0.0908,3.71,2233005.4039,0.0,0.9025,0,True,42
TBI0225,tbi_high,2,3,5,2,10,three_prong_clamp,200,108,7,True,195.0,179.8273,1258.791,240,3000,3000,0.5,1000,30,20,3.4431,0.094,5.2096,True,-3.9767,302.0473,0.121,2.631,248895.669,0.25,0.9358,0,True,42
TBI0225,tbi_high,2,3,6,3,10,three_prong_clamp,200,108,7,True,195.0,179.8273,1258.791,240,3000,3000,0.5,1000,30,20,2.9439,0.0881,8.0336,True,2.2173,673.7188,0.1734,3.4007,1674234.865,0.25,0.8582,0,True,42
TBI0226,tbi_high,2,3,4,1,10,three_prong_clamp,200,108,7,True,195.0,179.6599,1257.6193,240,3000,3000,0.5,1000,30,20,2.9433,0.1079,26.4732,True,-6.9253,588.388,0.3733,2.4737,1114839.0533,0.0,1.0,0,True,42
TBI0227,tbi_high,1,3,4,1,10,three_prong_clamp,200,108,7,True,195.0,227.1945,1590.3615,240,3000,3000,0.5,1000,30,20,2.7673,0.0753,13.2295,True,12.8373,1717.978,1.0147,6.0285,19898772.4556,1.5,0.5402,1,True,42
TBI0227,tbi_high,1,3,5,2,10,three_prong_clamp,200,108,7,True,195.0,227.1945,1590.3615,240,3000,3000,0.5,1000,30,20,3.4971,0.0588,21.001,True,20.6097,5728.6126,1.6871,10.0835,317775776.6873,4.5,0.2017,2,True,42
TBI0227,tbi_high,1,3,6,3,10,three_prong_clamp,200,108,7,True,195.0,227.1945,1590.3615,240,3000,3000,0.5,1000,30,20,3.3626,0.0655,7.812,True,30.6985,4025.1656,1.0,9.7368,186301874.2631,4.25,0.3711,2,True,42
TBI0228,tbi_high,4,3,4,1,10,three_prong_clamp,200,108,7,True,195.0,193.3692,1353.5847,240,3000,3000,0.5,1000,30,20,3.0062,0.094,19.078,True,19.9137,1501.8974,0.7511,5.1408,11256104.6218,1.25,0.4656,1,True,42
TBI0228,tbi_high,4,3,5,2,10,three_prong_clamp,200,108,7,True,195.0,193.3692,1353.5847,240,3000,3000,0.5,1000,30,20,2.283,0.076,16.8952,True,32.0566,5511.4822,1.3276,9.5942,316942671.5707,3.0,0.3445,2,True,42
TBI0228,tbi_high,4,3,6,3,10,three_prong_clamp,200,108,7,True,195.0,193.3692,1353.5847,240,3000,3000,0.5,1000,30,20,2.9232,0.0484,13.8523,True,30.1618,5284.3026,1.6203,12.3009,364801641.2359,5.0,0.3183,2,True,42
TBI0229,tbi_high,3,3,4,1,10,three_prong_clamp,200,108,7,True,195.0,186.711,1306.9767,240,3000,3000,0.5,1000,30,20,2.8993,0.0695,1.924,True,24.1053,3790.4739,1.7876,10.8975,141559447.6791,2.5,0.3165,2,True,42
TBI0229,tbi_high,3,3,5,2,10,three_prong_clamp,200,108,7,True,195.0,186.711,1306.9767,240,3000,3000,0.5,1000,30,20,3.1196,0.0783,24.4967,True,22.428,3913.2703,1.4656,15.0319,208462649.4985,5.25,0.2582,2,True,42
TBI0229,tbi_high,3,3,6,3,10,three_prong_clamp,200,108,7,True,195.0,186.711,1306.9767,240,3000,3000,0.5,1000,30,20,3.0897,0.0811,71.0583,False,21.1588,5231.8479,1.791,10.9645,318854490.9453,3.5,0.2504,2,True,42
TBI0230,tbi_high,4,3,4,1,10,three_prong_clamp,200,108,7,True,195.0,220.1289,1540.902,240,3000,3000,0.5,1000,30,20,2.8934,0.1324,15.6337,True,13.1851,1959.1107,0.3794,8.184,28795656.4724,1.5,0.4785,1,True,42
TBI0230,tbi_high,4,3,5,2,10,three_prong_clamp,200,108,7,True,195.0,220.1289,1540.902,240,3000,3000,0.5,1000,30,20,2.9838,0.1136,17.6715,True,19.4279,1812.7212,0.2742,6.492,19817777.872,1.0,0.6259,1,True,42
TBI0230,tbi_high,4,3,6,3,10,three_prong_clamp,200,108,7,True,195.0,220.1289,1540.902,240,3000,3000,0.5,1000,30,20,2.9812,0.078,8.2878,True,2.0022,4306.6764,0.636,5.6419,108796078.0519,1.5,0.6929,1,True,42
TBI0231,tbi_high,2,3,4,1,10,three_prong_clamp,200,108,7,True,195.0,187.0193,1309.1348,240,3000,3000,0.5,1000,30,20,3.1288,0.0717,2.4928,True,19.8177,2002.0366,0.3536,5.3167,21788106.3632,0.75,0.4656,1,True,42
TBI0231,tbi_high,2,3,5,2,10,three_prong_clamp,200,108,7,True,195.0,187.0193,1309.1348,240,3000,3000,0.5,1000,30,20,3.1933,0.0629,10.3216,True,18.2082,5950.8786,1.7158,14.0016,555593371.9873,2.75,0.2068,2,True,42
TBI0231,tbi_high,2,3,6,3,10,three_prong_clamp,200,108,7,True,195.0,187.0193,1309.1348,240,3000,3000,0.5,1000,30,20,3.0055,0.1002,9.7286,True,13.9444,4001.5344,2.052,8.0161,131271404.9405,3.25,0.2909,2,True,42
TBI0232,tbi_high,4,3,4,1,10,three_prong_clamp,200,108,7,True,195.0,181.344,1269.4081,240,3000,3000,0.5,1000,30,20,2.8782,0.0528,7.0018,True,9.1007,927.1786,0.0839,2.9452,2616822.2675,0.0,0.8552,0,True,42
TBI0232,tbi_high,4,3,5,2,10,three_prong_clamp,200,108,7,True,195.0,181.344,1269.4081,240,3000,3000,0.5,1000,30,20,3.2866,0.1086,4.0181,True,6.7474,1500.2348,0.4645,7.0693,15804847.6741,1.5,0.6498,1,True,42
TBI0232,tbi_high,4,3,6,3,10,three_prong_clamp,200,108,7,True,195.0,181.344,1269.4081,240,3000,3000,0.5,1000,30,20,2.7167,0.0529,1.3615,True,26.1476,5012.5424,1.3764,8.3607,195480874.1214,3.0,0.3354,2,True,42
TBI0233,tbi_high,4,3,4,1,10,three_prong_clamp,200,108,7,True,195.0,197.8084,1384.6586,240,3000,3000,0.5,1000,30,20,2.5928,0.1074,7.5198,True,30.0237,6522.7566,1.3752,10.7776,465825832.907,2.0,0.3327,2,True,42
TBI0233,tbi_high,4,3,5,2,10,three_prong_clamp,200,108,7,True,195.0,197.8084,1384.6586,240,3000,3000,0.5,1000,30,20,3.0817,0.0582,32.531,True,15.4414,4284.4789,1.6491,11.4892,198644177.0331,3.25,0.2348,2,True,42
TBI0233,tbi_high,4,3,6,3,10,three_prong_clamp,200,108,7,True,195.0,197.8084,1384.6586,240,3000,3000,0.5,1000,30,20,2.9007,0.061,11.0966,True,18.7755,2752.041,1.2298,9.1193,62748873.2409,1.0,0.2613,2,True,42
TBI0234,tbi_high,2,3,4,1,10,three_prong_clamp,200,108,7,True,195.0,219.3432,1535.4024,240,3000,3000,0.5,1000,30,20,3.0799,0.077,6.2224,True,-0.7027,551.6049,0.0334,3.6302,1070639.7633,0.0,0.9104,0,True,42
TBI0234,tbi_high,2,3,5,2,10,three_prong_clamp,200,108,7,True,195.0,219.3432,1535.4024,240,3000,3000,0.5,1000,30,20,3.1001,0.0698,3.9543,True,1.9865,2573.9474,0.8217,6.125,39079218.3516,1.0,0.5833,1,True,42
TBI0234,tbi_high,2,3,6,3,10,three_prong_clamp,200,108,7,True,195.0,219.3432,1535.4024,240,3000,3000,0.5,1000,30,20,3.136,0.0748,18.4136,True,6.4982,2209.7131,0.4786,6.1961,30139234.9557,0.75,0.4444,1,True,42
TBI0235,tbi_high,1,3,4,1,10,three_prong_clamp,200,108,7,True,195.0,165.0866,1155.6064,240,3000,3000,0.5,1000,30,20,2.6135,0.0822,10.8991,True,-0.0481,451.6869,0.3933,2.9402,572075.6159,0.25,0.9728,0,True,42
TBI0235,tbi_high,1,3,5,2,10,three_prong_clamp,200,108,7,True,195.0,165.0866,1155.6064,240,3000,3000,0.5,1000,30,20,2.9053,0.0664,9.7552,True,-9.6158,626.2398,-0.2101,2.6034,1221863.1091,0.0,0.9196,0,True,42
TBI0235,tbi_high,1,3,6,3,10,three_prong_clamp,200,108,7,True,195.0,165.0866,1155.6064,240,3000,3000,0.5,1000,30,20,3.2017,0.0754,29.2102,True,-0.2401,715.7865,-0.6645,3.8082,1935574.5193,0.0,0.9105,0,True,42
TBI0236,tbi_high,3,3,4,1,10,three_prong_clamp,200,108,7,True,195.0,196.837,1377.8592,240,3000,3000,0.5,1000,30,20,2.5855,0.056,0.5546,True,6.7267,1263.113,0.725,4.0889,7226306.8426,2.0,0.6591,1,True,42
TBI0236,tbi_high,3,3,5,2,10,three_prong_clamp,200,108,7,True,195.0,196.837,1377.8592,240,3000,3000,0.5,1000,30,20,3.1545,0.0477,5.7121,True,18.6938,2365.6494,0.3064,5.2126,26771744.1037,0.5,0.4937,1,True,42
TBI0236,tbi_high,3,3,6,3,10,three_prong_clamp,200,108,7,True,195.0,196.837,1377.8592,240,3000,3000,0.5,1000,30,20,3.2158,0.0688,6.0233,True,-0.7662,2055.601,0.3256,5.3037,22374523.3989,1.5,0.6079,1,True,42
TBI0237,tbi_high,1,3,4,1,10,three_prong_clamp,200,108,7,True,195.0,191.2146,1338.5022,240,3000,3000,0.5,1000,30,20,2.789,0.0643,8.2567,True,-1.9907,888.7275,-0.1018,3.3014,2574903.2116,0.0,0.9211,0,True,42
TBI0237,tbi_high,1,3,5,2,10,three_prong_clamp,200,108,7,True,195.0,191.2146,1338.5022,240,3000,3000,0.5,1000,30,20,2.6222,0.0887,11.491,True,-0.2651,773.4803,0.2935,2.4565,1418982.9928,0.0,0.755,0,True,42
TBI0237,tbi_high,1,3,6,3,10,three_prong_clamp,200,108,7,True,195.0,191.2146,1338.5022,240,3000,3000,0.5,1000,30,20,3.0307,0.0698,8.8326,True,-4.4607,788.3926,-0.0045,2.8506,1809312.1064,0.0,0.7692,0,True,42
TBI0238,tbi_high,1,3,4,1,10,three_prong_clamp,200,108,7,True,195.0,177.7026,1243.9183,240,3000,3000,0.5,1000,30,20,3.078,0.0672,7.4724,True,-5.0655,1417.7752,0.1357,6.5849,13158086.926,0.25,0.5609,1,True,42
TBI0238,tbi_high,1,3,5,2,10,three_prong_clamp,200,108,7,True,195.0,177.7026,1243.9183,240,3000,3000,0.5,1000,30,20,2.9429,0.0376,11.4461,True,8.9573,1701.8819,0.8015,6.2794,19210675.6268,0.75,0.6537,1,True,42
TBI0238,tbi_high,1,3,6,3,10,three_prong_clamp,200,108,7,True,195.0,177.7026,1243.9183,240,3000,3000,0.5,1000,30,20,3.2905,0.0942,7.6533,True,5.7911,2030.6968,0.6331,6.3197,24130788.3725,1.25,0.5244,1,True,42
TBI0239,tbi_high,2,3,4,1,10,three_prong_clamp,200,108,7,True,195.0,187.6966,1313.8761,240,3000,3000,0.5,1000,30,20,2.9137,0.0487,6.4653,True,3.9148,465.011,0.007,3.4877,722626.6495,0.25,0.8455,0,True,42
TBI0239,tbi_high,2,3,5,2,10,three_prong_clamp,200,108,7,True,195.0,187.6966,1313.8761,240,3000,3000,0.5,1000,30,20,3.2279,0.0889,12.4244,True,-6.1827,570.7869,0.1821,3.1145,1005883.9201,0.0,0.84,0,True,42
TBI0239,tbi_high,2,3,6,3,10,three_prong_clamp,200,108,7,True,195.0,187.6966,1313.8761,240,3000,3000,0.5,1000,30,20,2.8246,0.0674,4.5525,True,12.7715,1827.0486,0.8182,5.035,16432814.2515,1.0,0.6259,1,True,42
TBI0240,tbi_high,3,3,4,1,10,three_prong_clamp,200,108,7,True,195.0,200.0485,1400.3396,240,3000,3000,0.5,1000,30,20,3.065,0.0939,14.6804,True,24.2542,5904.0145,1.3666,9.507,331330799.9233,3.25,0.2618,2,True,42
TBI0240,tbi_high,3,3,5,2,10,three_prong_clamp,200,108,7,True,195.0,200.0485,1400.3396,240,3000,3000,0.5,1000,30,20,2.5267,0.1163,12.6247,True,11.1519,3453.8671,1.5044,9.442,96987774.7335,4.25,0.2163,2,True,42
TBI0240,tbi_high,3,3,6,3,10,three_prong_clamp,200,108,7,True,195.0,200.0485,1400.3396,240,3000,3000,0.5,1000,30,20,3.6121,0.1137,2.0244,True,11.6516,1371.1578,0.1894,6.3384,12692765.3583,0.25,0.5413,1,True,42
