fish_id,group,batch,clutch_id,plate_id,well_id,tbi_dpf,dpf,days_post_tbi,hours_post_tbi,n_weight_drops,nominal_peak_pressure_kpa,measured_peak_pressure_kpa,cumulative_pressure_burden_kpa_hits,channel,electrode_target,electrode_impedance_mohm,rms_noise_mv,electrode_shift_pct,qc_pass,sampling_rate_hz,recording_duration_min,artifact_fraction,recording_start_utc,lfp_variance_uv2,lfp_kurtosis,lfp_seizure_event_rate_per_h,lfp_fourth_power_mean_uv4
LZTBI-0001,sham,1,CL01,P01,A01,3,4,1,24,0,0,0.0,0.0,1,forebrain,2.97,0.0168,1.3,True,3000,30,0.0135,2026-07-14 14:00:00,359.0364,2.7405,0,240223.8569
LZTBI-0001,sham,1,CL01,P01,A01,3,5,2,48,0,0,0.0,0.0,1,forebrain,2.91,0.0184,11.0,True,3000,30,0.0335,2026-07-15 14:00:00,495.3128,2.8547,0,481580.7695
LZTBI-0001,sham,1,CL01,P01,A01,3,6,3,72,0,0,0.0,0.0,1,forebrain,3.07,0.0171,11.1,True,3000,30,0.0275,2026-07-16 14:00:00,423.1103,2.9871,0,500349.2672
LZTBI-0002,tbi_moderate,1,CL01,P01,A02,3,4,1,24,1,214,201.6,201.6,2,forebrain,3.11,0.0246,12.6,True,3000,30,0.0393,2026-07-14 14:00:00,1001.7893,3.6912,0,3379053.8763
LZTBI-0002,tbi_moderate,1,CL01,P01,A02,3,5,2,48,1,214,201.6,201.6,2,forebrain,3.09,0.0135,4.2,True,3000,30,0.02,2026-07-15 14:00:00,423.4173,3.7525,0,637586.9519
LZTBI-0002,tbi_moderate,1,CL01,P01,A02,3,6,3,72,1,214,201.6,201.6,2,forebrain,3.11,0.0248,3.7,True,3000,30,0.0191,2026-07-16 14:00:00,1518.1022,5.3097,0,10664462.9678
LZTBI-0003,tbi_high,1,CL01,P01,A03,3,4,1,24,1,318,333.7,333.7,3,forebrain,3.16,0.0176,11.6,True,3000,30,0.0315,2026-07-14 14:00:00,848.721,7.3759,0,4657419.647
LZTBI-0003,tbi_high,1,CL01,P01,A03,3,5,2,48,1,318,333.7,333.7,3,forebrain,3.17,0.0163,12.0,True,3000,30,0.0233,2026-07-15 14:00:00,1058.2671,6.6727,0,6940689.9314
LZTBI-0003,tbi_high,1,CL01,P01,A03,3,6,3,72,1,318,333.7,333.7,3,forebrain,3.16,0.017,3.8,True,3000,30,0.0143,2026-07-16 14:00:00,1423.0841,7.7021,0,13821692.9713
LZTBI-0004,tbi_moderate,1,CL01,P01,A04,3,4,1,24,1,214,201.6,201.6,4,forebrain,2.93,0.0232,8.9,True,3000,30,0.0219,2026-07-14 14:00:00,1256.1451,4.8624,0,6398373.7916
LZTBI-0005,tbi_low,1,CL01,P01,A05,3,4,1,24,1,112,117.1,117.1,5,forebrain,2.77,0.0151,4.0,True,3000,30,0.0127,2026-07-14 14:00:00,574.6922,4.5079,0,1400555.4346
LZTBI-0005,tbi_low,1,CL01,P01,A05,3,5,2,48,1,112,117.1,117.1,5,forebrain,2.76,0.0174,11.2,True,3000,30,0.0355,2026-07-15 14:00:00,773.286,5.3991,0,2586488.8101
LZTBI-0005,tbi_low,1,CL01,P01,A05,3,6,3,72,1,112,117.1,117.1,5,forebrain,2.85,0.0138,14.7,True,3000,30,0.0274,2026-07-16 14:00:00,645.0333,6.1867,0,2175125.9657
LZTBI-0006,sham,1,CL01,P01,A06,3,4,1,24,0,0,0.0,0.0,6,forebrain,3.03,0.0125,2.1,True,3000,30,0.0132,2026-07-14 14:00:00,248.0322,2.9262,0,122413.2723
LZTBI-0006,sham,1,CL01,P01,A06,3,5,2,48,0,0,0.0,0.0,6,forebrain,3.04,0.0174,14.7,True,3000,30,0.0245,2026-07-15 14:00:00,442.7411,3.1105,0,530319.4488
LZTBI-0006,sham,1,CL01,P01,A06,3,6,3,72,0,0,0.0,0.0,6,forebrain,2.95,0.0133,11.0,True,3000,30,0.0295,2026-07-16 14:00:00,218.7567,3.5685,0,124785.8007
LZTBI-0007,tbi_moderate,1,CL01,P01,A07,3,4,1,24,1,214,201.6,201.6,7,forebrain,3.24,0.0164,25.4,True,3000,30,0.0171,2026-07-14 14:00:00,533.6966,4.265,0,1063374.8237
LZTBI-0007,tbi_moderate,1,CL01,P01,A07,3,5,2,48,1,214,201.6,201.6,7,forebrain,3.26,0.0175,5.8,True,3000,30,0.0377,2026-07-15 14:00:00,551.5409,3.9168,0,1125451.4414
LZTBI-0007,tbi_moderate,1,CL01,P01,A07,3,6,3,72,1,214,201.6,201.6,7,forebrain,3.26,0.0171,0.9,True,3000,30,0.0291,2026-07-16 14:00:00,647.8373,4.265,0,1875954.2637
LZTBI-0008,tbi_low,1,CL01,P01,A08,3,4,1,24,1,112,117.1,117.1,8,forebrain,2.73,0.0224,8.7,True,3000,30,0.0175,2026-07-14 14:00:00,927.2101,3.8119,0,2228450.9692
LZTBI-0008,tbi_low,1,CL01,P01,A08,3,5,2,48,1,112,117.1,117.1,8,forebrain,2.74,0.0141,14.1,True,3000,30,0.0264,2026-07-15 14:00:00,448.8472,5.278,0,961132.5399
LZTBI-0008,tbi_low,1,CL01,P01,A08,3,6,3,72,1,112,117.1,117.1,8,forebrain,2.76,0.0261,1.1,True,3000,30,0.0346,2026-07-16 14:00:00,1704.9876,5.5181,0,15472472.4373
LZTBI-0009,tbi_high,1,CL01,P01,A09,3,4,1,24,1,318,333.7,333.7,9,forebrain,2.89,0.022,1.8,True,3000,30,0.0282,2026-07-14 14:00:00,1640.714,6.7424,0,18601634.4596
LZTBI-0009,tbi_high,1,CL01,P01,A09,3,5,2,48,1,318,333.7,333.7,9,forebrain,2.87,0.0085,7.6,True,3000,30,0.0191,2026-07-15 14:00:00,1426.5512,8.9876,4,14213706.6732
LZTBI-0009,tbi_high,1,CL01,P01,A09,3,6,3,72,1,318,333.7,333.7,9,forebrain,2.96,0.0218,5.2,True,3000,30,0.0162,2026-07-16 14:00:00,2445.4604,8.7504,2,41895580.7735
LZTBI-0010,sham,1,CL01,P01,A10,3,4,1,24,0,0,0.0,0.0,10,forebrain,2.68,0.0199,2.7,True,3000,30,0.0147,2026-07-14 14:00:00,506.3325,3.441,0,836775.4425
LZTBI-0010,sham,1,CL01,P01,A10,3,5,2,48,0,0,0.0,0.0,10,forebrain,2.74,0.0168,6.0,True,3000,30,0.0351,2026-07-15 14:00:00,340.1751,3.0534,0,327389.2489
LZTBI-0010,sham,1,CL01,P01,A10,3,6,3,72,0,0,0.0,0.0,10,forebrain,2.83,0.0187,19.0,True,3000,30,0.0267,2026-07-16 14:00:00,543.7386,3.9807,0,1105815.0434
LZTBI-0011,tbi_high,1,CL01,P01,B01,3,4,1,24,1,318,333.7,333.7,11,forebrain,3.15,0.0188,16.6,True,3000,30,0.032,2026-07-14 14:00:00,1193.2697,5.0249,0,6657610.3006
LZTBI-0011,tbi_high,1,CL01,P01,B01,3,5,2,48,1,318,333.7,333.7,11,forebrain,3.04,0.011,9.8,True,3000,30,0.0128,2026-07-15 14:00:00,479.0595,6.5261,0,1078015.1345
LZTBI-0011,tbi_high,1,CL01,P01,B01,3,6,3,72,1,318,333.7,333.7,11,forebrain,3.38,0.0183,10.1,True,3000,30,0.012,2026-07-16 14:00:00,1809.1017,8.4073,2,27817850.3354
LZTBI-0012,sham,1,CL01,P01,B02,3,4,1,24,0,0,0.0,0.0,12,forebrain,3.22,0.0222,3.3,True,3000,30,0.0318,2026-07-14 14:00:00,745.1676,3.7831,0,1897059.2933
LZTBI-0012,sham,1,CL01,P01,B02,3,5,2,48,0,0,0.0,0.0,12,forebrain,3.18,0.0159,13.2,True,3000,30,0.0222,2026-07-15 14:00:00,409.8945,4.7557,0,730145.5259
LZTBI-0012,sham,1,CL01,P01,B02,3,6,3,72,0,0,0.0,0.0,12,forebrain,3.21,0.0219,16.8,True,3000,30,0.0246,2026-07-16 14:00:00,896.669,3.3491,0,2120082.9186
LZTBI-0013,sham,1,CL01,P01,B03,3,4,1,24,0,0,0.0,0.0,13,forebrain,2.84,0.0159,12.1,True,3000,30,0.0316,2026-07-14 14:00:00,460.0786,4.1539,0,761701.7646
LZTBI-0013,sham,1,CL01,P01,B03,3,5,2,48,0,0,0.0,0.0,13,forebrain,2.9,0.0213,14.6,True,3000,30,0.0101,2026-07-15 14:00:00,822.1844,3.9523,0,2451620.2202
LZTBI-0013,sham,1,CL01,P01,B03,3,6,3,72,0,0,0.0,0.0,13,forebrain,2.96,0.0148,3.6,True,3000,30,0.0165,2026-07-16 14:00:00,535.5953,4.3639,0,1276045.7806
LZTBI-0014,tbi_moderate,1,CL01,P01,B04,3,4,1,24,1,214,201.6,201.6,14,forebrain,3.09,0.0165,1.7,True,3000,30,0.0226,2026-07-14 14:00:00,590.0623,4.0638,0,1395990.0792
LZTBI-0014,tbi_moderate,1,CL01,P01,B04,3,5,2,48,1,214,201.6,201.6,14,forebrain,3.03,0.0189,18.1,True,3000,30,0.0155,2026-07-15 14:00:00,706.0188,4.6311,0,2189507.474
LZTBI-0014,tbi_moderate,1,CL01,P01,B04,3,6,3,72,1,214,201.6,201.6,14,forebrain,2.96,0.0158,7.4,True,3000,30,0.0364,2026-07-16 14:00:00,510.3017,5.2478,0,1309343.5184
LZTBI-0015,tbi_moderate,1,CL01,P01,B05,3,4,1,24,1,214,201.6,201.6,15,forebrain,2.82,0.0173,1.6,True,3000,30,0.0181,2026-07-14 14:00:00,778.2437,4.6033,0,2059645.8741
LZTBI-0015,tbi_moderate,1,CL01,P01,B05,3,5,2,48,1,214,201.6,201.6,15,forebrain,2.87,0.0166,20.7,True,3000,30,0.0278,2026-07-15 14:00:00,784.5968,4.9693,0,2538941.3534
LZTBI-0015,tbi_moderate,1,CL01,P01,B05,3,6,3,72,1,214,201.6,201.6,15,forebrain,2.77,0.016,16.0,True,3000,30,0.0293,2026-07-16 14:00:00,944.1022,6.5468,0,4302261.3368
LZTBI-0016,tbi_moderate,1,CL01,P01,B06,3,4,1,24,1,214,201.6,201.6,16,forebrain,2.94,0.023,13.1,True,3000,30,0.0096,2026-07-14 14:00:00,1347.2791,5.4271,0,7275374.01
LZTBI-0016,tbi_moderate,1,CL01,P01,B06,3,5,2,48,1,214,201.6,201.6,16,forebrain,2.98,0.0153,9.8,True,3000,30,0.0304,2026-07-15 14:00:00,678.4483,6.029,0,2772435.0174
LZTBI-0016,tbi_moderate,1,CL01,P01,B06,3,6,3,72,1,214,201.6,201.6,16,forebrain,2.92,0.0235,11.7,True,3000,30,0.0273,2026-07-16 14:00:00,1561.981,5.887,0,13694894.6206
LZTBI-0017,tbi_high,1,CL01,P01,B07,3,4,1,24,1,318,333.7,333.7,1,forebrain,2.99,0.0192,18.6,True,3000,30,0.0324,2026-07-14 14:35:00,866.926,4.6609,0,3215752.7349
LZTBI-0017,tbi_high,1,CL01,P01,B07,3,5,2,48,1,318,333.7,333.7,1,forebrain,2.94,0.0125,9.8,True,3000,30,0.0141,2026-07-15 14:35:00,499.4072,6.0241,0,1467742.7829
LZTBI-0017,tbi_high,1,CL01,P01,B07,3,6,3,72,1,318,333.7,333.7,1,forebrain,2.91,0.0188,7.5,True,3000,30,0.023,2026-07-16 14:35:00,1304.0675,6.6172,0,10669654.6593
LZTBI-0018,tbi_moderate,1,CL01,P01,B08,3,4,1,24,1,214,201.6,201.6,2,forebrain,2.83,0.0156,1.6,True,3000,30,0.0206,2026-07-14 14:35:00,558.9721,4.246,0,1077482.6763
LZTBI-0018,tbi_moderate,1,CL01,P01,B08,3,5,2,48,1,214,201.6,201.6,2,forebrain,2.89,0.0225,9.9,True,3000,30,0.038,2026-07-15 14:35:00,1356.2173,4.7922,0,7134140.9579
LZTBI-0019,tbi_low,1,CL01,P01,B09,3,4,1,24,1,112,117.1,117.1,3,forebrain,2.72,0.0154,3.4,True,3000,30,0.0293,2026-07-14 14:35:00,579.4992,5.584,0,1425253.4791
LZTBI-0019,tbi_low,1,CL01,P01,B09,3,5,2,48,1,112,117.1,117.1,3,forebrain,2.82,0.0174,26.1,True,3000,30,0.0102,2026-07-15 14:35:00,773.2554,5.7074,0,3189914.2142
LZTBI-0019,tbi_low,1,CL01,P01,B09,3,6,3,72,1,112,117.1,117.1,3,forebrain,2.58,0.0141,19.4,True,3000,30,0.0195,2026-07-16 14:35:00,1689.1364,7.756,4,20975160.7782
LZTBI-0020,tbi_high,1,CL01,P01,B10,3,4,1,24,1,318,333.7,333.7,4,forebrain,3.17,0.0169,8.2,True,3000,30,0.0154,2026-07-14 14:35:00,1515.2391,8.004,2,18847875.2161
LZTBI-0020,tbi_high,1,CL01,P01,B10,3,5,2,48,1,318,333.7,333.7,4,forebrain,3.08,0.0167,13.6,True,3000,30,0.0248,2026-07-15 14:35:00,1892.699,8.8192,2,23224101.8269
LZTBI-0020,tbi_high,1,CL01,P01,B10,3,6,3,72,1,318,333.7,333.7,4,forebrain,3.32,0.0155,25.3,True,3000,30,0.022,2026-07-16 14:35:00,1602.7404,8.3959,2,21479240.8139
LZTBI-0021,tbi_low,1,CL01,P01,C01,3,4,1,24,1,112,117.1,117.1,5,forebrain,3.14,0.0169,16.3,True,3000,30,0.0335,2026-07-14 14:35:00,687.7701,5.3279,0,2469354.2927
LZTBI-0021,tbi_low,1,CL01,P01,C01,3,5,2,48,1,112,117.1,117.1,5,forebrain,3.11,0.0175,18.5,True,3000,30,0.0242,2026-07-15 14:35:00,1185.637,5.5092,2,6327652.8025
LZTBI-0022,tbi_low,1,CL01,P01,C02,3,4,1,24,1,112,117.1,117.1,6,forebrain,2.85,0.0085,6.1,True,3000,30,0.0208,2026-07-14 14:35:00,150.0,2.7211,0,100000.0
LZTBI-0022,tbi_low,1,CL01,P01,C02,3,5,2,48,1,112,117.1,117.1,6,forebrain,2.92,0.0214,8.9,True,3000,30,0.0285,2026-07-15 14:35:00,609.3438,2.7204,0,974196.98
LZTBI-0022,tbi_low,1,CL01,P01,C02,3,6,3,72,1,112,117.1,117.1,6,forebrain,2.98,0.0085,13.5,True,3000,30,0.0352,2026-07-16 14:35:00,179.3366,3.6379,0,100000.0
LZTBI-0023,tbi_moderate,1,CL01,P01,C03,3,4,1,24,1,214,201.6,201.6,7,forebrain,2.92,0.0198,4.3,True,3000,30,0.0264,2026-07-14 14:35:00,821.0666,4.6241,0,2717902.13
LZTBI-0023,tbi_moderate,1,CL01,P01,C03,3,5,2,48,1,214,201.6,201.6,7,forebrain,3.06,0.0153,16.7,True,3000,30,0.0155,2026-07-15 14:35:00,474.9655,4.1151,0,905270.8797
LZTBI-0023,tbi_moderate,1,CL01,P01,C03,3,6,3,72,1,214,201.6,201.6,7,forebrain,2.74,0.0183,21.3,True,3000,30,0.0167,2026-07-16 14:35:00,642.8058,5.323,0,2246201.1712
LZTBI-0024,tbi_high,1,CL01,P01,C04,3,4,1,24,1,318,333.7,333.7,8,forebrain,3.17,0.0156,4.0,True,3000,30,0.0185,2026-07-14 14:35:00,1546.3731,7.4156,2,13725345.8502
LZTBI-0024,tbi_high,1,CL01,P01,C04,3,5,2,48,1,318,333.7,333.7,8,forebrain,3.09,0.0172,7.9,True,3000,30,0.0276,2026-07-15 14:35:00,1243.2679,7.8901,0,9144674.688
LZTBI-0024,tbi_high,1,CL01,P01,C04,3,6,3,72,1,318,333.7,333.7,8,forebrain,3.31,0.0147,8.3,True,3000,30,0.0249,2026-07-16 14:35:00,2739.9627,9.3525,6,56101447.5224
LZTBI-0025,tbi_moderate,1,CL01,P01,C05,3,4,1,24,1,214,201.6,201.6,9,forebrain,3.08,0.0235,17.8,True,3000,30,0.013,2026-07-14 14:35:00,1240.1145,5.0744,0,7802555.1789
LZTBI-0025,tbi_moderate,1,CL01,P01,C05,3,5,2,48,1,214,201.6,201.6,9,forebrain,2.99,0.0143,7.6,True,3000,30,0.0295,2026-07-15 14:35:00,1369.9323,6.8347,2,10242198.4822
LZTBI-0025,tbi_moderate,1,CL01,P01,C05,3,6,3,72,1,214,201.6,201.6,9,forebrain,2.88,0.0235,2.5,True,3000,30,0.021,2026-07-16 14:35:00,1973.3252,6.8342,0,26848276.7192
LZTBI-0026,tbi_moderate,1,CL01,P01,C06,3,4,1,24,1,214,201.6,201.6,10,forebrain,3.12,0.0157,8.5,True,3000,30,0.0313,2026-07-14 14:35:00,360.1132,3.6797,0,448117.6533
LZTBI-0026,tbi_moderate,1,CL01,P01,C06,3,5,2,48,1,214,201.6,201.6,10,forebrain,2.96,0.0207,12.1,True,3000,30,0.0339,2026-07-15 14:35:00,896.9104,4.1359,0,2966101.1266
LZTBI-0027,tbi_high,1,CL01,P01,C07,3,4,1,24,1,318,333.7,333.7,11,forebrain,2.7,0.0199,10.7,True,3000,30,0.0321,2026-07-14 14:35:00,1369.0639,6.1346,0,11371794.3426
LZTBI-0027,tbi_high,1,CL01,P01,C07,3,5,2,48,1,318,333.7,333.7,11,forebrain,2.71,0.0113,10.7,True,3000,30,0.0233,2026-07-15 14:35:00,745.2296,6.9499,0,2984724.1663
LZTBI-0027,tbi_high,1,CL01,P01,C07,3,6,3,72,1,318,333.7,333.7,11,forebrain,2.76,0.0206,8.7,True,3000,30,0.0181,2026-07-16 14:35:00,2106.4203,8.8274,2,28442284.5738
LZTBI-0028,tbi_low,1,CL01,P01,C08,3,4,1,24,1,112,117.1,117.1,12,forebrain,2.73,0.0186,5.9,True,3000,30,0.0252,2026-07-14 14:35:00,463.3724,3.5073,0,563843.6935
LZTBI-0028,tbi_low,1,CL01,P01,C08,3,5,2,48,1,112,117.1,117.1,12,forebrain,2.84,0.0125,2.7,True,3000,30,0.028,2026-07-15 14:35:00,238.8561,2.4291,0,121469.4613
LZTBI-0028,tbi_low,1,CL01,P01,C08,3,6,3,72,1,112,117.1,117.1,12,forebrain,2.52,0.0179,4.9,True,3000,30,0.0261,2026-07-16 14:35:00,518.1652,3.1888,0,729362.5936
LZTBI-0029,tbi_low,1,CL01,P01,C09,3,4,1,24,1,112,117.1,117.1,13,forebrain,3.05,0.0191,18.7,True,3000,30,0.0347,2026-07-14 14:35:00,656.0523,3.4307,0,1203519.5964
LZTBI-0029,tbi_low,1,CL01,P01,C09,3,5,2,48,1,112,117.1,117.1,13,forebrain,3.11,0.0125,7.4,True,3000,30,0.0301,2026-07-15 14:35:00,402.1473,5.434,0,781705.7499
LZTBI-0029,tbi_low,1,CL01,P01,C09,3,6,3,72,1,112,117.1,117.1,13,forebrain,3.17,0.0185,1.9,True,3000,30,0.0254,2026-07-16 14:35:00,797.209,5.3052,0,3399629.1128
LZTBI-0030,sham,1,CL01,P01,C10,3,4,1,24,0,0,0.0,0.0,14,forebrain,2.85,0.0118,8.7,True,3000,30,0.0329,2026-07-14 14:35:00,276.975,3.0631,0,212733.9338
LZTBI-0030,sham,1,CL01,P01,C10,3,5,2,48,0,0,0.0,0.0,14,forebrain,2.84,0.019,8.1,True,3000,30,0.0283,2026-07-15 14:35:00,471.5404,2.4657,0,498600.2709
LZTBI-0030,sham,1,CL01,P01,C10,3,6,3,72,0,0,0.0,0.0,14,forebrain,2.92,0.0102,3.1,True,3000,30,0.0188,2026-07-16 14:35:00,150.0,3.0599,0,100000.0
LZTBI-0031,tbi_moderate,1,CL01,P01,D01,3,4,1,24,1,214,201.6,201.6,15,forebrain,2.89,0.0162,1.0,True,3000,30,0.0378,2026-07-14 14:35:00,452.8101,3.8816,0,665892.034
LZTBI-0031,tbi_moderate,1,CL01,P01,D01,3,5,2,48,1,214,201.6,201.6,15,forebrain,2.9,0.0182,18.4,True,3000,30,0.0177,2026-07-15 14:35:00,597.3685,4.5479,0,1331843.926
LZTBI-0032,sham,1,CL01,P01,D02,3,4,1,24,0,0,0.0,0.0,16,forebrain,2.75,0.0195,22.1,True,3000,30,0.0299,2026-07-14 14:35:00,730.729,3.7831,0,1800503.2166
LZTBI-0032,sham,1,CL01,P01,D02,3,5,2,48,0,0,0.0,0.0,16,forebrain,2.64,0.0107,4.4,True,3000,30,0.0235,2026-07-15 14:35:00,239.5346,4.1209,0,198667.5247
LZTBI-0032,sham,1,CL01,P01,D02,3,6,3,72,0,0,0.0,0.0,16,forebrain,2.54,0.0194,2.0,True,3000,30,0.0171,2026-07-16 14:35:00,722.1768,4.6635,0,2250021.8491
LZTBI-0033,tbi_moderate,1,CL01,P01,D03,3,4,1,24,1,214,201.6,201.6,1,forebrain,3.17,0.0178,16.8,True,3000,30,0.03,2026-07-14 15:00:00,799.8533,4.2946,0,2352588.8908
LZTBI-0033,tbi_moderate,1,CL01,P01,D03,3,5,2,48,1,214,201.6,201.6,1,forebrain,3.16,0.0118,11.2,True,3000,30,0.0122,2026-07-15 15:00:00,983.7484,6.582,2,5832569.7735
LZTBI-0033,tbi_moderate,1,CL01,P01,D03,3,6,3,72,1,214,201.6,201.6,1,forebrain,3.14,0.0296,11.1,True,3000,30,0.0097,2026-07-16 15:00:00,2240.3509,5.7921,0,25544347.4373
LZTBI-0034,tbi_moderate,1,CL01,P01,D04,3,4,1,24,1,214,201.6,201.6,2,forebrain,3.0,0.0166,11.2,True,3000,30,0.0291,2026-07-14 15:00:00,455.5959,3.1605,0,601386.3938
LZTBI-0034,tbi_moderate,1,CL01,P01,D04,3,5,2,48,1,214,201.6,201.6,2,forebrain,2.93,0.0172,2.9,True,3000,30,0.0208,2026-07-15 15:00:00,525.3714,4.0573,0,977902.527
LZTBI-0034,tbi_moderate,1,CL01,P01,D04,3,6,3,72,1,214,201.6,201.6,2,forebrain,3.1,0.0157,1.3,True,3000,30,0.0162,2026-07-16 15:00:00,421.8433,3.5067,0,592706.407
LZTBI-0035,sham,1,CL01,P01,D05,3,4,1,24,0,0,0.0,0.0,3,forebrain,2.99,0.0256,20.2,True,3000,30,0.033,2026-07-14 15:00:00,974.1568,4.1262,0,3885157.8183
LZTBI-0035,sham,1,CL01,P01,D05,3,5,2,48,0,0,0.0,0.0,3,forebrain,2.97,0.0129,4.6,True,3000,30,0.014,2026-07-15 15:00:00,304.5383,3.9233,0,363513.4221
LZTBI-0035,sham,1,CL01,P01,D05,3,6,3,72,0,0,0.0,0.0,3,forebrain,2.97,0.0256,8.8,True,3000,30,0.0338,2026-07-16 15:00:00,978.9345,3.9948,0,3418536.2601
LZTBI-0036,sham,1,CL01,P01,D06,3,4,1,24,0,0,0.0,0.0,4,forebrain,2.73,0.0146,7.1,True,3000,30,0.0271,2026-07-14 15:00:00,393.4926,4.0741,0,608352.6242
LZTBI-0036,sham,1,CL01,P01,D06,3,5,2,48,0,0,0.0,0.0,4,forebrain,2.67,0.0221,4.1,True,3000,30,0.0197,2026-07-15 15:00:00,781.5966,3.9737,0,2169677.6678
LZTBI-0036,sham,1,CL01,P01,D06,3,6,3,72,0,0,0.0,0.0,4,forebrain,2.63,0.0152,25.0,True,3000,30,0.0126,2026-07-16 15:00:00,469.9277,3.8652,0,889485.2111
LZTBI-0037,tbi_low,1,CL01,P01,D07,3,4,1,24,1,112,117.1,117.1,5,forebrain,2.83,0.0219,2.1,True,3000,30,0.0283,2026-07-14 15:00:00,656.6777,3.344,0,1265201.7651
LZTBI-0037,tbi_low,1,CL01,P01,D07,3,5,2,48,1,112,117.1,117.1,5,forebrain,2.83,0.0159,20.4,True,3000,30,0.0366,2026-07-15 15:00:00,360.2605,2.8449,0,363463.1763
LZTBI-0037,tbi_low,1,CL01,P01,D07,3,6,3,72,1,112,117.1,117.1,5,forebrain,2.9,0.022,16.0,True,3000,30,0.0275,2026-07-16 15:00:00,774.3914,3.7584,0,2101968.7819
LZTBI-0038,tbi_low,1,CL01,P01,D08,3,4,1,24,1,112,117.1,117.1,6,forebrain,3.36,0.014,0.8,True,3000,30,0.0295,2026-07-14 15:00:00,534.0627,5.4023,0,1264187.1086
LZTBI-0038,tbi_low,1,CL01,P01,D08,3,5,2,48,1,112,117.1,117.1,6,forebrain,3.04,0.0175,15.8,True,3000,30,0.0241,2026-07-15 15:00:00,694.6256,5.1709,0,2239570.0014
LZTBI-0038,tbi_low,1,CL01,P01,D08,3,6,3,72,1,112,117.1,117.1,6,forebrain,3.04,0.0149,18.9,True,3000,30,0.0229,2026-07-16 15:00:00,633.8345,5.4606,0,2036912.0485
LZTBI-0039,sham,1,CL01,P01,D09,3,4,1,24,0,0,0.0,0.0,7,forebrain,2.92,0.017,18.6,True,3000,30,0.0261,2026-07-14 15:00:00,400.5604,3.3145,0,475770.9796
LZTBI-0039,sham,1,CL01,P01,D09,3,5,2,48,0,0,0.0,0.0,7,forebrain,2.95,0.0165,15.0,True,3000,30,0.0341,2026-07-15 15:00:00,336.2672,2.4529,0,188608.5629
LZTBI-0039,sham,1,CL01,P01,D09,3,6,3,72,0,0,0.0,0.0,7,forebrain,2.46,0.0175,10.0,True,3000,30,0.0136,2026-07-16 15:00:00,436.9916,3.1517,0,519408.6446
LZTBI-0040,tbi_low,1,CL01,P01,D10,3,4,1,24,1,112,117.1,117.1,8,forebrain,2.99,0.0218,18.2,True,3000,30,0.0367,2026-07-14 15:00:00,997.2879,5.4566,0,4680116.2759
LZTBI-0040,tbi_low,1,CL01,P01,D10,3,5,2,48,1,112,117.1,117.1,8,forebrain,3.01,0.0085,3.9,True,3000,30,0.0167,2026-07-15 15:00:00,712.9531,6.6999,2,3328470.2108
LZTBI-0040,tbi_low,1,CL01,P01,D10,3,6,3,72,1,112,117.1,117.1,8,forebrain,3.01,0.0221,1.2,True,3000,30,0.0434,2026-07-16 15:00:00,1522.4838,6.1709,0,12535728.6791
LZTBI-0041,tbi_high,1,CL02,P01,E01,3,4,1,24,1,318,333.7,333.7,9,forebrain,3.04,0.0194,7.7,True,3000,30,0.0285,2026-07-14 15:00:00,1973.7448,7.2452,2,24036314.7695
LZTBI-0041,tbi_high,1,CL02,P01,E01,3,5,2,48,1,318,333.7,333.7,9,forebrain,3.11,0.0155,7.8,True,3000,30,0.0215,2026-07-15 15:00:00,1950.5779,9.2511,4,26930044.5832
LZTBI-0041,tbi_high,1,CL02,P01,E01,3,6,3,72,1,318,333.7,333.7,9,forebrain,2.93,0.0177,3.1,True,3000,30,0.0166,2026-07-16 15:00:00,1669.1398,9.0704,2,23477502.8721
LZTBI-0042,tbi_high,1,CL02,P01,E02,3,4,1,24,1,318,333.7,333.7,10,forebrain,3.14,0.0191,1.3,True,3000,30,0.0293,2026-07-14 15:00:00,2175.1037,7.8283,4,25184819.4196
LZTBI-0042,tbi_high,1,CL02,P01,E02,3,5,2,48,1,318,333.7,333.7,10,forebrain,3.15,0.0107,15.2,True,3000,30,0.0331,2026-07-15 15:00:00,693.5655,7.0752,0,2703230.5639
LZTBI-0042,tbi_high,1,CL02,P01,E02,3,6,3,72,1,318,333.7,333.7,10,forebrain,3.06,0.0186,11.7,True,3000,30,0.0304,2026-07-16 15:00:00,2130.9678,7.7173,2,29686021.0779
LZTBI-0043,tbi_high,1,CL02,P01,E03,3,4,1,24,1,318,333.7,333.7,11,forebrain,3.29,0.013,5.5,True,3000,30,0.0309,2026-07-14 15:00:00,323.3746,4.1404,0,391137.2811
LZTBI-0043,tbi_high,1,CL02,P01,E03,3,5,2,48,1,318,333.7,333.7,11,forebrain,3.33,0.0185,8.8,True,3000,30,0.0218,2026-07-15 15:00:00,690.8643,4.8606,0,2233410.7411
LZTBI-0043,tbi_high,1,CL02,P01,E03,3,6,3,72,1,318,333.7,333.7,11,forebrain,3.34,0.0145,18.5,True,3000,30,0.0119,2026-07-16 15:00:00,1105.3863,6.3843,2,7198571.551
LZTBI-0044,tbi_low,1,CL02,P01,E04,3,4,1,24,1,112,117.1,117.1,12,forebrain,3.09,0.0121,1.1,True,3000,30,0.0376,2026-07-14 15:00:00,376.6353,5.1233,0,574409.1348
LZTBI-0044,tbi_low,1,CL02,P01,E04,3,5,2,48,1,112,117.1,117.1,12,forebrain,3.08,0.0191,11.7,True,3000,30,0.0133,2026-07-15 15:00:00,1550.1639,6.3552,2,14839622.2746
LZTBI-0044,tbi_low,1,CL02,P01,E04,3,6,3,72,1,112,117.1,117.1,12,forebrain,3.05,0.0132,14.8,True,3000,30,0.0176,2026-07-16 15:00:00,550.7986,4.6332,0,1260716.381
LZTBI-0045,tbi_moderate,1,CL02,P01,E05,3,4,1,24,1,214,201.6,201.6,13,forebrain,3.14,0.0158,4.3,True,3000,30,0.0344,2026-07-14 15:00:00,617.0122,4.7327,0,1614537.6989
LZTBI-0045,tbi_moderate,1,CL02,P01,E05,3,5,2,48,1,214,201.6,201.6,13,forebrain,3.14,0.0186,0.5,True,3000,30,0.0218,2026-07-15 15:00:00,910.5813,4.9886,0,3966985.4931
LZTBI-0045,tbi_moderate,1,CL02,P01,E05,3,6,3,72,1,214,201.6,201.6,13,forebrain,3.08,0.0148,10.5,True,3000,30,0.0273,2026-07-16 15:00:00,569.1378,4.4548,0,1474895.3508
LZTBI-0046,tbi_low,1,CL02,P01,E06,3,4,1,24,1,112,117.1,117.1,14,forebrain,2.85,0.0232,10.2,True,3000,30,0.035,2026-07-14 15:00:00,658.7549,2.7067,0,975429.3497
LZTBI-0046,tbi_low,1,CL02,P01,E06,3,5,2,48,1,112,117.1,117.1,14,forebrain,2.85,0.0147,15.7,True,3000,30,0.0144,2026-07-15 15:00:00,320.7434,2.2802,0,224054.3605
LZTBI-0046,tbi_low,1,CL02,P01,E06,3,6,3,72,1,112,117.1,117.1,14,forebrain,2.9,0.0226,13.1,True,3000,30,0.0169,2026-07-16 15:00:00,749.1574,3.3329,0,1557614.8218
LZTBI-0047,tbi_high,1,CL02,P01,E07,3,4,1,24,1,318,333.7,333.7,15,forebrain,3.29,0.0246,18.0,True,3000,30,0.0356,2026-07-14 15:00:00,2108.6613,6.7188,2,24701341.5186
LZTBI-0047,tbi_high,1,CL02,P01,E07,3,5,2,48,1,318,333.7,333.7,15,forebrain,3.37,0.0137,1.2,True,3000,30,0.0256,2026-07-15 15:00:00,877.5109,5.3917,0,3699943.8515
LZTBI-0047,tbi_high,1,CL02,P01,E07,3,6,3,72,1,318,333.7,333.7,15,forebrain,3.44,0.0241,8.1,True,3000,30,0.0147,2026-07-16 15:00:00,3086.3136,8.948,4,59190004.7268
LZTBI-0048,tbi_high,1,CL02,P01,E08,3,4,1,24,1,318,333.7,333.7,16,forebrain,3.03,0.0248,0.8,True,3000,30,0.0189,2026-07-14 15:00:00,3006.7471,9.4453,4,79938421.7248
LZTBI-0048,tbi_high,1,CL02,P01,E08,3,5,2,48,1,318,333.7,333.7,16,forebrain,3.1,0.0132,9.3,True,3000,30,0.0291,2026-07-15 15:00:00,1017.7272,6.5643,0,5742817.27
LZTBI-0048,tbi_high,1,CL02,P01,E08,3,6,3,72,1,318,333.7,333.7,16,forebrain,3.14,0.0254,20.0,True,3000,30,0.0384,2026-07-16 15:00:00,2884.9907,7.7833,2,54921470.322
LZTBI-0049,tbi_low,1,CL02,P01,E09,3,4,1,24,1,112,117.1,117.1,1,forebrain,2.46,0.0238,1.5,True,3000,30,0.0158,2026-07-14 15:35:00,695.3533,2.05,0,923749.5357
LZTBI-0049,tbi_low,1,CL02,P01,E09,3,5,2,48,1,112,117.1,117.1,1,forebrain,2.96,0.0143,5.4,True,3000,30,0.0085,2026-07-15 15:35:00,314.2719,3.1175,0,271366.2607
LZTBI-0049,tbi_low,1,CL02,P01,E09,3,6,3,72,1,112,117.1,117.1,1,forebrain,2.61,0.0247,2.3,True,3000,30,0.038,2026-07-16 15:35:00,886.9776,4.5967,0,2655555.9371
LZTBI-0050,tbi_moderate,1,CL02,P01,E10,3,4,1,24,1,214,201.6,201.6,2,forebrain,3.08,0.0247,7.9,True,3000,30,0.029,2026-07-14 15:35:00,1313.1064,5.3136,0,9233725.3427
LZTBI-0050,tbi_moderate,1,CL02,P01,E10,3,5,2,48,1,214,201.6,201.6,2,forebrain,2.95,0.0138,2.5,True,3000,30,0.0182,2026-07-15 15:35:00,506.7432,5.153,0,1091008.1599
LZTBI-0051,sham,1,CL02,P01,F01,3,4,1,24,0,0,0.0,0.0,3,forebrain,2.77,0.0127,8.0,True,3000,30,0.0287,2026-07-14 15:35:00,294.6952,4.8682,0,388635.032
LZTBI-0051,sham,1,CL02,P01,F01,3,5,2,48,0,0,0.0,0.0,3,forebrain,2.89,0.0187,13.0,True,3000,30,0.0372,2026-07-15 15:35:00,630.4144,4.3957,0,1688198.6965
LZTBI-0051,sham,1,CL02,P01,F01,3,6,3,72,0,0,0.0,0.0,3,forebrain,2.55,0.0138,23.7,True,3000,30,0.0267,2026-07-16 15:35:00,412.3046,5.0734,0,809047.2144
LZTBI-0052,tbi_low,1,CL02,P01,F02,3,4,1,24,1,112,117.1,117.1,4,forebrain,3.01,0.0199,5.2,True,3000,30,0.0281,2026-07-14 15:35:00,876.5698,4.2223,0,3507089.6994
LZTBI-0052,tbi_low,1,CL02,P01,F02,3,5,2,48,1,112,117.1,117.1,4,forebrain,2.98,0.0162,15.9,True,3000,30,0.0186,2026-07-15 15:35:00,1102.4901,6.0279,2,7507991.8273
LZTBI-0052,tbi_low,1,CL02,P01,F02,3,6,3,72,1,112,117.1,117.1,4,forebrain,3.39,0.0212,20.2,True,3000,30,0.0168,2026-07-16 15:35:00,1264.47,6.5041,0,9760815.839
LZTBI-0053,tbi_high,1,CL02,P01,F03,3,4,1,24,1,318,333.7,333.7,5,forebrain,2.97,0.0207,23.0,True,3000,30,0.0232,2026-07-14 15:35:00,867.9806,4.7713,0,2590294.9571
LZTBI-0053,tbi_high,1,CL02,P01,F03,3,5,2,48,1,318,333.7,333.7,5,forebrain,3.01,0.0088,11.4,True,3000,30,0.0307,2026-07-15 15:35:00,204.6357,4.0153,0,184998.1933
LZTBI-0053,tbi_high,1,CL02,P01,F03,3,6,3,72,1,318,333.7,333.7,5,forebrain,3.03,0.021,8.6,True,3000,30,0.0098,2026-07-16 15:35:00,1171.3043,5.8155,0,8644047.2814
LZTBI-0054,tbi_moderate,1,CL02,P01,F04,3,4,1,24,1,214,201.6,201.6,6,forebrain,3.13,0.0162,7.3,True,3000,30,0.0184,2026-07-14 15:35:00,554.7657,4.0328,0,1053513.5105
LZTBI-0054,tbi_moderate,1,CL02,P01,F04,3,5,2,48,1,214,201.6,201.6,6,forebrain,3.09,0.021,3.4,True,3000,30,0.0085,2026-07-15 15:35:00,1052.9794,5.5465,0,6409177.9246
LZTBI-0054,tbi_moderate,1,CL02,P01,F04,3,6,3,72,1,214,201.6,201.6,6,forebrain,3.03,0.0085,13.4,True,3000,30,0.0258,2026-07-16 15:35:00,809.4034,6.4388,2,4371824.2813
LZTBI-0055,tbi_low,1,CL02,P01,F05,3,4,1,24,1,112,117.1,117.1,7,forebrain,3.03,0.0149,10.8,True,3000,30,0.0223,2026-07-14 15:35:00,483.0631,3.5164,0,726870.659
LZTBI-0055,tbi_low,1,CL02,P01,F05,3,5,2,48,1,112,117.1,117.1,7,forebrain,2.98,0.0185,5.0,True,3000,30,0.0305,2026-07-15 15:35:00,882.4345,5.4327,0,4372186.1529
LZTBI-0055,tbi_low,1,CL02,P01,F05,3,6,3,72,1,112,117.1,117.1,7,forebrain,3.15,0.0167,2.4,True,3000,30,0.0315,2026-07-16 15:35:00,769.372,5.0062,0,2925968.919
LZTBI-0056,tbi_moderate,1,CL02,P01,F06,3,4,1,24,1,214,201.6,201.6,8,forebrain,3.06,0.0148,4.2,True,3000,30,0.0237,2026-07-14 15:35:00,1706.657,7.7647,4,19521397.5784
LZTBI-0056,tbi_moderate,1,CL02,P01,F06,3,5,2,48,1,214,201.6,201.6,8,forebrain,3.08,0.0207,10.8,True,3000,30,0.0126,2026-07-15 15:35:00,1830.347,7.1796,2,22222375.6957
LZTBI-0056,tbi_moderate,1,CL02,P01,F06,3,6,3,72,1,214,201.6,201.6,8,forebrain,3.44,0.0139,10.6,True,3000,30,0.0151,2026-07-16 15:35:00,816.0158,6.8506,0,4404188.049
LZTBI-0057,tbi_high,1,CL02,P01,F07,3,4,1,24,1,318,333.7,333.7,9,forebrain,3.27,0.0195,25.4,True,3000,30,0.016,2026-07-14 15:35:00,1641.2157,7.1375,2,19657613.7326
LZTBI-0057,tbi_high,1,CL02,P01,F07,3,5,2,48,1,318,333.7,333.7,9,forebrain,3.16,0.0154,6.4,True,3000,30,0.026,2026-07-15 15:35:00,1532.3869,7.0722,2,14827803.7563
LZTBI-0057,tbi_high,1,CL02,P01,F07,3,6,3,72,1,318,333.7,333.7,9,forebrain,3.05,0.0212,8.6,True,3000,30,0.0349,2026-07-16 15:35:00,2806.85,8.8882,4,62062065.6673
LZTBI-0058,sham,1,CL02,P01,F08,3,4,1,24,0,0,0.0,0.0,10,forebrain,3.0,0.0116,7.1,True,3000,30,0.0099,2026-07-14 15:35:00,248.5719,2.782,0,137334.3815
LZTBI-0058,sham,1,CL02,P01,F08,3,5,2,48,0,0,0.0,0.0,10,forebrain,3.01,0.0173,2.9,True,3000,30,0.0317,2026-07-15 15:35:00,380.5751,3.2395,0,333227.7459
LZTBI-0058,sham,1,CL02,P01,F08,3,6,3,72,0,0,0.0,0.0,10,forebrain,3.04,0.0123,14.3,True,3000,30,0.0255,2026-07-16 15:35:00,169.5193,3.1859,0,100000.0
LZTBI-0059,sham,1,CL02,P01,F09,3,4,1,24,0,0,0.0,0.0,11,forebrain,3.28,0.0158,12.4,True,3000,30,0.0202,2026-07-14 15:35:00,461.886,4.0209,0,882487.7695
LZTBI-0059,sham,1,CL02,P01,F09,3,5,2,48,0,0,0.0,0.0,11,forebrain,3.21,0.0214,15.2,True,3000,30,0.0301,2026-07-15 15:35:00,691.2128,4.0658,0,1674571.9473
LZTBI-0059,sham,1,CL02,P01,F09,3,6,3,72,0,0,0.0,0.0,11,forebrain,3.35,0.0163,3.4,True,3000,30,0.025,2026-07-16 15:35:00,530.4817,4.3941,0,921001.8593
LZTBI-0060,tbi_moderate,1,CL02,P01,F10,3,4,1,24,1,214,201.6,201.6,12,forebrain,3.1,0.0106,9.9,True,3000,30,0.0247,2026-07-14 15:35:00,1436.6257,7.4589,4,13504567.4433
LZTBI-0060,tbi_moderate,1,CL02,P01,F10,3,5,2,48,1,214,201.6,201.6,12,forebrain,3.14,0.0203,3.9,True,3000,30,0.0333,2026-07-15 15:35:00,1073.1729,5.55,0,5485645.8999
LZTBI-0060,tbi_moderate,1,CL02,P01,F10,3,6,3,72,1,214,201.6,201.6,12,forebrain,2.97,0.0118,6.7,True,3000,30,0.0243,2026-07-16 15:35:00,1058.6938,5.8094,2,5200518.98
LZTBI-0061,tbi_high,1,CL02,P01,G01,3,4,1,24,1,318,333.7,333.7,13,forebrain,2.76,0.0165,0.9,True,3000,30,0.0148,2026-07-14 15:35:00,720.1251,5.1879,0,2331828.3346
LZTBI-0061,tbi_high,1,CL02,P01,G01,3,5,2,48,1,318,333.7,333.7,13,forebrain,2.7,0.0189,4.8,True,3000,30,0.0337,2026-07-15 15:35:00,947.6289,6.156,0,5064967.3836
LZTBI-0061,tbi_high,1,CL02,P01,G01,3,6,3,72,1,318,333.7,333.7,13,forebrain,2.67,0.0158,18.9,True,3000,30,0.0238,2026-07-16 15:35:00,959.4398,7.1513,0,6829503.7512
LZTBI-0062,tbi_low,1,CL02,P01,G02,3,4,1,24,1,112,117.1,117.1,14,forebrain,2.92,0.0139,2.7,True,3000,30,0.0241,2026-07-14 15:35:00,425.4356,4.4302,0,864959.6434
LZTBI-0062,tbi_low,1,CL02,P01,G02,3,5,2,48,1,112,117.1,117.1,14,forebrain,3.02,0.0243,7.7,True,3000,30,0.0337,2026-07-15 15:35:00,1029.891,3.423,0,4097061.5023
LZTBI-0062,tbi_low,1,CL02,P01,G02,3,6,3,72,1,112,117.1,117.1,14,forebrain,3.11,0.0131,12.8,True,3000,30,0.0146,2026-07-16 15:35:00,418.0564,4.6456,0,762157.0046
LZTBI-0063,sham,1,CL02,P01,G03,3,4,1,24,0,0,0.0,0.0,15,forebrain,3.43,0.0194,17.1,True,3000,30,0.0212,2026-07-14 15:35:00,637.4059,3.6125,0,1729088.6137
LZTBI-0063,sham,1,CL02,P01,G03,3,5,2,48,0,0,0.0,0.0,15,forebrain,3.02,0.0111,6.2,True,3000,30,0.0112,2026-07-15 15:35:00,285.2964,4.4411,0,312448.8095
LZTBI-0064,sham,1,CL02,P01,G04,3,4,1,24,0,0,0.0,0.0,16,forebrain,3.06,0.0144,4.5,True,3000,30,0.0149,2026-07-14 15:35:00,402.4563,3.8656,0,545634.7865
LZTBI-0064,sham,1,CL02,P01,G04,3,5,2,48,0,0,0.0,0.0,16,forebrain,3.11,0.0235,8.7,True,3000,30,0.024,2026-07-15 15:35:00,1020.9646,4.1955,0,4342476.1227
LZTBI-0064,sham,1,CL02,P01,G04,3,6,3,72,0,0,0.0,0.0,16,forebrain,2.93,0.0154,7.2,True,3000,30,0.0286,2026-07-16 15:35:00,516.8545,3.8939,0,1100951.8015
LZTBI-0065,sham,1,CL02,P01,G05,3,4,1,24,0,0,0.0,0.0,1,forebrain,3.11,0.0243,1.1,True,3000,30,0.0137,2026-07-14 16:00:00,933.3682,3.1674,0,2467950.2625
LZTBI-0065,sham,1,CL02,P01,G05,3,5,2,48,0,0,0.0,0.0,1,forebrain,3.04,0.0138,9.8,True,3000,30,0.0285,2026-07-15 16:00:00,313.8678,3.5698,0,324133.5156
LZTBI-0065,sham,1,CL02,P01,G05,3,6,3,72,0,0,0.0,0.0,1,forebrain,2.96,0.0241,12.2,True,3000,30,0.0197,2026-07-16 16:00:00,979.3421,2.8353,0,2592775.4879
LZTBI-0066,tbi_high,1,CL02,P01,G06,3,4,1,24,1,318,333.7,333.7,2,forebrain,3.06,0.0169,3.1,True,3000,30,0.0377,2026-07-14 16:00:00,1106.3839,6.0317,2,7549321.4417
LZTBI-0066,tbi_high,1,CL02,P01,G06,3,5,2,48,1,318,333.7,333.7,2,forebrain,2.97,0.018,12.6,True,3000,30,0.0165,2026-07-15 16:00:00,1014.0579,6.0964,0,6968106.0603
LZTBI-0066,tbi_high,1,CL02,P01,G06,3,6,3,72,1,318,333.7,333.7,2,forebrain,2.89,0.0161,11.5,True,3000,30,0.0233,2026-07-16 16:00:00,748.6606,5.0842,0,2681334.7412
LZTBI-0067,tbi_moderate,1,CL02,P01,G07,3,4,1,24,1,214,201.6,201.6,3,forebrain,3.09,0.0206,1.5,True,3000,30,0.0116,2026-07-14 16:00:00,1036.5019,5.8454,0,4349073.8965
LZTBI-0067,tbi_moderate,1,CL02,P01,G07,3,5,2,48,1,214,201.6,201.6,3,forebrain,3.15,0.0093,13.3,True,3000,30,0.0301,2026-07-15 16:00:00,672.5769,6.7745,2,2762087.6691
LZTBI-0067,tbi_moderate,1,CL02,P01,G07,3,6,3,72,1,214,201.6,201.6,3,forebrain,2.97,0.0203,15.9,True,3000,30,0.0283,2026-07-16 16:00:00,1191.425,6.1325,0,9769953.9729
LZTBI-0068,sham,1,CL02,P01,G08,3,4,1,24,0,0,0.0,0.0,4,forebrain,2.84,0.0104,3.0,True,3000,30,0.0411,2026-07-14 16:00:00,200.9849,3.6554,0,125257.5961
LZTBI-0068,sham,1,CL02,P01,G08,3,5,2,48,0,0,0.0,0.0,4,forebrain,2.81,0.0205,3.4,True,3000,30,0.0197,2026-07-15 16:00:00,773.7346,4.206,0,2233717.8653
LZTBI-0068,sham,1,CL02,P01,G08,3,6,3,72,0,0,0.0,0.0,4,forebrain,2.96,0.0125,4.6,True,3000,30,0.0251,2026-07-16 16:00:00,383.3024,3.8675,0,512608.113
LZTBI-0069,tbi_high,1,CL02,P01,G09,3,4,1,24,1,318,333.7,333.7,5,forebrain,2.69,0.0171,0.5,True,3000,30,0.0277,2026-07-14 16:00:00,1278.1888,7.0827,0,10257224.6936
LZTBI-0069,tbi_high,1,CL02,P01,G09,3,5,2,48,1,318,333.7,333.7,5,forebrain,2.69,0.0161,14.0,True,3000,30,0.0167,2026-07-15 16:00:00,1188.9422,6.8596,0,7234784.8123
LZTBI-0069,tbi_high,1,CL02,P01,G09,3,6,3,72,1,318,333.7,333.7,5,forebrain,2.72,0.0171,10.0,True,3000,30,0.0326,2026-07-16 16:00:00,1234.2747,7.4684,0,12162574.0481
LZTBI-0070,tbi_high,1,CL02,P01,G10,3,4,1,24,1,318,333.7,333.7,6,forebrain,2.83,0.0225,2.8,True,3000,30,0.022,2026-07-14 16:00:00,888.5727,4.7578,0,2995847.1029
LZTBI-0070,tbi_high,1,CL02,P01,G10,3,5,2,48,1,318,333.7,333.7,6,forebrain,2.74,0.015,22.1,True,3000,30,0.0099,2026-07-15 16:00:00,478.5143,4.5949,0,942069.8004
LZTBI-0070,tbi_high,1,CL02,P01,G10,3,6,3,72,1,318,333.7,333.7,6,forebrain,3.01,0.0256,11.9,True,3000,30,0.0148,2026-07-16 16:00:00,2454.6597,7.5236,4,33779031.8079
LZTBI-0071,sham,1,CL02,P01,H01,3,4,1,24,0,0,0.0,0.0,7,forebrain,3.19,0.0142,5.5,True,3000,30,0.0314,2026-07-14 16:00:00,272.8481,3.7746,0,274218.868
LZTBI-0071,sham,1,CL02,P01,H01,3,5,2,48,0,0,0.0,0.0,7,forebrain,3.15,0.0179,0.4,True,3000,30,0.0395,2026-07-15 16:00:00,556.3764,3.1425,0,1064448.0152
LZTBI-0071,sham,1,CL02,P01,H01,3,6,3,72,0,0,0.0,0.0,7,forebrain,3.09,0.0154,22.5,True,3000,30,0.0187,2026-07-16 16:00:00,445.644,4.1757,0,711599.5736
LZTBI-0072,sham,1,CL02,P01,H02,3,4,1,24,0,0,0.0,0.0,8,forebrain,3.12,0.0194,18.9,True,3000,30,0.021,2026-07-14 16:00:00,644.7722,4.0681,0,1475415.2084
LZTBI-0072,sham,1,CL02,P01,H02,3,5,2,48,0,0,0.0,0.0,8,forebrain,3.23,0.0164,0.6,True,3000,30,0.0155,2026-07-15 16:00:00,497.1224,3.9927,0,971470.1215
LZTBI-0072,sham,1,CL02,P01,H02,3,6,3,72,0,0,0.0,0.0,8,forebrain,3.33,0.0181,7.9,True,3000,30,0.0378,2026-07-16 16:00:00,682.0209,4.569,0,1882065.4859
LZTBI-0073,tbi_low,1,CL02,P01,H03,3,4,1,24,1,112,117.1,117.1,9,forebrain,3.08,0.0283,21.5,True,3000,30,0.0243,2026-07-14 16:00:00,1247.389,3.9933,0,5662212.3108
LZTBI-0073,tbi_low,1,CL02,P01,H03,3,5,2,48,1,112,117.1,117.1,9,forebrain,3.04,0.0125,5.3,True,3000,30,0.0329,2026-07-15 16:00:00,368.9301,4.1156,0,544596.1449
LZTBI-0073,tbi_low,1,CL02,P01,H03,3,6,3,72,1,112,117.1,117.1,9,forebrain,3.1,0.0275,7.5,True,3000,30,0.0335,2026-07-16 16:00:00,1345.9502,5.1087,0,10704350.6959
LZTBI-0074,tbi_low,1,CL02,P01,H04,3,4,1,24,1,112,117.1,117.1,10,forebrain,2.86,0.0166,5.5,True,3000,30,0.0345,2026-07-14 16:00:00,391.5406,3.77,0,504172.3851
LZTBI-0074,tbi_low,1,CL02,P01,H04,3,5,2,48,1,112,117.1,117.1,10,forebrain,2.93,0.017,8.2,True,3000,30,0.0264,2026-07-15 16:00:00,455.0602,3.6033,0,641536.9571
LZTBI-0074,tbi_low,1,CL02,P01,H04,3,6,3,72,1,112,117.1,117.1,10,forebrain,2.79,0.0157,6.4,True,3000,30,0.0211,2026-07-16 16:00:00,825.7213,4.8342,2,3433958.8771
LZTBI-0075,sham,1,CL02,P01,H05,3,4,1,24,0,0,0.0,0.0,11,forebrain,2.53,0.0175,19.3,True,3000,30,0.0258,2026-07-14 16:00:00,388.7426,2.6889,0,379114.7019
LZTBI-0075,sham,1,CL02,P01,H05,3,5,2,48,0,0,0.0,0.0,11,forebrain,2.6,0.0148,4.1,True,3000,30,0.0345,2026-07-15 16:00:00,269.1033,3.1688,0,217561.9171
LZTBI-0075,sham,1,CL02,P01,H05,3,6,3,72,0,0,0.0,0.0,11,forebrain,2.68,0.0185,0.5,True,3000,30,0.0145,2026-07-16 16:00:00,422.7995,3.644,0,629098.3835
LZTBI-0076,tbi_high,1,CL02,P01,H06,3,4,1,24,1,318,333.7,333.7,12,forebrain,3.04,0.0245,4.4,True,3000,30,0.0285,2026-07-14 16:00:00,2069.4298,7.535,0,22421108.0145
LZTBI-0076,tbi_high,1,CL02,P01,H06,3,5,2,48,1,318,333.7,333.7,12,forebrain,2.99,0.0138,12.6,True,3000,30,0.0213,2026-07-15 16:00:00,2785.2504,10.2128,6,89294738.7345
LZTBI-0076,tbi_high,1,CL02,P01,H06,3,6,3,72,1,318,333.7,333.7,12,forebrain,2.93,0.0237,14.5,True,3000,30,0.0133,2026-07-16 16:00:00,2755.9106,7.073,2,54942641.8512
LZTBI-0077,tbi_moderate,1,CL02,P01,H07,3,4,1,24,1,214,201.6,201.6,13,forebrain,2.82,0.0169,20.4,True,3000,30,0.0433,2026-07-14 16:00:00,865.6223,5.9624,0,4354761.7225
LZTBI-0077,tbi_moderate,1,CL02,P01,H07,3,5,2,48,1,214,201.6,201.6,13,forebrain,2.87,0.0171,5.4,True,3000,30,0.021,2026-07-15 16:00:00,946.9933,6.0086,0,5024010.9598
LZTBI-0077,tbi_moderate,1,CL02,P01,H07,3,6,3,72,1,214,201.6,201.6,13,forebrain,2.76,0.0179,7.4,True,3000,30,0.0131,2026-07-16 16:00:00,2722.557,9.7334,6,58251094.4798
LZTBI-0078,tbi_high,1,CL02,P01,H08,3,4,1,24,1,318,333.7,333.7,14,forebrain,3.24,0.0134,12.9,True,3000,30,0.033,2026-07-14 16:00:00,626.1827,6.3278,0,2548231.3486
LZTBI-0078,tbi_high,1,CL02,P01,H08,3,5,2,48,1,318,333.7,333.7,14,forebrain,3.25,0.0247,8.3,True,3000,30,0.0221,2026-07-15 16:00:00,2071.3803,6.952,0,28855361.2874
LZTBI-0078,tbi_high,1,CL02,P01,H08,3,6,3,72,1,318,333.7,333.7,14,forebrain,3.15,0.0134,8.9,True,3000,30,0.023,2026-07-16 16:00:00,2019.1536,9.5193,4,36213269.6491
LZTBI-0079,tbi_low,1,CL02,P01,H09,3,4,1,24,1,112,117.1,117.1,15,forebrain,2.84,0.014,13.4,True,3000,30,0.0378,2026-07-14 16:00:00,496.3582,4.7098,0,1055267.4797
LZTBI-0079,tbi_low,1,CL02,P01,H09,3,5,2,48,1,112,117.1,117.1,15,forebrain,2.92,0.0242,18.3,True,3000,30,0.0166,2026-07-15 16:00:00,1660.483,6.3308,0,15153489.3126
LZTBI-0079,tbi_low,1,CL02,P01,H09,3,6,3,72,1,112,117.1,117.1,15,forebrain,2.99,0.0136,12.9,True,3000,30,0.0225,2026-07-16 16:00:00,792.0987,6.2433,0,3501761.2289
LZTBI-0080,tbi_low,1,CL02,P01,H10,3,4,1,24,1,112,117.1,117.1,16,forebrain,3.27,0.0166,2.1,True,3000,30,0.0283,2026-07-14 16:00:00,798.2534,5.5624,0,3293031.5019
LZTBI-0080,tbi_low,1,CL02,P01,H10,3,5,2,48,1,112,117.1,117.1,16,forebrain,3.24,0.0175,23.6,True,3000,30,0.0072,2026-07-15 16:00:00,1238.6509,5.6518,2,9250292.4268
LZTBI-0080,tbi_low,1,CL02,P01,H10,3,6,3,72,1,112,117.1,117.1,16,forebrain,3.19,0.015,4.0,True,3000,30,0.0185,2026-07-16 16:00:00,510.9616,4.7163,0,1097716.8753
LZTBI-0081,sham,2,CL03,P02,A01,3,4,1,24,0,0,0.0,0.0,1,forebrain,3.42,0.0277,4.0,True,3000,30,0.0241,2026-07-15 14:00:00,1289.7231,4.6341,0,8603798.4218
LZTBI-0081,sham,2,CL03,P02,A01,3,5,2,48,0,0,0.0,0.0,1,forebrain,3.57,0.0125,7.2,True,3000,30,0.0144,2026-07-16 14:00:00,351.9143,4.2825,0,474953.9803
LZTBI-0081,sham,2,CL03,P02,A01,3,6,3,72,0,0,0.0,0.0,1,forebrain,3.18,0.0304,5.3,True,3000,30,0.0191,2026-07-17 14:00:00,1754.2022,4.7043,0,15538811.096
LZTBI-0082,tbi_high,2,CL03,P02,A02,3,4,1,24,1,318,313.9,313.9,2,forebrain,3.29,0.0085,24.8,True,3000,30,0.0138,2026-07-15 14:00:00,391.1355,5.9793,0,901569.6569
LZTBI-0082,tbi_high,2,CL03,P02,A02,3,5,2,48,1,318,313.9,313.9,2,forebrain,3.29,0.0217,12.3,True,3000,30,0.0251,2026-07-16 14:00:00,1676.8734,7.3293,0,19230307.7868
LZTBI-0082,tbi_high,2,CL03,P02,A02,3,6,3,72,1,318,313.9,313.9,2,forebrain,3.2,0.0085,0.4,True,3000,30,0.0282,2026-07-17 14:00:00,1144.415,7.6042,2,7917281.1657
LZTBI-0083,tbi_low,2,CL03,P02,A03,3,4,1,24,1,112,114.0,114.0,3,forebrain,2.76,0.0207,18.0,True,3000,30,0.0397,2026-07-15 14:00:00,821.1949,4.0165,0,2252145.3645
LZTBI-0083,tbi_low,2,CL03,P02,A03,3,5,2,48,1,112,114.0,114.0,3,forebrain,2.69,0.0093,8.1,True,3000,30,0.0302,2026-07-16 14:00:00,236.1184,4.8816,0,202097.6996
LZTBI-0083,tbi_low,2,CL03,P02,A03,3,6,3,72,1,112,114.0,114.0,3,forebrain,2.63,0.0203,17.8,True,3000,30,0.0197,2026-07-17 14:00:00,939.3121,4.9964,0,4405469.8406
LZTBI-0084,tbi_high,2,CL03,P02,A04,3,4,1,24,1,318,313.9,313.9,4,forebrain,3.33,0.0242,6.9,True,3000,30,0.0333,2026-07-15 14:00:00,1563.1531,5.6566,0,12947842.4273
LZTBI-0084,tbi_high,2,CL03,P02,A04,3,5,2,48,1,318,313.9,313.9,4,forebrain,3.3,0.0137,2.8,True,3000,30,0.0382,2026-07-16 14:00:00,1097.5769,7.0507,2,7625334.4875
LZTBI-0084,tbi_high,2,CL03,P02,A04,3,6,3,72,1,318,313.9,313.9,4,forebrain,3.24,0.0242,25.3,True,3000,30,0.0149,2026-07-17 14:00:00,2004.4427,6.7671,0,22544628.5751
LZTBI-0085,tbi_low,2,CL03,P02,A05,3,4,1,24,1,112,114.0,114.0,5,forebrain,2.91,0.0147,11.6,True,3000,30,0.0158,2026-07-15 14:00:00,983.5701,5.7825,2,3885321.5272
LZTBI-0085,tbi_low,2,CL03,P02,A05,3,5,2,48,1,112,114.0,114.0,5,forebrain,2.85,0.0233,16.0,True,3000,30,0.0084,2026-07-16 14:00:00,1452.5282,5.5972,0,10407626.9728
LZTBI-0085,tbi_low,2,CL03,P02,A05,3,6,3,72,1,112,114.0,114.0,5,forebrain,3.03,0.0144,21.8,True,3000,30,0.0386,2026-07-17 14:00:00,1183.4428,6.8129,2,8096163.0307
LZTBI-0086,tbi_moderate,2,CL03,P02,A06,3,4,1,24,1,214,214.9,214.9,6,forebrain,3.09,0.0184,0.4,True,3000,30,0.0176,2026-07-15 14:00:00,1070.7127,6.6425,0,5227412.2298
LZTBI-0086,tbi_moderate,2,CL03,P02,A06,3,5,2,48,1,214,214.9,214.9,6,forebrain,3.08,0.0127,22.4,True,3000,30,0.0261,2026-07-16 14:00:00,508.325,6.0456,0,1360479.0056
LZTBI-0086,tbi_moderate,2,CL03,P02,A06,3,6,3,72,1,214,214.9,214.9,6,forebrain,3.03,0.0175,17.3,True,3000,30,0.0371,2026-07-17 14:00:00,1087.1114,7.0552,0,6330139.62
LZTBI-0087,tbi_low,2,CL03,P02,A07,3,4,1,24,1,112,114.0,114.0,7,forebrain,3.19,0.0145,7.0,True,3000,30,0.0425,2026-07-15 14:00:00,369.4118,3.566,0,506874.7352
LZTBI-0087,tbi_low,2,CL03,P02,A07,3,5,2,48,1,112,114.0,114.0,7,forebrain,3.2,0.0176,4.7,True,3000,30,0.037,2026-07-16 14:00:00,586.6693,3.5657,0,1130364.4229
LZTBI-0087,tbi_low,2,CL03,P02,A07,3,6,3,72,1,112,114.0,114.0,7,forebrain,3.18,0.0137,12.0,True,3000,30,0.0143,2026-07-17 14:00:00,429.232,5.1236,0,866859.8989
LZTBI-0088,tbi_high,2,CL03,P02,A08,3,4,1,24,1,318,313.9,313.9,8,forebrain,2.98,0.0144,8.6,True,3000,30,0.0153,2026-07-15 14:00:00,704.4948,5.9263,0,2549360.5805
LZTBI-0088,tbi_high,2,CL03,P02,A08,3,5,2,48,1,318,313.9,313.9,8,forebrain,3.03,0.0179,11.8,True,3000,30,0.0265,2026-07-16 14:00:00,1429.8091,7.3609,0,13396637.8737
LZTBI-0088,tbi_high,2,CL03,P02,A08,3,6,3,72,1,318,313.9,313.9,8,forebrain,3.07,0.0158,3.2,True,3000,30,0.037,2026-07-17 14:00:00,1190.9051,8.7064,0,9636487.7817
LZTBI-0089,tbi_moderate,2,CL03,P02,A09,3,4,1,24,1,214,214.9,214.9,9,forebrain,2.97,0.0085,6.8,True,3000,30,0.0246,2026-07-15 14:00:00,261.4379,4.7169,0,260231.0131
LZTBI-0089,tbi_moderate,2,CL03,P02,A09,3,5,2,48,1,214,214.9,214.9,9,forebrain,2.94,0.0211,6.6,True,3000,30,0.0167,2026-07-16 14:00:00,1095.7131,5.4098,0,5977980.0974
LZTBI-0089,tbi_moderate,2,CL03,P02,A09,3,6,3,72,1,214,214.9,214.9,9,forebrain,3.13,0.0085,3.1,True,3000,30,0.011,2026-07-17 14:00:00,911.9224,6.5854,2,5926352.8214
LZTBI-0090,tbi_low,2,CL03,P02,A10,3,4,1,24,1,112,114.0,114.0,10,forebrain,2.76,0.0191,20.7,True,3000,30,0.0117,2026-07-15 14:00:00,726.0109,4.5122,0,1802344.4804
LZTBI-0090,tbi_low,2,CL03,P02,A10,3,5,2,48,1,112,114.0,114.0,10,forebrain,2.76,0.0156,0.7,True,3000,30,0.0346,2026-07-16 14:00:00,581.8644,4.3353,0,1525491.94
LZTBI-0090,tbi_low,2,CL03,P02,A10,3,6,3,72,1,112,114.0,114.0,10,forebrain,2.77,0.0206,6.4,True,3000,30,0.0294,2026-07-17 14:00:00,1612.6571,6.2415,2,16672162.8976
LZTBI-0091,tbi_high,2,CL03,P02,B01,3,4,1,24,1,318,313.9,313.9,11,forebrain,3.0,0.016,5.3,True,3000,30,0.0215,2026-07-15 14:00:00,3306.7876,9.8464,8,97609129.1351
LZTBI-0091,tbi_high,2,CL03,P02,B01,3,5,2,48,1,318,313.9,313.9,11,forebrain,2.98,0.021,9.9,True,3000,30,0.0305,2026-07-16 14:00:00,2446.5138,8.7967,2,52868533.4236
LZTBI-0091,tbi_high,2,CL03,P02,B01,3,6,3,72,1,318,313.9,313.9,11,forebrain,3.07,0.0166,11.3,True,3000,30,0.028,2026-07-17 14:00:00,1358.1384,7.9771,0,13293682.195
LZTBI-0092,sham,2,CL03,P02,B02,3,4,1,24,0,0,0.0,0.0,12,forebrain,3.22,0.0173,1.4,True,3000,30,0.0145,2026-07-15 14:00:00,510.5242,4.372,0,946165.0152
LZTBI-0092,sham,2,CL03,P02,B02,3,5,2,48,0,0,0.0,0.0,12,forebrain,3.21,0.0156,24.4,True,3000,30,0.0304,2026-07-16 14:00:00,429.5582,3.615,0,699913.7267
LZTBI-0092,sham,2,CL03,P02,B02,3,6,3,72,0,0,0.0,0.0,12,forebrain,3.17,0.0167,13.4,True,3000,30,0.035,2026-07-17 14:00:00,402.1658,3.9848,0,720261.241
LZTBI-0093,tbi_high,2,CL03,P02,B03,3,4,1,24,1,318,313.9,313.9,13,forebrain,2.97,0.0204,9.3,True,3000,30,0.031,2026-07-15 14:00:00,1748.3574,6.066,2,15317009.093
LZTBI-0093,tbi_high,2,CL03,P02,B03,3,5,2,48,1,318,313.9,313.9,13,forebrain,3.1,0.0093,4.6,True,3000,30,0.0342,2026-07-16 14:00:00,841.5525,7.4096,2,4541251.6699
LZTBI-0093,tbi_high,2,CL03,P02,B03,3,6,3,72,1,318,313.9,313.9,13,forebrain,3.2,0.0206,10.9,True,3000,30,0.0386,2026-07-17 14:00:00,2103.9312,8.7362,2,36552910.6796
LZTBI-0094,tbi_high,2,CL03,P02,B04,3,4,1,24,1,318,313.9,313.9,14,forebrain,2.86,0.0155,12.5,True,3000,30,0.031,2026-07-15 14:00:00,820.399,6.4875,0,3649711.0881
LZTBI-0094,tbi_high,2,CL03,P02,B04,3,5,2,48,1,318,313.9,313.9,14,forebrain,2.86,0.018,8.5,True,3000,30,0.0239,2026-07-16 14:00:00,2627.475,9.1153,4,62298788.1121
LZTBI-0094,tbi_high,2,CL03,P02,B04,3,6,3,72,1,318,313.9,313.9,14,forebrain,2.88,0.0142,8.0,True,3000,30,0.0167,2026-07-17 14:00:00,1598.4364,9.1319,2,20274244.8773
LZTBI-0095,tbi_moderate,2,CL03,P02,B05,3,4,1,24,1,214,214.9,214.9,15,forebrain,2.91,0.0217,25.5,True,3000,30,0.0123,2026-07-15 14:00:00,1518.8274,6.1528,0,12908153.4155
LZTBI-0095,tbi_moderate,2,CL03,P02,B05,3,5,2,48,1,214,214.9,214.9,15,forebrain,2.93,0.0085,8.1,True,3000,30,0.019,2026-07-16 14:00:00,765.4146,7.2655,2,3055520.7578
LZTBI-0095,tbi_moderate,2,CL03,P02,B05,3,6,3,72,1,214,214.9,214.9,15,forebrain,2.92,0.0214,7.0,True,3000,30,0.0252,2026-07-17 14:00:00,2417.4961,7.6677,4,47034794.3259
LZTBI-0096,tbi_low,2,CL03,P02,B06,3,4,1,24,1,112,114.0,114.0,16,forebrain,3.06,0.0136,1.6,True,3000,30,0.0103,2026-07-15 14:00:00,326.5751,3.0942,0,279591.2795
LZTBI-0096,tbi_low,2,CL03,P02,B06,3,5,2,48,1,112,114.0,114.0,16,forebrain,3.12,0.0184,13.1,True,3000,30,0.0322,2026-07-16 14:00:00,438.5048,4.1627,0,678788.5244
LZTBI-0096,tbi_low,2,CL03,P02,B06,3,6,3,72,1,112,114.0,114.0,16,forebrain,2.96,0.0147,15.7,True,3000,30,0.0281,2026-07-17 14:00:00,720.1028,3.6389,2,1910628.5306
LZTBI-0097,tbi_moderate,2,CL03,P02,B07,3,4,1,24,1,214,214.9,214.9,1,forebrain,2.91,0.0244,6.1,True,3000,30,0.0309,2026-07-15 14:35:00,1230.397,4.7548,0,7324692.9313
LZTBI-0097,tbi_moderate,2,CL03,P02,B07,3,5,2,48,1,214,214.9,214.9,1,forebrain,2.81,0.0135,7.4,True,3000,30,0.0396,2026-07-16 14:35:00,533.5507,4.9376,0,1347474.4376
LZTBI-0097,tbi_moderate,2,CL03,P02,B07,3,6,3,72,1,214,214.9,214.9,1,forebrain,2.74,0.0249,14.8,True,3000,30,0.0193,2026-07-17 14:35:00,1593.4691,6.3597,0,14777074.1414
LZTBI-0098,sham,2,CL03,P02,B08,3,4,1,24,0,0,0.0,0.0,2,forebrain,3.16,0.017,9.3,True,3000,30,0.0171,2026-07-15 14:35:00,559.3745,2.2382,0,657178.2444
LZTBI-0098,sham,2,CL03,P02,B08,3,5,2,48,0,0,0.0,0.0,2,forebrain,3.17,0.0175,11.2,True,3000,30,0.0076,2026-07-16 14:35:00,522.4072,3.7768,0,953364.1034
LZTBI-0098,sham,2,CL03,P02,B08,3,6,3,72,0,0,0.0,0.0,2,forebrain,3.16,0.0168,16.3,True,3000,30,0.0284,2026-07-17 14:35:00,426.4608,2.9136,0,491428.0057
LZTBI-0099,tbi_low,2,CL03,P02,B09,3,4,1,24,1,112,114.0,114.0,3,forebrain,2.99,0.016,18.3,True,3000,30,0.0216,2026-07-15 14:35:00,454.4665,4.7025,0,781129.7864
LZTBI-0099,tbi_low,2,CL03,P02,B09,3,5,2,48,1,112,114.0,114.0,3,forebrain,2.96,0.0201,12.2,True,3000,30,0.0307,2026-07-16 14:35:00,950.1927,4.7704,0,3545259.5492
LZTBI-0099,tbi_low,2,CL03,P02,B09,3,6,3,72,1,112,114.0,114.0,3,forebrain,3.08,0.0166,11.8,True,3000,30,0.029,2026-07-17 14:35:00,587.894,4.0896,0,1322719.57
LZTBI-0100,tbi_moderate,2,CL03,P02,B10,3,4,1,24,1,214,214.9,214.9,4,forebrain,3.01,0.0254,1.6,True,3000,30,0.0167,2026-07-15 14:35:00,1270.8931,3.6437,0,4332576.9426
LZTBI-0101,tbi_high,2,CL03,P02,C01,3,4,1,24,1,318,313.9,313.9,5,forebrain,3.23,0.0136,0.4,True,3000,30,0.0101,2026-07-15 14:35:00,1861.5369,8.5822,4,28983335.714
LZTBI-0101,tbi_high,2,CL03,P02,C01,3,5,2,48,1,318,313.9,313.9,5,forebrain,3.21,0.0242,12.8,True,3000,30,0.0175,2026-07-16 14:35:00,1850.5977,7.0563,0,20720238.0325
LZTBI-0101,tbi_high,2,CL03,P02,C01,3,6,3,72,1,318,313.9,313.9,5,forebrain,3.18,0.0142,14.8,True,3000,30,0.0257,2026-07-17 14:35:00,1677.5972,8.4026,2,23355005.2687
LZTBI-0102,tbi_low,2,CL03,P02,C02,3,4,1,24,1,112,114.0,114.0,6,forebrain,3.02,0.0185,8.6,True,3000,30,0.0335,2026-07-15 14:35:00,740.4179,4.2504,0,2385524.5201
LZTBI-0102,tbi_low,2,CL03,P02,C02,3,5,2,48,1,112,114.0,114.0,6,forebrain,3.06,0.0129,15.5,True,3000,30,0.0274,2026-07-16 14:35:00,367.2005,4.5575,0,496491.7211
LZTBI-0102,tbi_low,2,CL03,P02,C02,3,6,3,72,1,112,114.0,114.0,6,forebrain,3.11,0.0188,2.2,True,3000,30,0.0214,2026-07-17 14:35:00,691.0081,4.9283,0,2482612.2602
LZTBI-0103,sham,2,CL03,P02,C03,3,4,1,24,0,0,0.0,0.0,7,forebrain,2.74,0.026,5.3,True,3000,30,0.0175,2026-07-15 14:35:00,990.5967,3.8649,0,3029253.9653
LZTBI-0103,sham,2,CL03,P02,C03,3,5,2,48,0,0,0.0,0.0,7,forebrain,2.76,0.0127,4.1,True,3000,30,0.0365,2026-07-16 14:35:00,296.4953,3.0847,0,271738.2524
LZTBI-0103,sham,2,CL03,P02,C03,3,6,3,72,0,0,0.0,0.0,7,forebrain,2.8,0.0233,6.1,True,3000,30,0.0285,2026-07-17 14:35:00,770.6517,2.5126,0,1447524.4657
LZTBI-0104,sham,2,CL03,P02,C04,3,4,1,24,0,0,0.0,0.0,8,forebrain,3.02,0.0119,7.5,True,3000,30,0.0353,2026-07-15 14:35:00,279.5,3.613,0,277469.4171
LZTBI-0104,sham,2,CL03,P02,C04,3,5,2,48,0,0,0.0,0.0,8,forebrain,3.07,0.0279,3.7,True,3000,30,0.0261,2026-07-16 14:35:00,1154.1131,3.1547,0,3688711.2878
LZTBI-0104,sham,2,CL03,P02,C04,3,6,3,72,0,0,0.0,0.0,8,forebrain,2.97,0.0115,4.8,True,3000,30,0.023,2026-07-17 14:35:00,296.3791,3.9567,0,339025.4265
LZTBI-0105,tbi_low,2,CL03,P02,C05,3,4,1,24,1,112,114.0,114.0,9,forebrain,2.66,0.0259,8.2,True,3000,30,0.0273,2026-07-15 14:35:00,1685.1073,5.2367,0,15546474.9285
LZTBI-0105,tbi_low,2,CL03,P02,C05,3,5,2,48,1,112,114.0,114.0,9,forebrain,2.63,0.0125,4.1,True,3000,30,0.0357,2026-07-16 14:35:00,495.016,6.0685,0,1283106.7232
LZTBI-0105,tbi_low,2,CL03,P02,C05,3,6,3,72,1,112,114.0,114.0,9,forebrain,2.62,0.0277,14.9,True,3000,30,0.0155,2026-07-17 14:35:00,2309.3777,5.9087,0,25497758.8808
LZTBI-0106,sham,2,CL03,P02,C06,3,4,1,24,0,0,0.0,0.0,10,forebrain,3.1,0.0085,19.8,True,3000,30,0.0092,2026-07-15 14:35:00,197.6181,3.0392,0,100040.0533
LZTBI-0106,sham,2,CL03,P02,C06,3,5,2,48,0,0,0.0,0.0,10,forebrain,3.13,0.0211,5.9,True,3000,30,0.0291,2026-07-16 14:35:00,765.9293,3.9442,0,2278824.0618
LZTBI-0106,sham,2,CL03,P02,C06,3,6,3,72,0,0,0.0,0.0,10,forebrain,3.15,0.0085,2.4,True,3000,30,0.0198,2026-07-17 14:35:00,150.0,3.4889,0,100000.0
LZTBI-0107,sham,2,CL03,P02,C07,3,4,1,24,0,0,0.0,0.0,11,forebrain,2.97,0.0178,6.6,True,3000,30,0.014,2026-07-15 14:35:00,446.9225,2.9969,0,575532.2109
LZTBI-0107,sham,2,CL03,P02,C07,3,5,2,48,0,0,0.0,0.0,11,forebrain,2.55,0.0147,15.6,True,3000,30,0.0217,2026-07-16 14:35:00,313.0668,2.5628,0,196304.5614
LZTBI-0107,sham,2,CL03,P02,C07,3,6,3,72,0,0,0.0,0.0,11,forebrain,3.02,0.0177,10.5,True,3000,30,0.0244,2026-07-17 14:35:00,502.9121,4.1075,0,862669.6552
LZTBI-0108,tbi_low,2,CL03,P02,C08,3,4,1,24,1,112,114.0,114.0,12,forebrain,3.0,0.0113,6.9,True,3000,30,0.0308,2026-07-15 14:35:00,209.0299,3.634,0,132433.2913
LZTBI-0108,tbi_low,2,CL03,P02,C08,3,5,2,48,1,112,114.0,114.0,12,forebrain,3.04,0.0181,19.8,True,3000,30,0.02,2026-07-16 14:35:00,411.6951,2.6301,0,386558.9102
LZTBI-0108,tbi_low,2,CL03,P02,C08,3,6,3,72,1,112,114.0,114.0,12,forebrain,2.95,0.0113,9.6,True,3000,30,0.0222,2026-07-17 14:35:00,265.8424,4.0581,0,233333.6032
LZTBI-0109,tbi_low,2,CL03,P02,C09,3,4,1,24,1,112,114.0,114.0,13,forebrain,2.81,0.0206,11.7,True,3000,30,0.0224,2026-07-15 14:35:00,757.1705,4.3673,0,2196305.8466
LZTBI-0109,tbi_low,2,CL03,P02,C09,3,5,2,48,1,112,114.0,114.0,13,forebrain,2.75,0.0153,2.8,True,3000,30,0.0294,2026-07-16 14:35:00,484.7114,3.2035,0,723252.0353
LZTBI-0109,tbi_low,2,CL03,P02,C09,3,6,3,72,1,112,114.0,114.0,13,forebrain,2.72,0.0219,18.0,True,3000,30,0.036,2026-07-17 14:35:00,900.9853,4.1931,0,3023397.8439
LZTBI-0110,tbi_moderate,2,CL03,P02,C10,3,4,1,24,1,214,214.9,214.9,14,forebrain,3.18,0.0151,7.5,True,3000,30,0.0357,2026-07-15 14:35:00,1286.761,8.0538,2,9067862.5173
LZTBI-0110,tbi_moderate,2,CL03,P02,C10,3,5,2,48,1,214,214.9,214.9,14,forebrain,3.11,0.0229,5.6,True,3000,30,0.0185,2026-07-16 14:35:00,3130.5913,8.9243,6,80770057.0605
LZTBI-0110,tbi_moderate,2,CL03,P02,C10,3,6,3,72,1,214,214.9,214.9,14,forebrain,3.28,0.0155,2.1,True,3000,30,0.018,2026-07-17 14:35:00,1122.2081,8.4138,0,8567545.5427
LZTBI-0111,tbi_moderate,2,CL03,P02,D01,3,4,1,24,1,214,214.9,214.9,15,forebrain,3.02,0.0138,3.4,True,3000,30,0.0094,2026-07-15 14:35:00,805.5951,5.4143,0,3234570.7046
LZTBI-0111,tbi_moderate,2,CL03,P02,D01,3,5,2,48,1,214,214.9,214.9,15,forebrain,3.0,0.0241,11.0,True,3000,30,0.0314,2026-07-16 14:35:00,2120.2521,6.2724,2,23392485.6066
LZTBI-0111,tbi_moderate,2,CL03,P02,D01,3,6,3,72,1,214,214.9,214.9,15,forebrain,2.96,0.0139,13.8,True,3000,30,0.0251,2026-07-17 14:35:00,1122.9677,6.3997,2,7437252.3885
LZTBI-0112,sham,2,CL03,P02,D02,3,4,1,24,0,0,0.0,0.0,16,forebrain,3.09,0.0143,21.2,True,3000,30,0.0182,2026-07-15 14:35:00,260.4166,2.9423,0,138001.5473
LZTBI-0112,sham,2,CL03,P02,D02,3,5,2,48,0,0,0.0,0.0,16,forebrain,3.03,0.0187,9.0,True,3000,30,0.029,2026-07-16 14:35:00,456.7696,3.0602,0,637031.5333
LZTBI-0112,sham,2,CL03,P02,D02,3,6,3,72,0,0,0.0,0.0,16,forebrain,2.97,0.0117,4.4,True,3000,30,0.0119,2026-07-17 14:35:00,160.3499,2.9485,0,100000.0
LZTBI-0113,tbi_high,2,CL03,P02,D03,3,4,1,24,1,318,313.9,313.9,1,forebrain,3.0,0.0196,15.3,True,3000,30,0.0188,2026-07-15 15:00:00,2114.0188,7.465,4,27403489.1164
LZTBI-0113,tbi_high,2,CL03,P02,D03,3,5,2,48,1,318,313.9,313.9,1,forebrain,3.11,0.0106,1.6,True,3000,30,0.0338,2026-07-16 15:00:00,778.0071,5.8878,0,3424111.2181
LZTBI-0113,tbi_high,2,CL03,P02,D03,3,6,3,72,1,318,313.9,313.9,1,forebrain,2.82,0.0199,2.0,True,3000,30,0.0402,2026-07-17 15:00:00,3599.8176,8.8879,6,127975628.4714
LZTBI-0114,tbi_moderate,2,CL03,P02,D04,3,4,1,24,1,214,214.9,214.9,2,forebrain,3.0,0.0157,10.0,True,3000,30,0.02,2026-07-15 15:00:00,701.9548,5.9399,0,2866203.1069
LZTBI-0114,tbi_moderate,2,CL03,P02,D04,3,5,2,48,1,214,214.9,214.9,2,forebrain,3.02,0.0209,0.6,True,3000,30,0.0259,2026-07-16 15:00:00,1315.7393,6.0053,0,9841906.5787
LZTBI-0114,tbi_moderate,2,CL03,P02,D04,3,6,3,72,1,214,214.9,214.9,2,forebrain,2.92,0.016,3.1,True,3000,30,0.0359,2026-07-17 15:00:00,1467.371,8.523,2,15927954.8617
LZTBI-0115,sham,2,CL03,P02,D05,3,4,1,24,0,0,0.0,0.0,3,forebrain,2.89,0.0181,10.1,True,3000,30,0.0149,2026-07-15 15:00:00,509.3714,2.5358,0,480016.6595
LZTBI-0115,sham,2,CL03,P02,D05,3,5,2,48,0,0,0.0,0.0,3,forebrain,2.94,0.014,24.7,True,3000,30,0.0356,2026-07-16 15:00:00,297.6721,3.4196,0,226064.5546
LZTBI-0115,sham,2,CL03,P02,D05,3,6,3,72,0,0,0.0,0.0,3,forebrain,3.02,0.0176,4.6,True,3000,30,0.0282,2026-07-17 15:00:00,503.6256,3.6266,0,818308.516
LZTBI-0116,sham,2,CL03,P02,D06,3,4,1,24,0,0,0.0,0.0,4,forebrain,3.1,0.0169,6.9,True,3000,30,0.0205,2026-07-15 15:00:00,413.0788,2.3977,0,347067.075
LZTBI-0116,sham,2,CL03,P02,D06,3,5,2,48,0,0,0.0,0.0,4,forebrain,3.03,0.0174,11.3,True,3000,30,0.0325,2026-07-16 15:00:00,449.2229,3.6967,0,557839.3006
LZTBI-0117,tbi_moderate,2,CL03,P02,D07,3,4,1,24,1,214,214.9,214.9,5,forebrain,2.82,0.0125,11.4,True,3000,30,0.0224,2026-07-15 15:00:00,952.6039,6.3782,0,5264063.3035
LZTBI-0117,tbi_moderate,2,CL03,P02,D07,3,5,2,48,1,214,214.9,214.9,5,forebrain,2.79,0.0187,1.5,True,3000,30,0.0182,2026-07-16 15:00:00,1931.3172,7.7595,2,25557300.2123
LZTBI-0117,tbi_moderate,2,CL03,P02,D07,3,6,3,72,1,214,214.9,214.9,5,forebrain,2.9,0.0109,2.8,True,3000,30,0.0355,2026-07-17 15:00:00,906.5229,7.8046,0,5573874.6491
LZTBI-0118,sham,2,CL03,P02,D08,3,4,1,24,0,0,0.0,0.0,6,forebrain,3.12,0.0289,1.6,True,3000,30,0.0246,2026-07-15 15:00:00,1083.5262,3.1669,0,3613486.7558
LZTBI-0118,sham,2,CL03,P02,D08,3,5,2,48,0,0,0.0,0.0,6,forebrain,3.07,0.0121,11.6,True,3000,30,0.0368,2026-07-16 15:00:00,245.399,2.9849,0,194647.6088
LZTBI-0118,sham,2,CL03,P02,D08,3,6,3,72,0,0,0.0,0.0,6,forebrain,3.19,0.0277,22.1,True,3000,30,0.0331,2026-07-17 15:00:00,1097.7014,3.3178,0,3426766.2604
LZTBI-0119,sham,2,CL03,P02,D09,3,4,1,24,0,0,0.0,0.0,7,forebrain,2.96,0.0174,7.5,True,3000,30,0.0288,2026-07-15 15:00:00,597.7142,4.1635,0,1308613.8337
LZTBI-0119,sham,2,CL03,P02,D09,3,5,2,48,0,0,0.0,0.0,7,forebrain,2.99,0.017,23.1,True,3000,30,0.0125,2026-07-16 15:00:00,585.4713,3.9884,0,1253241.0594
LZTBI-0119,sham,2,CL03,P02,D09,3,6,3,72,0,0,0.0,0.0,7,forebrain,3.03,0.0167,3.9,True,3000,30,0.0321,2026-07-17 15:00:00,545.3255,3.6777,0,1001677.7403
LZTBI-0120,sham,2,CL03,P02,D10,3,4,1,24,0,0,0.0,0.0,8,forebrain,3.26,0.0225,13.3,True,3000,30,0.0177,2026-07-15 15:00:00,696.1346,3.5556,0,1431748.6302
LZTBI-0120,sham,2,CL03,P02,D10,3,5,2,48,0,0,0.0,0.0,8,forebrain,3.27,0.0163,15.3,True,3000,30,0.0401,2026-07-16 15:00:00,471.6194,3.2721,0,731749.8398
LZTBI-0120,sham,2,CL03,P02,D10,3,6,3,72,0,0,0.0,0.0,8,forebrain,3.25,0.0223,1.3,True,3000,30,0.034,2026-07-17 15:00:00,916.4391,4.4373,0,3734642.5407
LZTBI-0121,tbi_moderate,2,CL04,P02,E01,3,4,1,24,1,214,214.9,214.9,9,forebrain,3.15,0.0195,11.9,True,3000,30,0.0305,2026-07-15 15:00:00,1580.2718,6.9424,2,19867425.8757
LZTBI-0121,tbi_moderate,2,CL04,P02,E01,3,5,2,48,1,214,214.9,214.9,9,forebrain,3.16,0.0124,3.2,True,3000,30,0.0128,2026-07-16 15:00:00,1172.0576,7.3402,2,8265960.4176
LZTBI-0121,tbi_moderate,2,CL04,P02,E01,3,6,3,72,1,214,214.9,214.9,9,forebrain,3.07,0.02,7.4,True,3000,30,0.011,2026-07-17 15:00:00,2675.0007,9.1242,4,63765825.3934
LZTBI-0122,tbi_moderate,2,CL04,P02,E02,3,4,1,24,1,214,214.9,214.9,10,forebrain,2.91,0.0186,6.7,True,3000,30,0.0305,2026-07-15 15:00:00,820.7512,5.0667,0,2368214.0517
LZTBI-0122,tbi_moderate,2,CL04,P02,E02,3,5,2,48,1,214,214.9,214.9,10,forebrain,2.82,0.013,7.3,True,3000,30,0.0177,2026-07-16 15:00:00,1199.584,6.5021,2,9740819.8038
LZTBI-0122,tbi_moderate,2,CL04,P02,E02,3,6,3,72,1,214,214.9,214.9,10,forebrain,3.06,0.0192,3.8,True,3000,30,0.0242,2026-07-17 15:00:00,1272.2657,7.6886,0,10031929.0818
LZTBI-0123,tbi_moderate,2,CL04,P02,E03,3,4,1,24,1,214,214.9,214.9,11,forebrain,3.45,0.0113,8.4,True,3000,30,0.0359,2026-07-15 15:00:00,268.4982,4.3498,0,280944.1432
LZTBI-0123,tbi_moderate,2,CL04,P02,E03,3,5,2,48,1,214,214.9,214.9,11,forebrain,3.38,0.0198,13.7,True,3000,30,0.0135,2026-07-16 15:00:00,781.3222,4.1394,0,2601372.4672
LZTBI-0123,tbi_moderate,2,CL04,P02,E03,3,6,3,72,1,214,214.9,214.9,11,forebrain,3.29,0.0102,2.0,True,3000,30,0.0241,2026-07-17 15:00:00,243.2815,3.9589,0,214640.4058
LZTBI-0124,tbi_low,2,CL04,P02,E04,3,4,1,24,1,112,114.0,114.0,12,forebrain,2.71,0.0145,6.5,True,3000,30,0.0203,2026-07-15 15:00:00,514.934,4.6325,0,1145370.5444
LZTBI-0124,tbi_low,2,CL04,P02,E04,3,5,2,48,1,112,114.0,114.0,12,forebrain,2.57,0.0218,15.2,True,3000,30,0.0126,2026-07-16 15:00:00,1225.4911,4.3331,0,5615816.7869
LZTBI-0124,tbi_low,2,CL04,P02,E04,3,6,3,72,1,112,114.0,114.0,12,forebrain,2.99,0.0152,4.2,True,3000,30,0.0321,2026-07-17 15:00:00,1148.1066,6.9252,2,9117152.0755
LZTBI-0125,tbi_high,2,CL04,P02,E05,3,4,1,24,1,318,313.9,313.9,13,forebrain,3.4,0.0233,1.4,True,3000,30,0.0281,2026-07-15 15:00:00,3128.5175,8.3913,4,73024414.6974
LZTBI-0125,tbi_high,2,CL04,P02,E05,3,5,2,48,1,318,313.9,313.9,13,forebrain,3.37,0.0136,13.8,True,3000,30,0.0373,2026-07-16 15:00:00,1827.7656,9.7479,4,29689514.6444
LZTBI-0125,tbi_high,2,CL04,P02,E05,3,6,3,72,1,318,313.9,313.9,13,forebrain,3.35,0.0215,10.7,True,3000,30,0.035,2026-07-17 15:00:00,2020.223,7.2365,0,26283151.7915
LZTBI-0126,tbi_high,2,CL04,P02,E06,3,4,1,24,1,318,313.9,313.9,14,forebrain,3.09,0.0127,18.6,True,3000,30,0.0393,2026-07-15 15:00:00,438.8184,4.6847,0,712953.5352
LZTBI-0126,tbi_high,2,CL04,P02,E06,3,5,2,48,1,318,313.9,313.9,14,forebrain,3.12,0.0185,9.5,True,3000,30,0.0286,2026-07-16 15:00:00,924.4772,5.201,0,3512650.7569
LZTBI-0126,tbi_high,2,CL04,P02,E06,3,6,3,72,1,318,313.9,313.9,14,forebrain,3.01,0.01,12.0,True,3000,30,0.0289,2026-07-17 15:00:00,837.6297,7.4555,2,4667100.3151
LZTBI-0127,tbi_low,2,CL04,P02,E07,3,4,1,24,1,112,114.0,114.0,15,forebrain,3.34,0.0117,13.1,True,3000,30,0.0115,2026-07-15 15:00:00,407.4825,3.947,0,540840.2041
LZTBI-0127,tbi_low,2,CL04,P02,E07,3,5,2,48,1,112,114.0,114.0,15,forebrain,3.29,0.0192,2.6,True,3000,30,0.0216,2026-07-16 15:00:00,668.3064,3.2278,0,1199558.6559
LZTBI-0127,tbi_low,2,CL04,P02,E07,3,6,3,72,1,112,114.0,114.0,15,forebrain,3.22,0.0126,9.0,True,3000,30,0.0309,2026-07-17 15:00:00,375.4562,5.1026,0,674547.349
LZTBI-0128,tbi_moderate,2,CL04,P02,E08,3,4,1,24,1,214,214.9,214.9,16,forebrain,3.17,0.0091,6.8,True,3000,30,0.0069,2026-07-15 15:00:00,448.3685,6.3965,0,971028.218
LZTBI-0128,tbi_moderate,2,CL04,P02,E08,3,5,2,48,1,214,214.9,214.9,16,forebrain,3.22,0.0206,27.9,True,3000,30,0.0275,2026-07-16 15:00:00,1336.2507,7.2156,0,11892933.424
LZTBI-0128,tbi_moderate,2,CL04,P02,E08,3,6,3,72,1,214,214.9,214.9,16,forebrain,3.27,0.0095,2.4,True,3000,30,0.02,2026-07-17 15:00:00,1125.5618,9.5443,2,11545324.6353
LZTBI-0129,tbi_low,2,CL04,P02,E09,3,4,1,24,1,112,114.0,114.0,1,forebrain,2.9,0.018,13.4,True,3000,30,0.01,2026-07-15 15:35:00,1009.4628,5.8471,2,5171468.1882
LZTBI-0129,tbi_low,2,CL04,P02,E09,3,5,2,48,1,112,114.0,114.0,1,forebrain,2.89,0.0156,10.2,True,3000,30,0.0166,2026-07-16 15:35:00,590.9682,5.3135,0,1955768.4278
LZTBI-0129,tbi_low,2,CL04,P02,E09,3,6,3,72,1,112,114.0,114.0,1,forebrain,2.99,0.0185,9.6,True,3000,30,0.0295,2026-07-17 15:35:00,667.6867,3.7481,0,1667173.6911
LZTBI-0130,sham,2,CL04,P02,E10,3,4,1,24,0,0,0.0,0.0,2,forebrain,3.19,0.0269,9.3,True,3000,30,0.0264,2026-07-15 15:35:00,1179.3981,4.6972,0,5966583.695
LZTBI-0130,sham,2,CL04,P02,E10,3,5,2,48,0,0,0.0,0.0,2,forebrain,3.28,0.0122,6.0,True,3000,30,0.0323,2026-07-16 15:35:00,299.8165,4.0946,0,340135.604
LZTBI-0130,sham,2,CL04,P02,E10,3,6,3,72,0,0,0.0,0.0,2,forebrain,3.33,0.0278,6.9,True,3000,30,0.0101,2026-07-17 15:35:00,1474.8006,4.8776,0,9884008.4657
LZTBI-0131,sham,2,CL04,P02,F01,3,4,1,24,0,0,0.0,0.0,3,forebrain,2.97,0.0197,3.9,True,3000,30,0.0365,2026-07-15 15:35:00,564.3991,2.9261,0,888517.2368
LZTBI-0131,sham,2,CL04,P02,F01,3,5,2,48,0,0,0.0,0.0,3,forebrain,2.93,0.0163,8.3,True,3000,30,0.0304,2026-07-16 15:35:00,604.9752,4.946,0,1553678.0825
LZTBI-0131,sham,2,CL04,P02,F01,3,6,3,72,0,0,0.0,0.0,3,forebrain,2.93,0.021,7.3,True,3000,30,0.0195,2026-07-17 15:35:00,1014.5343,4.4827,0,4556028.9442
LZTBI-0132,tbi_high,2,CL04,P02,F02,3,4,1,24,1,318,313.9,313.9,4,forebrain,2.96,0.0174,8.7,True,3000,30,0.0132,2026-07-15 15:35:00,982.3293,6.2964,0,5654527.1228
LZTBI-0132,tbi_high,2,CL04,P02,F02,3,5,2,48,1,318,313.9,313.9,4,forebrain,3.02,0.0166,7.8,True,3000,30,0.0239,2026-07-16 15:35:00,1615.3064,6.6505,2,14750132.6284
LZTBI-0132,tbi_high,2,CL04,P02,F02,3,6,3,72,1,318,313.9,313.9,4,forebrain,2.84,0.0162,4.3,True,3000,30,0.0301,2026-07-17 15:35:00,978.0707,7.5145,0,7539516.3134
LZTBI-0133,tbi_high,2,CL04,P02,F03,3,4,1,24,1,318,313.9,313.9,5,forebrain,3.03,0.011,3.3,True,3000,30,0.0303,2026-07-15 15:35:00,245.5521,4.1345,0,258745.5534
LZTBI-0133,tbi_high,2,CL04,P02,F03,3,5,2,48,1,318,313.9,313.9,5,forebrain,3.07,0.0192,23.0,True,3000,30,0.0217,2026-07-16 15:35:00,760.1174,5.0773,0,3398676.7897
LZTBI-0133,tbi_high,2,CL04,P02,F03,3,6,3,72,1,318,313.9,313.9,5,forebrain,3.1,0.0109,1.0,True,3000,30,0.0398,2026-07-17 15:35:00,383.2364,6.348,0,742621.4114
LZTBI-0134,tbi_high,2,CL04,P02,F04,3,4,1,24,1,318,313.9,313.9,6,forebrain,3.01,0.0159,2.9,True,3000,30,0.0335,2026-07-15 15:35:00,909.1637,6.1105,0,3539391.673
LZTBI-0134,tbi_high,2,CL04,P02,F04,3,5,2,48,1,318,313.9,313.9,6,forebrain,3.07,0.0206,24.8,True,3000,30,0.0396,2026-07-16 15:35:00,1449.5071,6.2345,0,11921438.4821
LZTBI-0134,tbi_high,2,CL04,P02,F04,3,6,3,72,1,318,313.9,313.9,6,forebrain,3.1,0.0149,8.3,True,3000,30,0.0171,2026-07-17 15:35:00,1992.6256,9.1692,4,34322421.1289
LZTBI-0135,tbi_low,2,CL04,P02,F05,3,4,1,24,1,112,114.0,114.0,7,forebrain,2.62,0.0181,10.6,True,3000,30,0.0345,2026-07-15 15:35:00,2202.9715,8.0271,6,36058895.934
LZTBI-0135,tbi_low,2,CL04,P02,F05,3,5,2,48,1,112,114.0,114.0,7,forebrain,2.57,0.0134,4.0,True,3000,30,0.0257,2026-07-16 15:35:00,570.213,5.2629,0,1405968.963
LZTBI-0135,tbi_low,2,CL04,P02,F05,3,6,3,72,1,112,114.0,114.0,7,forebrain,2.79,0.0187,5.4,True,3000,30,0.0373,2026-07-17 15:35:00,1312.3024,5.7494,2,10872642.6259
LZTBI-0136,sham,2,CL04,P02,F06,3,4,1,24,0,0,0.0,0.0,8,forebrain,2.94,0.011,26.5,True,3000,30,0.0173,2026-07-15 15:35:00,260.1162,3.7651,0,249434.1474
LZTBI-0136,sham,2,CL04,P02,F06,3,5,2,48,0,0,0.0,0.0,8,forebrain,3.01,0.0191,6.9,True,3000,30,0.0224,2026-07-16 15:35:00,606.9847,3.3268,0,1078882.3159
LZTBI-0136,sham,2,CL04,P02,F06,3,6,3,72,0,0,0.0,0.0,8,forebrain,2.79,0.0112,0.4,True,3000,30,0.0343,2026-07-17 15:35:00,373.9849,4.1698,0,434763.2639
LZTBI-0137,tbi_low,2,CL04,P02,F07,3,4,1,24,1,112,114.0,114.0,9,forebrain,2.59,0.0212,1.1,True,3000,30,0.0257,2026-07-15 15:35:00,779.1495,4.0293,0,2221523.1287
LZTBI-0137,tbi_low,2,CL04,P02,F07,3,5,2,48,1,112,114.0,114.0,9,forebrain,2.53,0.0156,7.9,True,3000,30,0.0088,2026-07-16 15:35:00,565.4476,3.2416,0,942965.4107
LZTBI-0137,tbi_low,2,CL04,P02,F07,3,6,3,72,1,112,114.0,114.0,9,forebrain,2.45,0.0199,14.2,True,3000,30,0.0298,2026-07-17 15:35:00,834.2184,4.8637,0,3318672.2572
LZTBI-0138,tbi_high,2,CL04,P02,F08,3,4,1,24,1,318,313.9,313.9,10,forebrain,2.99,0.0185,8.8,True,3000,30,0.0114,2026-07-15 15:35:00,734.3681,4.8794,0,2174254.0406
LZTBI-0138,tbi_high,2,CL04,P02,F08,3,5,2,48,1,318,313.9,313.9,10,forebrain,2.58,0.0111,7.6,True,3000,30,0.0199,2026-07-16 15:35:00,830.9446,6.9809,2,4702891.6492
LZTBI-0138,tbi_high,2,CL04,P02,F08,3,6,3,72,1,318,313.9,313.9,10,forebrain,2.58,0.0191,10.4,True,3000,30,0.0304,2026-07-17 15:35:00,1463.5412,7.3108,2,15188878.5512
LZTBI-0139,tbi_moderate,2,CL04,P02,F09,3,4,1,24,1,214,214.9,214.9,11,forebrain,2.62,0.0182,0.4,True,3000,30,0.0213,2026-07-15 15:35:00,1041.1502,4.7738,0,5251564.2816
LZTBI-0139,tbi_moderate,2,CL04,P02,F09,3,5,2,48,1,214,214.9,214.9,11,forebrain,2.66,0.0156,12.9,True,3000,30,0.014,2026-07-16 15:35:00,825.1326,5.7503,0,3944047.6779
LZTBI-0139,tbi_moderate,2,CL04,P02,F09,3,6,3,72,1,214,214.9,214.9,11,forebrain,2.64,0.0192,14.7,True,3000,30,0.0076,2026-07-17 15:35:00,1758.2479,7.1682,2,18477757.5559
LZTBI-0140,tbi_moderate,2,CL04,P02,F10,3,4,1,24,1,214,214.9,214.9,12,forebrain,3.04,0.0168,13.6,True,3000,30,0.0111,2026-07-15 15:35:00,699.0801,4.8088,0,2174680.1944
LZTBI-0140,tbi_moderate,2,CL04,P02,F10,3,5,2,48,1,214,214.9,214.9,12,forebrain,2.99,0.0172,5.1,True,3000,30,0.0336,2026-07-16 15:35:00,810.184,5.1761,0,3695860.4169
LZTBI-0140,tbi_moderate,2,CL04,P02,F10,3,6,3,72,1,214,214.9,214.9,12,forebrain,3.07,0.018,1.8,True,3000,30,0.0345,2026-07-17 15:35:00,949.7358,5.9993,0,5376462.0757
LZTBI-0141,tbi_low,2,CL04,P02,G01,3,4,1,24,1,112,114.0,114.0,13,forebrain,2.74,0.0146,9.7,True,3000,30,0.0194,2026-07-15 15:35:00,515.1116,6.2225,0,1517232.7018
LZTBI-0141,tbi_low,2,CL04,P02,G01,3,5,2,48,1,112,114.0,114.0,13,forebrain,2.82,0.0221,11.3,True,3000,30,0.0254,2026-07-16 15:35:00,1208.2104,5.358,0,7682968.5152
LZTBI-0141,tbi_low,2,CL04,P02,G01,3,6,3,72,1,112,114.0,114.0,13,forebrain,2.91,0.0149,2.1,True,3000,30,0.0314,2026-07-17 15:35:00,952.637,6.7904,0,5910458.093
LZTBI-0142,tbi_low,2,CL04,P02,G02,3,4,1,24,1,112,114.0,114.0,14,forebrain,3.04,0.0166,9.4,True,3000,30,0.0322,2026-07-15 15:35:00,499.7125,3.0311,0,667081.3528
LZTBI-0142,tbi_low,2,CL04,P02,G02,3,5,2,48,1,112,114.0,114.0,14,forebrain,2.99,0.0186,2.9,True,3000,30,0.0233,2026-07-16 15:35:00,504.4975,4.6611,0,1211083.7039
LZTBI-0142,tbi_low,2,CL04,P02,G02,3,6,3,72,1,112,114.0,114.0,14,forebrain,2.94,0.0162,18.2,True,3000,30,0.0411,2026-07-17 15:35:00,439.8338,4.0518,0,786168.12
LZTBI-0143,tbi_high,2,CL04,P02,G03,3,4,1,24,1,318,313.9,313.9,15,forebrain,2.64,0.0199,8.4,True,3000,30,0.0307,2026-07-15 15:35:00,1256.5567,6.4526,0,10703921.4549
LZTBI-0143,tbi_high,2,CL04,P02,G03,3,5,2,48,1,318,313.9,313.9,15,forebrain,2.71,0.0099,2.7,True,3000,30,0.0085,2026-07-16 15:35:00,425.3493,6.7751,0,1240679.6769
LZTBI-0143,tbi_high,2,CL04,P02,G03,3,6,3,72,1,318,313.9,313.9,15,forebrain,2.58,0.019,18.4,True,3000,30,0.0187,2026-07-17 15:35:00,1171.558,6.5021,0,7191770.6163
LZTBI-0144,sham,2,CL04,P02,G04,3,4,1,24,0,0,0.0,0.0,16,forebrain,3.37,0.0143,16.6,True,3000,30,0.0392,2026-07-15 15:35:00,273.8026,3.1821,0,262322.2
LZTBI-0144,sham,2,CL04,P02,G04,3,5,2,48,0,0,0.0,0.0,16,forebrain,3.34,0.0218,5.0,True,3000,30,0.0312,2026-07-16 15:35:00,785.3634,4.1892,0,2480905.5708
LZTBI-0144,sham,2,CL04,P02,G04,3,6,3,72,0,0,0.0,0.0,16,forebrain,3.34,0.0135,5.5,True,3000,30,0.0253,2026-07-17 15:35:00,341.2665,3.491,0,386635.2455
LZTBI-0145,sham,2,CL04,P02,G05,3,4,1,24,0,0,0.0,0.0,1,forebrain,3.11,0.0137,18.9,True,3000,30,0.0288,2026-07-15 16:00:00,340.718,4.257,0,392023.5018
LZTBI-0145,sham,2,CL04,P02,G05,3,5,2,48,0,0,0.0,0.0,1,forebrain,3.09,0.0244,9.2,True,3000,30,0.0117,2026-07-16 16:00:00,896.4374,3.4848,0,2268387.8955
LZTBI-0145,sham,2,CL04,P02,G05,3,6,3,72,0,0,0.0,0.0,1,forebrain,3.05,0.0136,7.0,True,3000,30,0.0227,2026-07-17 16:00:00,344.9629,3.5752,0,335173.5359
LZTBI-0146,tbi_high,2,CL04,P02,G06,3,4,1,24,1,318,313.9,313.9,2,forebrain,3.01,0.0171,18.1,True,3000,30,0.0255,2026-07-15 16:00:00,2262.0762,8.5889,4,35267439.0273
LZTBI-0146,tbi_high,2,CL04,P02,G06,3,5,2,48,1,318,313.9,313.9,2,forebrain,2.97,0.0173,9.4,True,3000,30,0.0171,2026-07-16 16:00:00,2829.9098,8.9174,6,65718461.5401
LZTBI-0146,tbi_high,2,CL04,P02,G06,3,6,3,72,1,318,313.9,313.9,2,forebrain,2.92,0.0168,0.5,True,3000,30,0.0358,2026-07-17 16:00:00,1778.0563,7.5325,2,20171114.9529
LZTBI-0147,tbi_low,2,CL04,P02,G07,3,4,1,24,1,112,114.0,114.0,3,forebrain,2.63,0.0222,5.2,True,3000,30,0.0301,2026-07-15 16:00:00,1025.5987,3.9553,0,3305110.2114
LZTBI-0147,tbi_low,2,CL04,P02,G07,3,5,2,48,1,112,114.0,114.0,3,forebrain,2.71,0.0149,13.5,True,3000,30,0.0085,2026-07-16 16:00:00,382.6069,4.3402,0,597721.9551
LZTBI-0148,tbi_high,2,CL04,P02,G08,3,4,1,24,1,318,313.9,313.9,4,forebrain,2.87,0.0105,29.7,True,3000,30,0.0361,2026-07-15 16:00:00,622.751,7.4264,0,3039677.6281
LZTBI-0148,tbi_high,2,CL04,P02,G08,3,5,2,48,1,318,313.9,313.9,4,forebrain,2.88,0.0203,5.1,True,3000,30,0.0289,2026-07-16 16:00:00,2061.5511,8.7051,2,36670140.622
LZTBI-0148,tbi_high,2,CL04,P02,G08,3,6,3,72,1,318,313.9,313.9,4,forebrain,2.91,0.0116,4.5,True,3000,30,0.0223,2026-07-17 16:00:00,2111.5756,9.4934,4,34357741.3339
LZTBI-0149,tbi_moderate,2,CL04,P02,G09,3,4,1,24,1,214,214.9,214.9,5,forebrain,2.55,0.0203,3.9,True,3000,30,0.0266,2026-07-15 16:00:00,941.8044,4.6338,0,3753166.539
LZTBI-0149,tbi_moderate,2,CL04,P02,G09,3,5,2,48,1,214,214.9,214.9,5,forebrain,2.74,0.0104,10.2,True,3000,30,0.0332,2026-07-16 16:00:00,387.0473,5.6359,0,824766.2405
LZTBI-0149,tbi_moderate,2,CL04,P02,G09,3,6,3,72,1,214,214.9,214.9,5,forebrain,2.89,0.02,13.7,True,3000,30,0.0128,2026-07-17 16:00:00,1127.3108,6.3681,0,9526903.5368
LZTBI-0150,tbi_high,2,CL04,P02,G10,3,4,1,24,1,318,313.9,313.9,6,forebrain,3.0,0.0085,0.9,True,3000,30,0.0096,2026-07-15 16:00:00,1587.198,8.0396,4,15415773.9622
LZTBI-0150,tbi_high,2,CL04,P02,G10,3,5,2,48,1,318,313.9,313.9,6,forebrain,3.1,0.0214,22.5,True,3000,30,0.0189,2026-07-16 16:00:00,2197.2358,8.1315,2,31261384.875
LZTBI-0150,tbi_high,2,CL04,P02,G10,3,6,3,72,1,318,313.9,313.9,6,forebrain,2.76,0.0085,17.4,True,3000,30,0.022,2026-07-17 16:00:00,1176.8451,7.8678,2,9047581.9618
LZTBI-0151,tbi_high,2,CL04,P02,H01,3,4,1,24,1,318,313.9,313.9,7,forebrain,3.11,0.019,13.6,True,3000,30,0.0127,2026-07-15 16:00:00,1591.1774,7.0943,0,16536364.6746
LZTBI-0151,tbi_high,2,CL04,P02,H01,3,5,2,48,1,318,313.9,313.9,7,forebrain,3.1,0.0157,1.2,True,3000,30,0.0325,2026-07-16 16:00:00,1642.3355,8.2239,2,18474985.4687
LZTBI-0151,tbi_high,2,CL04,P02,H01,3,6,3,72,1,318,313.9,313.9,7,forebrain,3.08,0.0206,11.3,True,3000,30,0.0261,2026-07-17 16:00:00,2835.4068,8.6299,4,56447189.0284
LZTBI-0152,tbi_moderate,2,CL04,P02,H02,3,4,1,24,1,214,214.9,214.9,8,forebrain,3.0,0.0165,12.9,True,3000,30,0.0317,2026-07-15 16:00:00,518.4231,4.5632,0,1006399.4
LZTBI-0152,tbi_moderate,2,CL04,P02,H02,3,5,2,48,1,214,214.9,214.9,8,forebrain,2.91,0.0191,19.8,True,3000,30,0.0108,2026-07-16 16:00:00,1010.9439,4.8369,0,4101075.5768
LZTBI-0152,tbi_moderate,2,CL04,P02,H02,3,6,3,72,1,214,214.9,214.9,8,forebrain,2.84,0.0156,7.3,True,3000,30,0.0181,2026-07-17 16:00:00,747.7655,5.8302,0,2880396.0852
LZTBI-0153,tbi_moderate,2,CL04,P02,H03,3,4,1,24,1,214,214.9,214.9,9,forebrain,3.1,0.0174,23.6,True,3000,30,0.0336,2026-07-15 16:00:00,662.2416,4.2439,0,1893430.9999
LZTBI-0153,tbi_moderate,2,CL04,P02,H03,3,5,2,48,1,214,214.9,214.9,9,forebrain,3.09,0.0154,3.0,True,3000,30,0.0258,2026-07-16 16:00:00,1099.221,6.0636,2,6420478.6953
LZTBI-0153,tbi_moderate,2,CL04,P02,H03,3,6,3,72,1,214,214.9,214.9,9,forebrain,3.05,0.0166,7.7,True,3000,30,0.0193,2026-07-17 16:00:00,744.9102,5.272,0,2611957.2958
LZTBI-0154,tbi_moderate,2,CL04,P02,H04,3,4,1,24,1,214,214.9,214.9,10,forebrain,2.9,0.0176,9.7,True,3000,30,0.0234,2026-07-15 16:00:00,716.4622,5.2424,0,2554269.206
LZTBI-0154,tbi_moderate,2,CL04,P02,H04,3,5,2,48,1,214,214.9,214.9,10,forebrain,2.88,0.0167,9.7,True,3000,30,0.0458,2026-07-16 16:00:00,657.7123,5.1277,0,2066498.6762
LZTBI-0154,tbi_moderate,2,CL04,P02,H04,3,6,3,72,1,214,214.9,214.9,10,forebrain,3.01,0.0184,14.3,True,3000,30,0.0349,2026-07-17 16:00:00,980.1291,6.2023,0,4117201.014
LZTBI-0155,sham,2,CL04,P02,H05,3,4,1,24,0,0,0.0,0.0,11,forebrain,3.37,0.0161,9.6,True,3000,30,0.0266,2026-07-15 16:00:00,461.7339,3.8094,0,741652.5329
LZTBI-0155,sham,2,CL04,P02,H05,3,5,2,48,0,0,0.0,0.0,11,forebrain,3.38,0.0218,10.8,True,3000,30,0.0192,2026-07-16 16:00:00,953.8128,4.7455,0,3227570.2841
LZTBI-0155,sham,2,CL04,P02,H05,3,6,3,72,0,0,0.0,0.0,11,forebrain,3.35,0.0085,17.9,True,3000,30,0.0111,2026-07-17 16:00:00,252.2394,5.2529,0,318572.5817
LZTBI-0156,tbi_high,2,CL04,P02,H06,3,4,1,24,1,318,313.9,313.9,12,forebrain,2.89,0.0204,6.7,True,3000,30,0.0091,2026-07-15 16:00:00,1722.9382,6.5286,2,18239134.1601
LZTBI-0156,tbi_high,2,CL04,P02,H06,3,5,2,48,1,318,313.9,313.9,12,forebrain,2.89,0.0093,11.1,True,3000,30,0.0355,2026-07-16 16:00:00,1441.9347,8.637,4,18343162.8777
LZTBI-0156,tbi_high,2,CL04,P02,H06,3,6,3,72,1,318,313.9,313.9,12,forebrain,2.9,0.0207,11.4,True,3000,30,0.0382,2026-07-17 16:00:00,2626.9618,8.513,4,55728764.5755
LZTBI-0157,sham,2,CL04,P02,H07,3,4,1,24,0,0,0.0,0.0,13,forebrain,3.08,0.0224,6.2,True,3000,30,0.017,2026-07-15 16:00:00,733.6755,2.7757,0,1405565.88
LZTBI-0157,sham,2,CL04,P02,H07,3,5,2,48,0,0,0.0,0.0,13,forebrain,3.11,0.0151,2.1,True,3000,30,0.0388,2026-07-16 16:00:00,422.447,2.9483,0,474927.534
LZTBI-0157,sham,2,CL04,P02,H07,3,6,3,72,0,0,0.0,0.0,13,forebrain,3.29,0.0235,2.2,True,3000,30,0.0336,2026-07-17 16:00:00,950.5538,3.7616,0,3334944.9268
LZTBI-0158,tbi_low,2,CL04,P02,H08,3,4,1,24,1,112,114.0,114.0,14,forebrain,2.84,0.0144,17.9,True,3000,30,0.0369,2026-07-15 16:00:00,269.5941,3.0204,0,213717.7087
LZTBI-0158,tbi_low,2,CL04,P02,H08,3,5,2,48,1,112,114.0,114.0,14,forebrain,2.81,0.0184,7.4,True,3000,30,0.0188,2026-07-16 16:00:00,459.6587,2.9895,0,543903.7385
LZTBI-0158,tbi_low,2,CL04,P02,H08,3,6,3,72,1,112,114.0,114.0,14,forebrain,2.96,0.0158,8.6,True,3000,30,0.0131,2026-07-17 16:00:00,321.5984,3.4621,0,301099.314
LZTBI-0159,tbi_moderate,2,CL04,P02,H09,3,4,1,24,1,214,214.9,214.9,15,forebrain,2.63,0.0142,12.0,True,3000,30,0.0179,2026-07-15 16:00:00,1155.8449,7.1981,2,9265714.6434
LZTBI-0159,tbi_moderate,2,CL04,P02,H09,3,5,2,48,1,214,214.9,214.9,15,forebrain,2.58,0.0233,9.2,True,3000,30,0.032,2026-07-16 16:00:00,1638.6854,6.4702,0,13707527.5665
LZTBI-0159,tbi_moderate,2,CL04,P02,H09,3,6,3,72,1,214,214.9,214.9,15,forebrain,2.56,0.0139,4.8,True,3000,30,0.0249,2026-07-17 16:00:00,913.3959,7.1539,0,5752715.5329
LZTBI-0160,tbi_low,2,CL04,P02,H10,3,4,1,24,1,112,114.0,114.0,16,forebrain,3.06,0.0128,21.0,True,3000,30,0.0182,2026-07-15 16:00:00,654.436,5.2172,0,1652925.1318
LZTBI-0160,tbi_low,2,CL04,P02,H10,3,5,2,48,1,112,114.0,114.0,16,forebrain,3.02,0.0254,4.9,True,3000,30,0.0109,2026-07-16 16:00:00,1757.2578,6.9826,0,23070428.1539
LZTBI-0160,tbi_low,2,CL04,P02,H10,3,6,3,72,1,112,114.0,114.0,16,forebrain,2.96,0.0133,2.4,True,3000,30,0.0315,2026-07-17 16:00:00,1352.0521,7.6567,2,14188861.4102
LZTBI-0161,tbi_low,3,CL05,P03,A01,3,4,1,24,1,112,114.7,114.7,1,forebrain,2.88,0.0099,11.1,True,3000,30,0.0112,2026-07-16 14:00:00,267.9961,4.7001,0,325140.7426
LZTBI-0161,tbi_low,3,CL05,P03,A01,3,5,2,48,1,112,114.7,114.7,1,forebrain,2.91,0.0202,5.2,True,3000,30,0.0211,2026-07-17 14:00:00,1123.6275,5.9724,0,5127458.888
LZTBI-0161,tbi_low,3,CL05,P03,A01,3,6,3,72,1,112,114.7,114.7,1,forebrain,2.83,0.0104,0.6,True,3000,30,0.0255,2026-07-18 14:00:00,333.1518,4.9436,0,507089.328
LZTBI-0162,tbi_low,3,CL05,P03,A02,3,4,1,24,1,112,114.7,114.7,2,forebrain,2.98,0.0152,8.8,True,3000,30,0.0332,2026-07-16 14:00:00,458.031,4.2545,0,777948.2374
LZTBI-0162,tbi_low,3,CL05,P03,A02,3,5,2,48,1,112,114.7,114.7,2,forebrain,2.99,0.0179,3.5,True,3000,30,0.0259,2026-07-17 14:00:00,736.0573,4.0029,0,1857658.014
LZTBI-0162,tbi_low,3,CL05,P03,A02,3,6,3,72,1,112,114.7,114.7,2,forebrain,2.62,0.0165,0.6,True,3000,30,0.0212,2026-07-18 14:00:00,989.9729,4.8982,2,4558179.1844
LZTBI-0163,tbi_high,3,CL05,P03,A03,3,4,1,24,1,318,309.6,309.6,3,forebrain,3.0,0.0195,4.7,True,3000,30,0.0251,2026-07-16 14:00:00,1090.5239,6.1713,0,7384743.4394
LZTBI-0163,tbi_high,3,CL05,P03,A03,3,5,2,48,1,318,309.6,309.6,3,forebrain,2.97,0.0109,18.9,True,3000,30,0.0353,2026-07-17 14:00:00,463.7586,5.9788,0,1527211.4198
LZTBI-0163,tbi_high,3,CL05,P03,A03,3,6,3,72,1,318,309.6,309.6,3,forebrain,2.98,0.0202,14.4,True,3000,30,0.0167,2026-07-18 14:00:00,1368.6912,6.2527,0,12799900.1048
LZTBI-0164,sham,3,CL05,P03,A04,3,4,1,24,0,0,0.0,0.0,4,forebrain,2.76,0.0115,8.8,True,3000,30,0.0375,2026-07-16 14:00:00,256.6047,4.262,0,299973.4321
LZTBI-0164,sham,3,CL05,P03,A04,3,5,2,48,0,0,0.0,0.0,4,forebrain,2.81,0.0186,20.1,True,3000,30,0.0292,2026-07-17 14:00:00,652.2002,4.7327,0,1805407.6645
LZTBI-0164,sham,3,CL05,P03,A04,3,6,3,72,0,0,0.0,0.0,4,forebrain,2.89,0.0114,2.3,True,3000,30,0.0199,2026-07-18 14:00:00,312.6214,3.6552,0,325751.05
LZTBI-0165,tbi_high,3,CL05,P03,A05,3,4,1,24,1,318,309.6,309.6,5,forebrain,3.12,0.0171,2.3,True,3000,30,0.0252,2026-07-16 14:00:00,1793.2941,7.0302,2,17472358.0682
LZTBI-0165,tbi_high,3,CL05,P03,A05,3,5,2,48,1,318,309.6,309.6,5,forebrain,3.04,0.016,16.5,True,3000,30,0.0345,2026-07-17 14:00:00,1789.8056,9.1119,2,22019610.2313
LZTBI-0165,tbi_high,3,CL05,P03,A05,3,6,3,72,1,318,309.6,309.6,5,forebrain,3.28,0.0167,13.0,True,3000,30,0.0342,2026-07-18 14:00:00,2075.7295,9.0638,2,37412361.0281
LZTBI-0166,sham,3,CL05,P03,A06,3,4,1,24,0,0,0.0,0.0,6,forebrain,3.16,0.0193,15.5,True,3000,30,0.0254,2026-07-16 14:00:00,604.4807,3.4822,0,1308664.0051
LZTBI-0166,sham,3,CL05,P03,A06,3,5,2,48,0,0,0.0,0.0,6,forebrain,3.14,0.0165,6.3,True,3000,30,0.0195,2026-07-17 14:00:00,530.3552,4.6107,0,1321637.9704
LZTBI-0166,sham,3,CL05,P03,A06,3,6,3,72,0,0,0.0,0.0,6,forebrain,3.15,0.0206,5.6,True,3000,30,0.0175,2026-07-18 14:00:00,613.6865,3.3161,0,1307290.0472
LZTBI-0167,sham,3,CL05,P03,A07,3,4,1,24,0,0,0.0,0.0,7,forebrain,2.88,0.0227,0.6,True,3000,30,0.027,2026-07-16 14:00:00,720.316,3.1543,0,1778108.0639
LZTBI-0167,sham,3,CL05,P03,A07,3,5,2,48,0,0,0.0,0.0,7,forebrain,2.93,0.0155,10.7,True,3000,30,0.0342,2026-07-17 14:00:00,474.7078,2.8192,0,559876.0302
LZTBI-0167,sham,3,CL05,P03,A07,3,6,3,72,0,0,0.0,0.0,7,forebrain,2.97,0.0227,17.9,True,3000,30,0.0129,2026-07-18 14:00:00,691.172,2.8532,0,1224267.0889
LZTBI-0168,tbi_low,3,CL05,P03,A08,3,4,1,24,1,112,114.7,114.7,8,forebrain,3.03,0.0217,7.5,True,3000,30,0.0179,2026-07-16 14:00:00,852.6208,2.9444,0,2017324.1444
LZTBI-0168,tbi_low,3,CL05,P03,A08,3,5,2,48,1,112,114.7,114.7,8,forebrain,2.99,0.0152,21.4,True,3000,30,0.0347,2026-07-17 14:00:00,454.9934,4.3029,0,787087.3477
LZTBI-0168,tbi_low,3,CL05,P03,A08,3,6,3,72,1,112,114.7,114.7,8,forebrain,2.95,0.0202,8.0,True,3000,30,0.0241,2026-07-18 14:00:00,703.9325,3.6755,0,1780821.6855
LZTBI-0169,tbi_high,3,CL05,P03,A09,3,4,1,24,1,318,309.6,309.6,9,forebrain,3.1,0.0114,24.9,True,3000,30,0.0245,2026-07-16 14:00:00,480.1712,7.1768,0,1436584.2704
LZTBI-0169,tbi_high,3,CL05,P03,A09,3,5,2,48,1,318,309.6,309.6,9,forebrain,3.07,0.0186,2.6,True,3000,30,0.031,2026-07-17 14:00:00,1380.9303,7.1314,0,12642928.0533
LZTBI-0169,tbi_high,3,CL05,P03,A09,3,6,3,72,1,318,309.6,309.6,9,forebrain,3.13,0.0116,3.6,True,3000,30,0.0382,2026-07-18 14:00:00,1872.2517,9.5294,4,34374922.5748
LZTBI-0170,tbi_moderate,3,CL05,P03,A10,3,4,1,24,1,214,212.9,212.9,10,forebrain,3.24,0.0204,17.2,True,3000,30,0.0285,2026-07-16 14:00:00,1132.0065,5.8972,0,6466421.3263
LZTBI-0170,tbi_moderate,3,CL05,P03,A10,3,5,2,48,1,214,212.9,212.9,10,forebrain,3.31,0.0167,18.0,True,3000,30,0.0357,2026-07-17 14:00:00,675.9559,5.7215,0,2417723.9996
LZTBI-0170,tbi_moderate,3,CL05,P03,A10,3,6,3,72,1,214,212.9,212.9,10,forebrain,3.34,0.0214,10.5,True,3000,30,0.0149,2026-07-18 14:00:00,1173.0536,5.7159,0,5852816.2307
LZTBI-0171,tbi_high,3,CL05,P03,B01,3,4,1,24,1,318,309.6,309.6,11,forebrain,2.96,0.0158,0.7,True,3000,30,0.0374,2026-07-16 14:00:00,1563.4802,8.1311,2,20109934.7187
LZTBI-0171,tbi_high,3,CL05,P03,B01,3,5,2,48,1,318,309.6,309.6,11,forebrain,2.92,0.0212,4.7,True,3000,30,0.0296,2026-07-17 14:00:00,2616.717,9.1753,2,59346823.0799
LZTBI-0171,tbi_high,3,CL05,P03,B01,3,6,3,72,1,318,309.6,309.6,11,forebrain,3.01,0.0152,0.7,True,3000,30,0.0242,2026-07-18 14:00:00,2583.9291,10.129,6,73561443.6109
LZTBI-0172,tbi_high,3,CL05,P03,B02,3,4,1,24,1,318,309.6,309.6,12,forebrain,3.01,0.0221,7.0,True,3000,30,0.0133,2026-07-16 14:00:00,2381.58,7.5006,2,41544662.8596
LZTBI-0172,tbi_high,3,CL05,P03,B02,3,5,2,48,1,318,309.6,309.6,12,forebrain,3.28,0.0151,12.4,True,3000,30,0.0204,2026-07-17 14:00:00,2565.4062,9.8607,6,55036596.3595
LZTBI-0172,tbi_high,3,CL05,P03,B02,3,6,3,72,1,318,309.6,309.6,12,forebrain,2.96,0.0226,21.6,True,3000,30,0.0271,2026-07-18 14:00:00,3511.3051,10.0562,6,93757633.2236
LZTBI-0173,tbi_low,3,CL05,P03,B03,3,4,1,24,1,112,114.7,114.7,13,forebrain,2.91,0.0115,16.9,True,3000,30,0.0112,2026-07-16 14:00:00,376.3454,4.126,0,500871.8158
LZTBI-0173,tbi_low,3,CL05,P03,B03,3,5,2,48,1,112,114.7,114.7,13,forebrain,2.88,0.018,2.9,True,3000,30,0.0317,2026-07-17 14:00:00,595.5642,3.8258,0,1115485.0701
LZTBI-0173,tbi_low,3,CL05,P03,B03,3,6,3,72,1,112,114.7,114.7,13,forebrain,2.87,0.0116,7.6,True,3000,30,0.0237,2026-07-18 14:00:00,326.9121,4.2776,0,401340.6033
LZTBI-0174,tbi_moderate,3,CL05,P03,B04,3,4,1,24,1,214,212.9,212.9,14,forebrain,2.8,0.0162,4.1,True,3000,30,0.0107,2026-07-16 14:00:00,911.101,5.9802,0,4509385.2876
LZTBI-0174,tbi_moderate,3,CL05,P03,B04,3,5,2,48,1,214,212.9,212.9,14,forebrain,2.8,0.022,7.3,True,3000,30,0.02,2026-07-17 14:00:00,1587.9195,7.0358,0,16101622.7749
LZTBI-0174,tbi_moderate,3,CL05,P03,B04,3,6,3,72,1,214,212.9,212.9,14,forebrain,2.82,0.0157,16.5,True,3000,30,0.0285,2026-07-18 14:00:00,1356.8474,8.3235,2,13782519.3706
LZTBI-0175,sham,3,CL05,P03,B05,3,4,1,24,0,0,0.0,0.0,15,forebrain,2.47,0.0187,10.3,True,3000,30,0.0217,2026-07-16 14:00:00,612.5626,3.8382,0,1347218.9775
LZTBI-0175,sham,3,CL05,P03,B05,3,5,2,48,0,0,0.0,0.0,15,forebrain,2.96,0.0168,17.6,True,3000,30,0.0119,2026-07-17 14:00:00,692.627,4.8037,0,2052306.3307
LZTBI-0175,sham,3,CL05,P03,B05,3,6,3,72,0,0,0.0,0.0,15,forebrain,2.73,0.0199,26.1,True,3000,30,0.0109,2026-07-18 14:00:00,942.7227,4.8931,0,3546880.0697
LZTBI-0176,tbi_moderate,3,CL05,P03,B06,3,4,1,24,1,214,212.9,212.9,16,forebrain,3.23,0.0194,9.0,True,3000,30,0.0202,2026-07-16 14:00:00,1061.9231,5.3269,0,6738815.1193
LZTBI-0176,tbi_moderate,3,CL05,P03,B06,3,5,2,48,1,214,212.9,212.9,16,forebrain,3.23,0.0161,3.4,True,3000,30,0.0448,2026-07-17 14:00:00,779.3011,6.2335,0,4240585.405
LZTBI-0176,tbi_moderate,3,CL05,P03,B06,3,6,3,72,1,214,212.9,212.9,16,forebrain,3.15,0.0183,8.1,True,3000,30,0.0313,2026-07-18 14:00:00,1392.4281,6.8728,2,13962134.2409
LZTBI-0177,tbi_high,3,CL05,P03,B07,3,4,1,24,1,318,309.6,309.6,1,forebrain,2.96,0.0233,12.5,True,3000,30,0.0124,2026-07-16 14:35:00,1718.0033,5.8621,2,14575300.3131
LZTBI-0177,tbi_high,3,CL05,P03,B07,3,5,2,48,1,318,309.6,309.6,1,forebrain,2.92,0.014,10.6,True,3000,30,0.0302,2026-07-17 14:35:00,1246.1132,6.5822,2,10541385.8837
LZTBI-0177,tbi_high,3,CL05,P03,B07,3,6,3,72,1,318,309.6,309.6,1,forebrain,2.88,0.0237,4.8,True,3000,30,0.019,2026-07-18 14:35:00,2891.0573,8.353,4,64092985.234
LZTBI-0178,tbi_low,3,CL05,P03,B08,3,4,1,24,1,112,114.7,114.7,2,forebrain,2.96,0.0195,12.7,True,3000,30,0.0115,2026-07-16 14:35:00,2157.1127,8.0136,4,29426744.4138
LZTBI-0178,tbi_low,3,CL05,P03,B08,3,5,2,48,1,112,114.7,114.7,2,forebrain,2.87,0.0155,10.6,True,3000,30,0.0235,2026-07-17 14:35:00,1660.9107,7.1993,4,16527281.1463
LZTBI-0178,tbi_low,3,CL05,P03,B08,3,6,3,72,1,112,114.7,114.7,2,forebrain,2.8,0.021,0.4,True,3000,30,0.0339,2026-07-18 14:35:00,1898.4828,5.8917,2,21417492.5327
LZTBI-0179,tbi_high,3,CL05,P03,B09,3,4,1,24,1,318,309.6,309.6,3,forebrain,2.83,0.0238,13.8,True,3000,30,0.0378,2026-07-16 14:35:00,2934.8989,8.0267,4,67459994.6214
LZTBI-0179,tbi_high,3,CL05,P03,B09,3,5,2,48,1,318,309.6,309.6,3,forebrain,2.82,0.0143,7.7,True,3000,30,0.0316,2026-07-17 14:35:00,1450.1442,7.7943,2,14203053.6413
LZTBI-0179,tbi_high,3,CL05,P03,B09,3,6,3,72,1,318,309.6,309.6,3,forebrain,2.89,0.0237,7.5,True,3000,30,0.021,2026-07-18 14:35:00,2445.9143,7.6908,2,47669393.693
LZTBI-0180,tbi_moderate,3,CL05,P03,B10,3,4,1,24,1,214,212.9,212.9,4,forebrain,2.9,0.0216,8.5,True,3000,30,0.0288,2026-07-16 14:35:00,1459.3495,6.6901,0,13131905.0724
LZTBI-0180,tbi_moderate,3,CL05,P03,B10,3,5,2,48,1,214,212.9,212.9,4,forebrain,2.95,0.0085,10.9,True,3000,30,0.0199,2026-07-17 14:35:00,465.3561,6.0238,0,1184044.4892
LZTBI-0180,tbi_moderate,3,CL05,P03,B10,3,6,3,72,1,214,212.9,212.9,4,forebrain,2.85,0.0218,15.3,True,3000,30,0.0165,2026-07-18 14:35:00,1457.4185,7.041,0,13788825.4579
LZTBI-0181,sham,3,CL05,P03,C01,3,4,1,24,0,0,0.0,0.0,5,forebrain,2.67,0.0119,1.1,True,3000,30,0.0191,2026-07-16 14:35:00,360.7309,5.1508,0,573224.6746
LZTBI-0181,sham,3,CL05,P03,C01,3,5,2,48,0,0,0.0,0.0,5,forebrain,2.69,0.0295,20.8,True,3000,30,0.0283,2026-07-17 14:35:00,2006.6064,5.0948,0,18493485.8145
LZTBI-0181,sham,3,CL05,P03,C01,3,6,3,72,0,0,0.0,0.0,5,forebrain,2.75,0.0118,6.2,True,3000,30,0.0369,2026-07-18 14:35:00,348.5964,5.3699,0,523244.1404
LZTBI-0182,tbi_high,3,CL05,P03,C02,3,4,1,24,1,318,309.6,309.6,6,forebrain,3.02,0.0146,16.1,True,3000,30,0.0393,2026-07-16 14:35:00,709.7195,5.5265,0,1892916.4208
LZTBI-0182,tbi_high,3,CL05,P03,C02,3,5,2,48,1,318,309.6,309.6,6,forebrain,2.99,0.0185,13.7,True,3000,30,0.0153,2026-07-17 14:35:00,1525.5748,7.5252,2,12957486.5543
LZTBI-0182,tbi_high,3,CL05,P03,C02,3,6,3,72,1,318,309.6,309.6,6,forebrain,2.95,0.0132,1.9,True,3000,30,0.035,2026-07-18 14:35:00,1727.7658,8.501,4,25431782.6118
LZTBI-0183,tbi_moderate,3,CL05,P03,C03,3,4,1,24,1,214,212.9,212.9,7,forebrain,2.87,0.0228,3.6,True,3000,30,0.0361,2026-07-16 14:35:00,1038.0235,4.9999,0,4631088.5277
LZTBI-0183,tbi_moderate,3,CL05,P03,C03,3,5,2,48,1,214,212.9,212.9,7,forebrain,2.91,0.0152,21.9,True,3000,30,0.0439,2026-07-17 14:35:00,580.5448,5.0948,0,1658783.6401
LZTBI-0183,tbi_moderate,3,CL05,P03,C03,3,6,3,72,1,214,212.9,212.9,7,forebrain,2.82,0.0223,16.5,True,3000,30,0.0347,2026-07-18 14:35:00,1129.0581,4.8668,0,6162163.9069
LZTBI-0184,tbi_low,3,CL05,P03,C04,3,4,1,24,1,112,114.7,114.7,8,forebrain,2.86,0.0165,25.0,True,3000,30,0.0132,2026-07-16 14:35:00,828.9434,6.192,0,3960491.3627
LZTBI-0184,tbi_low,3,CL05,P03,C04,3,5,2,48,1,112,114.7,114.7,8,forebrain,2.79,0.022,3.7,True,3000,30,0.0344,2026-07-17 14:35:00,1494.5697,6.5092,0,12513796.0149
LZTBI-0184,tbi_low,3,CL05,P03,C04,3,6,3,72,1,112,114.7,114.7,8,forebrain,3.0,0.0158,5.3,True,3000,30,0.0356,2026-07-18 14:35:00,829.7651,5.8027,0,3251693.7122
LZTBI-0185,tbi_low,3,CL05,P03,C05,3,4,1,24,1,112,114.7,114.7,9,forebrain,3.14,0.0105,18.5,True,3000,30,0.0248,2026-07-16 14:35:00,887.1794,5.6077,2,3937975.1427
LZTBI-0185,tbi_low,3,CL05,P03,C05,3,5,2,48,1,112,114.7,114.7,9,forebrain,3.1,0.0202,7.5,True,3000,30,0.0338,2026-07-17 14:35:00,980.8235,4.9695,0,4140986.6493
LZTBI-0185,tbi_low,3,CL05,P03,C05,3,6,3,72,1,112,114.7,114.7,9,forebrain,3.06,0.0095,3.7,True,3000,30,0.0139,2026-07-18 14:35:00,743.033,6.5569,2,2974735.6628
LZTBI-0186,tbi_low,3,CL05,P03,C06,3,4,1,24,1,112,114.7,114.7,10,forebrain,3.1,0.0104,2.4,True,3000,30,0.0181,2026-07-16 14:35:00,324.3413,3.6772,0,293129.7714
LZTBI-0186,tbi_low,3,CL05,P03,C06,3,5,2,48,1,112,114.7,114.7,10,forebrain,3.18,0.0196,9.9,True,3000,30,0.0401,2026-07-17 14:35:00,678.0531,4.1964,0,1803716.5829
LZTBI-0186,tbi_low,3,CL05,P03,C06,3,6,3,72,1,112,114.7,114.7,10,forebrain,3.26,0.0105,15.3,True,3000,30,0.0334,2026-07-18 14:35:00,310.6448,4.9045,0,430999.6263
LZTBI-0187,tbi_low,3,CL05,P03,C07,3,4,1,24,1,112,114.7,114.7,11,forebrain,3.42,0.0175,4.8,True,3000,30,0.0178,2026-07-16 14:35:00,549.341,3.5695,0,1144969.7673
LZTBI-0187,tbi_low,3,CL05,P03,C07,3,5,2,48,1,112,114.7,114.7,11,forebrain,3.37,0.0143,23.6,True,3000,30,0.0267,2026-07-17 14:35:00,481.4442,4.787,0,1225015.2786
LZTBI-0188,tbi_low,3,CL05,P03,C08,3,4,1,24,1,112,114.7,114.7,12,forebrain,2.93,0.0235,10.2,True,3000,30,0.0285,2026-07-16 14:35:00,1667.111,6.2583,0,14642957.7617
LZTBI-0188,tbi_low,3,CL05,P03,C08,3,5,2,48,1,112,114.7,114.7,12,forebrain,2.82,0.0144,4.4,True,3000,30,0.034,2026-07-17 14:35:00,1307.7581,6.8161,2,11526959.5604
LZTBI-0188,tbi_low,3,CL05,P03,C08,3,6,3,72,1,112,114.7,114.7,12,forebrain,3.12,0.0245,0.4,True,3000,30,0.0403,2026-07-18 14:35:00,2154.1578,6.6634,2,32376785.2576
LZTBI-0189,tbi_moderate,3,CL05,P03,C09,3,4,1,24,1,214,212.9,212.9,13,forebrain,2.88,0.0178,10.5,True,3000,30,0.0267,2026-07-16 14:35:00,719.4064,4.2385,0,1897643.3282
LZTBI-0189,tbi_moderate,3,CL05,P03,C09,3,5,2,48,1,214,212.9,212.9,13,forebrain,2.94,0.0169,19.7,True,3000,30,0.0361,2026-07-17 14:35:00,748.3272,5.4934,0,2643722.0772
LZTBI-0189,tbi_moderate,3,CL05,P03,C09,3,6,3,72,1,214,212.9,212.9,13,forebrain,3.0,0.0167,8.7,True,3000,30,0.0162,2026-07-18 14:35:00,944.1719,5.8135,0,3524091.2827
LZTBI-0190,sham,3,CL05,P03,C10,3,4,1,24,0,0,0.0,0.0,14,forebrain,3.04,0.0215,13.5,True,3000,30,0.0105,2026-07-16 14:35:00,666.3072,4.0568,0,1550052.5284
LZTBI-0190,sham,3,CL05,P03,C10,3,5,2,48,0,0,0.0,0.0,14,forebrain,3.07,0.0085,3.5,True,3000,30,0.0181,2026-07-17 14:35:00,219.5065,3.8631,0,157545.8065
LZTBI-0190,sham,3,CL05,P03,C10,3,6,3,72,0,0,0.0,0.0,14,forebrain,2.95,0.0216,7.4,True,3000,30,0.0238,2026-07-18 14:35:00,693.0903,3.2643,0,1388486.6872
LZTBI-0191,tbi_low,3,CL05,P03,D01,3,4,1,24,1,112,114.7,114.7,15,forebrain,3.07,0.0186,11.9,True,3000,30,0.0318,2026-07-16 14:35:00,824.8874,5.8524,0,3773326.2317
LZTBI-0191,tbi_low,3,CL05,P03,D01,3,5,2,48,1,112,114.7,114.7,15,forebrain,3.02,0.0167,12.5,True,3000,30,0.0272,2026-07-17 14:35:00,886.21,6.4459,0,4782189.0551
LZTBI-0191,tbi_low,3,CL05,P03,D01,3,6,3,72,1,112,114.7,114.7,15,forebrain,2.96,0.0169,2.8,True,3000,30,0.0259,2026-07-18 14:35:00,1064.054,6.6889,0,6436653.3521
LZTBI-0192,tbi_low,3,CL05,P03,D02,3,4,1,24,1,112,114.7,114.7,16,forebrain,3.05,0.0208,12.3,True,3000,30,0.0328,2026-07-16 14:35:00,753.9486,3.9728,0,2037093.1248
LZTBI-0192,tbi_low,3,CL05,P03,D02,3,5,2,48,1,112,114.7,114.7,16,forebrain,2.98,0.0086,1.2,True,3000,30,0.0122,2026-07-17 14:35:00,204.0161,4.8619,0,184691.002
LZTBI-0192,tbi_low,3,CL05,P03,D02,3,6,3,72,1,112,114.7,114.7,16,forebrain,2.92,0.0211,12.1,True,3000,30,0.0193,2026-07-18 14:35:00,1002.7266,5.1183,0,3969283.4769
LZTBI-0193,tbi_low,3,CL05,P03,D03,3,4,1,24,1,112,114.7,114.7,1,forebrain,3.06,0.0191,15.7,True,3000,30,0.033,2026-07-16 15:00:00,507.3065,3.8836,0,949510.8798
LZTBI-0193,tbi_low,3,CL05,P03,D03,3,5,2,48,1,112,114.7,114.7,1,forebrain,3.11,0.0136,7.8,True,3000,30,0.0231,2026-07-17 15:00:00,410.7489,4.0995,0,643743.3269
LZTBI-0193,tbi_low,3,CL05,P03,D03,3,6,3,72,1,112,114.7,114.7,1,forebrain,2.98,0.0201,8.5,True,3000,30,0.0221,2026-07-18 15:00:00,772.2268,3.8039,0,2049344.6566
LZTBI-0194,tbi_high,3,CL05,P03,D04,3,4,1,24,1,318,309.6,309.6,2,forebrain,3.07,0.0224,9.2,True,3000,30,0.0162,2026-07-16 15:00:00,1889.4017,7.4829,0,20765024.7995
LZTBI-0194,tbi_high,3,CL05,P03,D04,3,5,2,48,1,318,309.6,309.6,2,forebrain,3.09,0.0147,12.3,True,3000,30,0.0264,2026-07-17 15:00:00,1119.5403,7.9677,0,8773278.905
LZTBI-0195,sham,3,CL05,P03,D05,3,4,1,24,0,0,0.0,0.0,3,forebrain,2.81,0.0128,7.0,True,3000,30,0.0084,2026-07-16 15:00:00,481.8007,4.9513,0,868609.9801
LZTBI-0195,sham,3,CL05,P03,D05,3,5,2,48,0,0,0.0,0.0,3,forebrain,2.77,0.0253,20.3,True,3000,30,0.027,2026-07-17 15:00:00,1360.3159,4.9942,0,7781882.6686
LZTBI-0195,sham,3,CL05,P03,D05,3,6,3,72,0,0,0.0,0.0,3,forebrain,2.74,0.0133,1.2,True,3000,30,0.0188,2026-07-18 15:00:00,487.8006,4.9792,0,1072305.1442
LZTBI-0196,tbi_moderate,3,CL05,P03,D06,3,4,1,24,1,214,212.9,212.9,4,forebrain,2.93,0.0204,29.8,True,3000,30,0.0168,2026-07-16 15:00:00,790.8853,3.8729,0,2477326.6279
LZTBI-0196,tbi_moderate,3,CL05,P03,D06,3,5,2,48,1,214,212.9,212.9,4,forebrain,3.01,0.0102,7.2,True,3000,30,0.0269,2026-07-17 15:00:00,252.0911,4.1318,0,284856.7687
LZTBI-0196,tbi_moderate,3,CL05,P03,D06,3,6,3,72,1,214,212.9,212.9,4,forebrain,3.08,0.0199,5.8,True,3000,30,0.0363,2026-07-18 15:00:00,1486.7092,6.4059,2,11490399.7007
LZTBI-0197,tbi_moderate,3,CL05,P03,D07,3,4,1,24,1,214,212.9,212.9,5,forebrain,3.31,0.0187,11.0,True,3000,30,0.0144,2026-07-16 15:00:00,680.3568,3.7671,0,1937328.2086
LZTBI-0197,tbi_moderate,3,CL05,P03,D07,3,5,2,48,1,214,212.9,212.9,5,forebrain,3.37,0.014,20.0,True,3000,30,0.0338,2026-07-17 15:00:00,628.7966,5.2741,0,2055941.2979
LZTBI-0197,tbi_moderate,3,CL05,P03,D07,3,6,3,72,1,214,212.9,212.9,5,forebrain,3.13,0.0195,11.7,True,3000,30,0.0326,2026-07-18 15:00:00,1124.2988,5.8588,0,7127873.6655
LZTBI-0198,sham,3,CL05,P03,D08,3,4,1,24,0,0,0.0,0.0,6,forebrain,2.65,0.0187,5.0,True,3000,30,0.0305,2026-07-16 15:00:00,1140.2116,4.768,2,5170274.4893
LZTBI-0198,sham,3,CL05,P03,D08,3,5,2,48,0,0,0.0,0.0,6,forebrain,2.65,0.0118,8.9,True,3000,30,0.0375,2026-07-17 15:00:00,409.1702,4.7706,0,778783.3582
LZTBI-0198,sham,3,CL05,P03,D08,3,6,3,72,0,0,0.0,0.0,6,forebrain,2.77,0.0177,7.9,True,3000,30,0.0143,2026-07-18 15:00:00,1822.2043,7.3996,4,23130841.5468
LZTBI-0199,tbi_moderate,3,CL05,P03,D09,3,4,1,24,1,214,212.9,212.9,7,forebrain,3.33,0.0136,10.5,True,3000,30,0.0176,2026-07-16 15:00:00,657.2973,5.8891,0,2462912.8923
LZTBI-0199,tbi_moderate,3,CL05,P03,D09,3,5,2,48,1,214,212.9,212.9,7,forebrain,3.43,0.0182,10.8,True,3000,30,0.0111,2026-07-17 15:00:00,1283.1539,6.5755,0,10116599.9321
LZTBI-0199,tbi_moderate,3,CL05,P03,D09,3,6,3,72,1,214,212.9,212.9,7,forebrain,3.54,0.0154,7.5,True,3000,30,0.0325,2026-07-18 15:00:00,1266.4633,8.144,2,12066800.9375
LZTBI-0200,sham,3,CL05,P03,D10,3,4,1,24,0,0,0.0,0.0,8,forebrain,2.81,0.0198,11.8,True,3000,30,0.0271,2026-07-16 15:00:00,590.5902,3.6852,0,1149791.6157
LZTBI-0200,sham,3,CL05,P03,D10,3,5,2,48,0,0,0.0,0.0,8,forebrain,2.87,0.0115,11.6,True,3000,30,0.0353,2026-07-17 15:00:00,235.6757,3.8684,0,209283.1254
LZTBI-0200,sham,3,CL05,P03,D10,3,6,3,72,0,0,0.0,0.0,8,forebrain,2.76,0.0203,9.7,True,3000,30,0.0363,2026-07-18 15:00:00,587.1414,3.6126,0,1225910.4408
LZTBI-0201,sham,3,CL06,P03,E01,3,4,1,24,0,0,0.0,0.0,9,forebrain,3.03,0.0219,2.8,True,3000,30,0.027,2026-07-16 15:00:00,1053.824,4.8264,0,4269457.3172
LZTBI-0201,sham,3,CL06,P03,E01,3,5,2,48,0,0,0.0,0.0,9,forebrain,2.98,0.0152,12.6,True,3000,30,0.0186,2026-07-17 15:00:00,712.0426,5.9479,0,2566689.6249
LZTBI-0201,sham,3,CL06,P03,E01,3,6,3,72,0,0,0.0,0.0,9,forebrain,2.92,0.0206,8.5,True,3000,30,0.0373,2026-07-18 15:00:00,1643.2427,6.1116,2,15267568.6301
LZTBI-0202,tbi_moderate,3,CL06,P03,E02,3,4,1,24,1,214,212.9,212.9,10,forebrain,2.54,0.015,11.4,True,3000,30,0.0209,2026-07-16 15:00:00,492.8155,4.8656,0,1155789.3785
LZTBI-0202,tbi_moderate,3,CL06,P03,E02,3,5,2,48,1,214,212.9,212.9,10,forebrain,2.59,0.0206,10.2,True,3000,30,0.0308,2026-07-17 15:00:00,1199.3157,5.3019,0,5185653.7753
LZTBI-0202,tbi_moderate,3,CL06,P03,E02,3,6,3,72,1,214,212.9,212.9,10,forebrain,2.66,0.0157,1.4,True,3000,30,0.0397,2026-07-18 15:00:00,894.7271,6.9231,0,5558941.0285
LZTBI-0203,tbi_low,3,CL06,P03,E03,3,4,1,24,1,112,114.7,114.7,11,forebrain,2.87,0.0188,3.0,True,3000,30,0.0317,2026-07-16 15:00:00,569.7942,3.4466,0,1010505.3701
LZTBI-0203,tbi_low,3,CL06,P03,E03,3,5,2,48,1,112,114.7,114.7,11,forebrain,2.95,0.0126,12.9,True,3000,30,0.0225,2026-07-17 15:00:00,284.975,3.4589,0,278237.5033
LZTBI-0203,tbi_low,3,CL06,P03,E03,3,6,3,72,1,112,114.7,114.7,11,forebrain,2.8,0.0182,13.9,True,3000,30,0.0189,2026-07-18 15:00:00,662.8567,4.8055,0,1941793.161
LZTBI-0204,tbi_low,3,CL06,P03,E04,3,4,1,24,1,112,114.7,114.7,12,forebrain,3.08,0.0275,12.1,True,3000,30,0.0186,2026-07-16 15:00:00,1300.0911,4.912,0,5956787.3598
LZTBI-0204,tbi_low,3,CL06,P03,E04,3,5,2,48,1,112,114.7,114.7,12,forebrain,3.04,0.012,12.1,True,3000,30,0.0289,2026-07-17 15:00:00,285.5386,4.0992,0,281182.9987
LZTBI-0204,tbi_low,3,CL06,P03,E04,3,6,3,72,1,112,114.7,114.7,12,forebrain,3.09,0.0261,10.4,True,3000,30,0.0307,2026-07-18 15:00:00,1077.0798,3.8509,0,3408387.0484
LZTBI-0205,tbi_low,3,CL06,P03,E05,3,4,1,24,1,112,114.7,114.7,13,forebrain,3.14,0.0156,10.9,True,3000,30,0.0207,2026-07-16 15:00:00,650.0146,4.5994,0,1961579.1899
LZTBI-0205,tbi_low,3,CL06,P03,E05,3,5,2,48,1,112,114.7,114.7,13,forebrain,3.24,0.0175,5.9,True,3000,30,0.0453,2026-07-17 15:00:00,726.8661,4.9238,0,2731089.5003
LZTBI-0205,tbi_low,3,CL06,P03,E05,3,6,3,72,1,112,114.7,114.7,13,forebrain,3.34,0.0146,19.2,True,3000,30,0.0251,2026-07-18 15:00:00,469.3177,4.7189,0,1077032.1648
LZTBI-0206,sham,3,CL06,P03,E06,3,4,1,24,0,0,0.0,0.0,14,forebrain,3.2,0.0115,9.9,True,3000,30,0.0278,2026-07-16 15:00:00,366.2162,4.1459,0,503996.8059
LZTBI-0206,sham,3,CL06,P03,E06,3,5,2,48,0,0,0.0,0.0,14,forebrain,3.15,0.019,3.0,True,3000,30,0.037,2026-07-17 15:00:00,767.0374,4.018,0,1887006.0212
LZTBI-0206,sham,3,CL06,P03,E06,3,6,3,72,0,0,0.0,0.0,14,forebrain,3.1,0.012,13.3,True,3000,30,0.0168,2026-07-18 15:00:00,328.7368,4.2059,0,362552.4983
LZTBI-0207,sham,3,CL06,P03,E07,3,4,1,24,0,0,0.0,0.0,15,forebrain,2.81,0.0161,10.9,True,3000,30,0.014,2026-07-16 15:00:00,365.1752,3.5646,0,556549.2034
LZTBI-0207,sham,3,CL06,P03,E07,3,5,2,48,0,0,0.0,0.0,15,forebrain,2.72,0.0179,13.0,True,3000,30,0.0321,2026-07-17 15:00:00,466.1416,3.9705,0,927974.023
LZTBI-0207,sham,3,CL06,P03,E07,3,6,3,72,0,0,0.0,0.0,15,forebrain,2.99,0.0181,16.5,True,3000,30,0.0386,2026-07-18 15:00:00,490.5418,3.1318,0,699430.4068
LZTBI-0208,tbi_moderate,3,CL06,P03,E08,3,4,1,24,1,214,212.9,212.9,16,forebrain,2.74,0.0133,1.3,True,3000,30,0.0494,2026-07-16 15:00:00,496.1153,3.8799,0,840090.5238
LZTBI-0208,tbi_moderate,3,CL06,P03,E08,3,5,2,48,1,214,212.9,212.9,16,forebrain,2.81,0.018,12.1,True,3000,30,0.0268,2026-07-17 15:00:00,730.7861,4.4558,0,2074088.8271
LZTBI-0208,tbi_moderate,3,CL06,P03,E08,3,6,3,72,1,214,212.9,212.9,16,forebrain,2.65,0.0127,9.9,True,3000,30,0.0176,2026-07-18 15:00:00,465.9417,4.4927,0,961587.0179
LZTBI-0209,tbi_high,3,CL06,P03,E09,3,4,1,24,1,318,309.6,309.6,1,forebrain,3.0,0.0131,2.6,True,3000,30,0.0165,2026-07-16 15:35:00,624.4709,5.3251,0,1718544.4164
LZTBI-0209,tbi_high,3,CL06,P03,E09,3,5,2,48,1,318,309.6,309.6,1,forebrain,3.04,0.0188,6.3,True,3000,30,0.033,2026-07-17 15:35:00,1482.3802,7.3437,2,13073569.6899
LZTBI-0209,tbi_high,3,CL06,P03,E09,3,6,3,72,1,318,309.6,309.6,1,forebrain,3.1,0.0122,14.5,True,3000,30,0.02,2026-07-18 15:35:00,1543.1102,7.899,4,20551552.1386
LZTBI-0210,tbi_high,3,CL06,P03,E10,3,4,1,24,1,318,309.6,309.6,2,forebrain,2.96,0.0165,5.4,True,3000,30,0.039,2026-07-16 15:35:00,2908.9556,10.545,6,97098538.151
LZTBI-0210,tbi_high,3,CL06,P03,E10,3,5,2,48,1,318,309.6,309.6,2,forebrain,2.9,0.021,26.4,True,3000,30,0.03,2026-07-17 15:35:00,3054.289,9.8279,4,66702725.669
LZTBI-0210,tbi_high,3,CL06,P03,E10,3,6,3,72,1,318,309.6,309.6,2,forebrain,3.06,0.0162,13.4,True,3000,30,0.0255,2026-07-18 15:35:00,2510.7355,10.6573,4,69989848.8359
LZTBI-0211,sham,3,CL06,P03,F01,3,4,1,24,0,0,0.0,0.0,3,forebrain,3.15,0.0191,1.8,True,3000,30,0.0192,2026-07-16 15:35:00,633.3961,2.7915,0,866714.8401
LZTBI-0211,sham,3,CL06,P03,F01,3,5,2,48,0,0,0.0,0.0,3,forebrain,3.25,0.0107,3.9,True,3000,30,0.0266,2026-07-17 15:35:00,264.25,3.8609,0,197966.6587
LZTBI-0211,sham,3,CL06,P03,F01,3,6,3,72,0,0,0.0,0.0,3,forebrain,3.31,0.0196,10.4,True,3000,30,0.0385,2026-07-18 15:35:00,715.355,4.177,0,1509993.8524
LZTBI-0212,tbi_moderate,3,CL06,P03,F02,3,4,1,24,1,214,212.9,212.9,4,forebrain,3.16,0.016,23.3,True,3000,30,0.0284,2026-07-16 15:35:00,537.3735,4.7238,0,1180091.6991
LZTBI-0212,tbi_moderate,3,CL06,P03,F02,3,5,2,48,1,214,212.9,212.9,4,forebrain,3.16,0.0201,7.8,True,3000,30,0.0191,2026-07-17 15:35:00,757.0682,4.82,0,2407856.9866
LZTBI-0212,tbi_moderate,3,CL06,P03,F02,3,6,3,72,1,214,212.9,212.9,4,forebrain,3.15,0.0159,1.5,True,3000,30,0.0367,2026-07-18 15:35:00,686.2128,4.5023,0,1818622.5172
LZTBI-0213,sham,3,CL06,P03,F03,3,4,1,24,0,0,0.0,0.0,5,forebrain,3.11,0.025,19.4,True,3000,30,0.0344,2026-07-16 15:35:00,905.1465,4.4068,0,2598715.3481
LZTBI-0213,sham,3,CL06,P03,F03,3,5,2,48,0,0,0.0,0.0,5,forebrain,3.09,0.0131,6.1,True,3000,30,0.0164,2026-07-17 15:35:00,342.667,3.8728,0,335663.1334
LZTBI-0213,sham,3,CL06,P03,F03,3,6,3,72,0,0,0.0,0.0,5,forebrain,3.1,0.0243,7.8,True,3000,30,0.0112,2026-07-18 15:35:00,936.8659,3.7947,0,2636864.6503
LZTBI-0214,tbi_high,3,CL06,P03,F04,3,4,1,24,1,318,309.6,309.6,6,forebrain,2.77,0.0188,2.9,True,3000,30,0.0309,2026-07-16 15:35:00,1662.0836,8.1159,2,21072484.0415
LZTBI-0214,tbi_high,3,CL06,P03,F04,3,5,2,48,1,318,309.6,309.6,6,forebrain,2.77,0.0164,19.3,True,3000,30,0.0238,2026-07-17 15:35:00,1942.1402,8.7401,2,34045959.1409
LZTBI-0214,tbi_high,3,CL06,P03,F04,3,6,3,72,1,318,309.6,309.6,6,forebrain,2.84,0.0177,26.0,True,3000,30,0.0214,2026-07-18 15:35:00,1478.6379,7.4282,0,12303876.9539
LZTBI-0215,tbi_high,3,CL06,P03,F05,3,4,1,24,1,318,309.6,309.6,7,forebrain,2.96,0.0232,17.2,True,3000,30,0.0083,2026-07-16 15:35:00,2159.1921,7.8551,0,34788055.5518
LZTBI-0215,tbi_high,3,CL06,P03,F05,3,5,2,48,1,318,309.6,309.6,7,forebrain,2.83,0.0145,7.0,True,3000,30,0.0179,2026-07-17 15:35:00,2827.2997,10.977,6,64578045.9534
LZTBI-0215,tbi_high,3,CL06,P03,F05,3,6,3,72,1,318,309.6,309.6,7,forebrain,2.74,0.0237,16.3,True,3000,30,0.0267,2026-07-18 15:35:00,5367.0422,12.621,10,357676704.9121
LZTBI-0216,tbi_high,3,CL06,P03,F06,3,4,1,24,1,318,309.6,309.6,8,forebrain,3.24,0.0185,16.9,True,3000,30,0.0447,2026-07-16 15:35:00,941.1118,5.5194,0,4958053.8428
LZTBI-0216,tbi_high,3,CL06,P03,F06,3,5,2,48,1,318,309.6,309.6,8,forebrain,3.26,0.0132,3.0,True,3000,30,0.0379,2026-07-17 15:35:00,745.547,7.3547,0,3149761.4496
LZTBI-0216,tbi_high,3,CL06,P03,F06,3,6,3,72,1,318,309.6,309.6,8,forebrain,3.25,0.0188,7.4,True,3000,30,0.0152,2026-07-18 15:35:00,1206.4203,7.0781,0,7005246.1999
LZTBI-0217,tbi_moderate,3,CL06,P03,F07,3,4,1,24,1,214,212.9,212.9,9,forebrain,3.02,0.015,5.6,True,3000,30,0.0111,2026-07-16 15:35:00,416.4909,4.1568,0,630902.6214
LZTBI-0217,tbi_moderate,3,CL06,P03,F07,3,5,2,48,1,214,212.9,212.9,9,forebrain,3.04,0.0227,12.7,True,3000,30,0.0166,2026-07-17 15:35:00,1084.6569,4.6192,0,5633624.0688
LZTBI-0217,tbi_moderate,3,CL06,P03,F07,3,6,3,72,1,214,212.9,212.9,9,forebrain,2.94,0.016,10.0,True,3000,30,0.0321,2026-07-18 15:35:00,1166.5592,6.88,2,7809472.9086
LZTBI-0218,tbi_moderate,3,CL06,P03,F08,3,4,1,24,1,214,212.9,212.9,10,forebrain,2.89,0.0219,2.4,True,3000,30,0.024,2026-07-16 15:35:00,1552.2701,6.5973,2,13988557.7402
LZTBI-0218,tbi_moderate,3,CL06,P03,F08,3,5,2,48,1,214,212.9,212.9,10,forebrain,2.87,0.0085,11.0,True,3000,30,0.0135,2026-07-17 15:35:00,450.0939,5.8235,0,1055474.1548
LZTBI-0218,tbi_moderate,3,CL06,P03,F08,3,6,3,72,1,214,212.9,212.9,10,forebrain,2.96,0.0223,12.5,True,3000,30,0.0137,2026-07-18 15:35:00,1386.3736,5.8335,0,9230754.6085
LZTBI-0219,tbi_high,3,CL06,P03,F09,3,4,1,24,1,318,309.6,309.6,11,forebrain,2.74,0.0158,1.2,True,3000,30,0.0117,2026-07-16 15:35:00,623.66,4.6073,0,1604916.5482
LZTBI-0219,tbi_high,3,CL06,P03,F09,3,5,2,48,1,318,309.6,309.6,11,forebrain,2.74,0.0171,23.4,True,3000,30,0.0221,2026-07-17 15:35:00,848.6666,6.3581,0,4248668.4336
LZTBI-0219,tbi_high,3,CL06,P03,F09,3,6,3,72,1,318,309.6,309.6,11,forebrain,2.76,0.0179,0.4,True,3000,30,0.0316,2026-07-18 15:35:00,1105.6423,5.6655,0,5648252.2345
LZTBI-0220,tbi_moderate,3,CL06,P03,F10,3,4,1,24,1,214,212.9,212.9,12,forebrain,2.96,0.0195,16.6,True,3000,30,0.0202,2026-07-16 15:35:00,788.7648,3.9073,0,2288380.098
LZTBI-0220,tbi_moderate,3,CL06,P03,F10,3,5,2,48,1,214,212.9,212.9,12,forebrain,3.0,0.0108,4.7,True,3000,30,0.0284,2026-07-17 15:35:00,312.4116,4.6216,0,418043.7293
LZTBI-0220,tbi_moderate,3,CL06,P03,F10,3,6,3,72,1,214,212.9,212.9,12,forebrain,3.03,0.0201,2.2,True,3000,30,0.0357,2026-07-18 15:35:00,819.3404,4.2341,0,2255582.6462
LZTBI-0221,tbi_moderate,3,CL06,P03,G01,3,4,1,24,1,214,212.9,212.9,13,forebrain,3.01,0.0159,14.6,True,3000,30,0.023,2026-07-16 15:35:00,591.8154,5.332,0,1820276.1972
LZTBI-0221,tbi_moderate,3,CL06,P03,G01,3,5,2,48,1,214,212.9,212.9,13,forebrain,2.98,0.0175,19.7,True,3000,30,0.0121,2026-07-17 15:35:00,750.3717,4.8574,0,2481233.6465
LZTBI-0221,tbi_moderate,3,CL06,P03,G01,3,6,3,72,1,214,212.9,212.9,13,forebrain,3.36,0.0172,12.4,True,3000,30,0.014,2026-07-18 15:35:00,736.5392,4.9589,0,2247233.6485
LZTBI-0222,tbi_high,3,CL06,P03,G02,3,4,1,24,1,318,309.6,309.6,14,forebrain,2.75,0.0161,0.8,True,3000,30,0.0125,2026-07-16 15:35:00,1090.9693,7.0582,0,7689610.3117
LZTBI-0222,tbi_high,3,CL06,P03,G02,3,5,2,48,1,318,309.6,309.6,14,forebrain,2.87,0.0174,20.5,True,3000,30,0.0219,2026-07-17 15:35:00,1516.8281,7.6466,0,18100055.4088
LZTBI-0222,tbi_high,3,CL06,P03,G02,3,6,3,72,1,318,309.6,309.6,14,forebrain,2.54,0.0172,16.0,True,3000,30,0.0217,2026-07-18 15:35:00,1905.2826,7.8411,2,21369850.1803
LZTBI-0223,tbi_low,3,CL06,P03,G03,3,4,1,24,1,112,114.7,114.7,15,forebrain,3.05,0.0192,0.4,True,3000,30,0.0158,2026-07-16 15:35:00,1641.0862,6.592,2,15389670.1766
LZTBI-0223,tbi_low,3,CL06,P03,G03,3,5,2,48,1,112,114.7,114.7,15,forebrain,2.92,0.0164,8.4,True,3000,30,0.0347,2026-07-17 15:35:00,1481.6047,7.2308,2,15574613.5522
LZTBI-0223,tbi_low,3,CL06,P03,G03,3,6,3,72,1,112,114.7,114.7,15,forebrain,2.76,0.0173,14.8,True,3000,30,0.0256,2026-07-18 15:35:00,1211.0107,6.0561,0,9342904.014
LZTBI-0224,sham,3,CL06,P03,G04,3,4,1,24,0,0,0.0,0.0,16,forebrain,3.28,0.0149,17.4,True,3000,30,0.0374,2026-07-16 15:35:00,342.9865,3.2978,0,398089.5989
LZTBI-0224,sham,3,CL06,P03,G04,3,5,2,48,0,0,0.0,0.0,16,forebrain,3.18,0.0176,4.5,True,3000,30,0.021,2026-07-17 15:35:00,434.7951,3.2449,0,525246.0622
LZTBI-0224,sham,3,CL06,P03,G04,3,6,3,72,0,0,0.0,0.0,16,forebrain,3.07,0.0163,1.5,True,3000,30,0.0313,2026-07-18 15:35:00,441.6174,2.4495,0,402013.8857
LZTBI-0225,sham,3,CL06,P03,G05,3,4,1,24,0,0,0.0,0.0,1,forebrain,3.06,0.0172,2.2,True,3000,30,0.0163,2026-07-16 16:00:00,448.5511,3.6081,0,663072.7512
LZTBI-0225,sham,3,CL06,P03,G05,3,5,2,48,0,0,0.0,0.0,1,forebrain,3.07,0.0157,12.4,True,3000,30,0.0361,2026-07-17 16:00:00,371.4829,3.9334,0,505857.7738
LZTBI-0225,sham,3,CL06,P03,G05,3,6,3,72,0,0,0.0,0.0,1,forebrain,3.45,0.0164,14.9,True,3000,30,0.0387,2026-07-18 16:00:00,472.338,3.4614,0,679398.9289
LZTBI-0226,sham,3,CL06,P03,G06,3,4,1,24,0,0,0.0,0.0,2,forebrain,3.04,0.0201,18.4,True,3000,30,0.018,2026-07-16 16:00:00,1431.4187,5.8947,2,11739724.8717
LZTBI-0226,sham,3,CL06,P03,G06,3,5,2,48,0,0,0.0,0.0,2,forebrain,2.99,0.0159,5.6,True,3000,30,0.0274,2026-07-17 16:00:00,652.9535,5.0874,0,2374700.056
LZTBI-0226,sham,3,CL06,P03,G06,3,6,3,72,0,0,0.0,0.0,2,forebrain,3.16,0.0214,7.4,True,3000,30,0.0245,2026-07-18 16:00:00,1902.4248,7.5404,2,26235992.6489
LZTBI-0227,tbi_moderate,3,CL06,P03,G07,3,4,1,24,1,214,212.9,212.9,3,forebrain,3.12,0.0085,4.3,True,3000,30,0.0125,2026-07-16 16:00:00,395.642,5.6731,0,684107.1132
LZTBI-0227,tbi_moderate,3,CL06,P03,G07,3,5,2,48,1,214,212.9,212.9,3,forebrain,3.07,0.0221,5.3,True,3000,30,0.0292,2026-07-17 16:00:00,1345.1432,6.8176,0,10986367.6191
LZTBI-0227,tbi_moderate,3,CL06,P03,G07,3,6,3,72,1,214,212.9,212.9,3,forebrain,3.01,0.0085,20.5,True,3000,30,0.0227,2026-07-18 16:00:00,1247.4913,7.1375,4,8063570.5792
LZTBI-0228,tbi_low,3,CL06,P03,G08,3,4,1,24,1,112,114.7,114.7,4,forebrain,2.45,0.0213,7.2,True,3000,30,0.0135,2026-07-16 16:00:00,914.9141,3.5428,0,2016587.2884
LZTBI-0228,tbi_low,3,CL06,P03,G08,3,5,2,48,1,112,114.7,114.7,4,forebrain,2.54,0.0155,8.8,True,3000,30,0.0219,2026-07-17 16:00:00,445.7486,3.5869,0,569502.6045
LZTBI-0228,tbi_low,3,CL06,P03,G08,3,6,3,72,1,112,114.7,114.7,4,forebrain,2.64,0.0205,13.1,True,3000,30,0.0295,2026-07-18 16:00:00,800.9882,3.7232,0,1969047.7677
LZTBI-0229,tbi_low,3,CL06,P03,G09,3,4,1,24,1,112,114.7,114.7,5,forebrain,2.7,0.0243,5.5,True,3000,30,0.0194,2026-07-16 16:00:00,2286.8788,7.4639,0,26543715.655
LZTBI-0229,tbi_low,3,CL06,P03,G09,3,5,2,48,1,112,114.7,114.7,5,forebrain,2.74,0.014,11.4,True,3000,30,0.0194,2026-07-17 16:00:00,1069.1653,7.6184,0,7887672.2436
LZTBI-0229,tbi_low,3,CL06,P03,G09,3,6,3,72,1,112,114.7,114.7,5,forebrain,2.73,0.0249,16.1,True,3000,30,0.0367,2026-07-18 16:00:00,3088.3412,8.7908,4,84569359.5681
LZTBI-0230,sham,3,CL06,P03,G10,3,4,1,24,0,0,0.0,0.0,6,forebrain,2.75,0.0147,1.5,True,3000,30,0.0099,2026-07-16 16:00:00,355.5673,3.8583,0,542199.9524
LZTBI-0230,sham,3,CL06,P03,G10,3,5,2,48,0,0,0.0,0.0,6,forebrain,2.7,0.0226,10.4,True,3000,30,0.0273,2026-07-17 16:00:00,973.9228,4.3666,0,3369208.9457
LZTBI-0230,sham,3,CL06,P03,G10,3,6,3,72,0,0,0.0,0.0,6,forebrain,2.67,0.0145,11.1,True,3000,30,0.0194,2026-07-18 16:00:00,474.7034,4.2223,0,728712.2795
LZTBI-0231,tbi_high,3,CL06,P03,H01,3,4,1,24,1,318,309.6,309.6,7,forebrain,3.09,0.0144,18.5,True,3000,30,0.0103,2026-07-16 16:00:00,2142.4965,8.9344,4,41936840.5559
LZTBI-0231,tbi_high,3,CL06,P03,H01,3,5,2,48,1,318,309.6,309.6,7,forebrain,3.13,0.0185,0.7,True,3000,30,0.019,2026-07-17 16:00:00,2094.5267,9.0178,2,41750512.2138
LZTBI-0231,tbi_high,3,CL06,P03,H01,3,6,3,72,1,318,309.6,309.6,7,forebrain,2.96,0.0159,3.2,True,3000,30,0.0187,2026-07-18 16:00:00,1151.1299,7.8452,0,9728559.6452
LZTBI-0232,tbi_low,3,CL06,P03,H02,3,4,1,24,1,112,114.7,114.7,8,forebrain,3.44,0.0195,7.2,True,3000,30,0.0148,2026-07-16 16:00:00,670.7921,4.1051,0,1702957.2739
LZTBI-0232,tbi_low,3,CL06,P03,H02,3,5,2,48,1,112,114.7,114.7,8,forebrain,3.01,0.0106,2.9,True,3000,30,0.0342,2026-07-17 16:00:00,242.761,4.0293,0,204979.0016
LZTBI-0232,tbi_low,3,CL06,P03,H02,3,6,3,72,1,112,114.7,114.7,8,forebrain,3.19,0.0198,1.1,True,3000,30,0.0354,2026-07-18 16:00:00,817.9951,5.1778,0,3496062.6403
LZTBI-0233,sham,3,CL06,P03,H03,3,4,1,24,0,0,0.0,0.0,9,forebrain,2.9,0.0161,8.5,True,3000,30,0.0173,2026-07-16 16:00:00,311.8306,3.0126,0,226897.4932
LZTBI-0233,sham,3,CL06,P03,H03,3,5,2,48,0,0,0.0,0.0,9,forebrain,3.0,0.0197,0.4,True,3000,30,0.0284,2026-07-17 16:00:00,537.4994,3.5169,0,765314.9688
LZTBI-0233,sham,3,CL06,P03,H03,3,6,3,72,0,0,0.0,0.0,9,forebrain,3.09,0.0153,19.1,True,3000,30,0.0386,2026-07-18 16:00:00,315.6126,3.2871,0,292605.6005
LZTBI-0234,tbi_moderate,3,CL06,P03,H04,3,4,1,24,1,214,212.9,212.9,10,forebrain,3.09,0.0237,8.5,True,3000,30,0.0314,2026-07-16 16:00:00,1273.5443,4.2159,0,6476781.8955
LZTBI-0234,tbi_moderate,3,CL06,P03,H04,3,5,2,48,1,214,212.9,212.9,10,forebrain,3.02,0.0144,19.5,True,3000,30,0.0239,2026-07-17 16:00:00,546.5195,5.4428,0,1667194.8347
LZTBI-0234,tbi_moderate,3,CL06,P03,H04,3,6,3,72,1,214,212.9,212.9,10,forebrain,2.94,0.0228,10.6,True,3000,30,0.017,2026-07-18 16:00:00,1433.8103,5.7847,0,9143356.0191
LZTBI-0235,sham,3,CL06,P03,H05,3,4,1,24,0,0,0.0,0.0,11,forebrain,3.05,0.0171,3.8,True,3000,30,0.0117,2026-07-16 16:00:00,579.529,4.7415,0,1360123.9571
LZTBI-0235,sham,3,CL06,P03,H05,3,5,2,48,0,0,0.0,0.0,11,forebrain,3.1,0.0177,0.4,True,3000,30,0.0183,2026-07-17 16:00:00,720.167,4.3814,0,1636673.7815
LZTBI-0235,sham,3,CL06,P03,H05,3,6,3,72,0,0,0.0,0.0,11,forebrain,2.92,0.0179,2.6,True,3000,30,0.0264,2026-07-18 16:00:00,743.3928,4.1729,0,2694399.7631
LZTBI-0236,tbi_high,3,CL06,P03,H06,3,4,1,24,1,318,309.6,309.6,12,forebrain,3.1,0.0208,0.5,True,3000,30,0.0343,2026-07-16 16:00:00,2027.9617,7.576,2,26922394.5493
LZTBI-0236,tbi_high,3,CL06,P03,H06,3,5,2,48,1,318,309.6,309.6,12,forebrain,3.16,0.0092,22.4,True,3000,30,0.0233,2026-07-17 16:00:00,1101.0564,7.9652,2,8929119.4501
LZTBI-0236,tbi_high,3,CL06,P03,H06,3,6,3,72,1,318,309.6,309.6,12,forebrain,2.98,0.0211,11.9,True,3000,30,0.0257,2026-07-18 16:00:00,1665.807,6.7574,0,14990441.5241
LZTBI-0237,tbi_moderate,3,CL06,P03,H07,3,4,1,24,1,214,212.9,212.9,13,forebrain,3.07,0.0186,2.4,True,3000,30,0.0356,2026-07-16 16:00:00,703.7561,4.9453,0,2318042.0786
LZTBI-0237,tbi_moderate,3,CL06,P03,H07,3,5,2,48,1,214,212.9,212.9,13,forebrain,2.98,0.0137,8.3,True,3000,30,0.0145,2026-07-17 16:00:00,471.0228,5.2618,0,924464.7153
LZTBI-0237,tbi_moderate,3,CL06,P03,H07,3,6,3,72,1,214,212.9,212.9,13,forebrain,2.91,0.0182,24.5,True,3000,30,0.0208,2026-07-18 16:00:00,936.1046,5.4729,0,3923218.1057
LZTBI-0238,tbi_high,3,CL06,P03,H08,3,4,1,24,1,318,309.6,309.6,14,forebrain,2.69,0.0265,7.7,True,3000,30,0.0237,2026-07-16 16:00:00,1610.1381,5.2586,0,11633816.3774
LZTBI-0238,tbi_high,3,CL06,P03,H08,3,5,2,48,1,318,309.6,309.6,14,forebrain,2.7,0.0134,25.9,True,3000,30,0.0342,2026-07-17 16:00:00,634.7874,5.6917,0,1559583.1113
LZTBI-0238,tbi_high,3,CL06,P03,H08,3,6,3,72,1,318,309.6,309.6,14,forebrain,2.74,0.0258,2.7,True,3000,30,0.0257,2026-07-18 16:00:00,1734.7748,5.536,0,16648780.2751
LZTBI-0239,tbi_high,3,CL06,P03,H09,3,4,1,24,1,318,309.6,309.6,15,forebrain,2.85,0.0162,7.4,True,3000,30,0.0403,2026-07-16 16:00:00,1320.4604,6.7617,2,10517157.1017
LZTBI-0239,tbi_high,3,CL06,P03,H09,3,5,2,48,1,318,309.6,309.6,15,forebrain,2.82,0.0178,1.2,True,3000,30,0.0189,2026-07-17 16:00:00,1325.7446,7.2331,0,11732682.691
LZTBI-0239,tbi_high,3,CL06,P03,H09,3,6,3,72,1,318,309.6,309.6,15,forebrain,2.98,0.018,4.1,True,3000,30,0.011,2026-07-18 16:00:00,1840.8472,8.2886,2,20441484.1354
LZTBI-0240,tbi_moderate,3,CL06,P03,H10,3,4,1,24,1,214,212.9,212.9,16,forebrain,2.78,0.0157,11.6,True,3000,30,0.0194,2026-07-16 16:00:00,556.3011,4.9114,0,1482935.0269
LZTBI-0240,tbi_moderate,3,CL06,P03,H10,3,5,2,48,1,214,212.9,212.9,16,forebrain,2.86,0.0224,2.6,True,3000,30,0.026,2026-07-17 16:00:00,2718.7522,8.3564,6,54012365.1617
LZTBI-0240,tbi_moderate,3,CL06,P03,H10,3,6,3,72,1,214,212.9,212.9,16,forebrain,2.69,0.0165,1.4,True,3000,30,0.0316,2026-07-18 16:00:00,920.4736,4.8838,0,3491161.8707
