fish_id,group,dpf,video_id,dlc_model,dlc_keypoints,dlc_pcutoff,dlc_mean_keypoint_likelihood,dlc_pct_frames_below_pcutoff,dlc_tracking_qc_pass,dlc_mean_speed_mm_s,dlc_max_speed_mm_s,dlc_rest_fraction,dlc_burst_rate_per_min,dlc_mean_tail_bend_deg,dlc_max_tail_bend_deg,dlc_mean_tail_angle_change_deg_s,dlc_max_tail_angle_change_deg_s,dlc_whirlpool_rate_per_min,dlc_behavior_abnormality_index,manual_pts_stage_TRUTH,stunned_phenotype_TRUTH,record_status,template_seed
TBI0001,sham,4,VID_TBI0001_4dpf,dlc_resnet50_placeholder,head|midline_1|midline_2|midline_3|midline_4|tail_tip,0.9,0.9562,3.9711,True,1.796,3.2061,0.2678,3.7597,11.9572,21.2615,41.7803,86.4972,0.0,0.1595,0,False,placeholder_pending_replacement,42
TBI0001,sham,5,VID_TBI0001_5dpf,dlc_resnet50_placeholder,head|midline_1|midline_2|midline_3|midline_4|tail_tip,0.9,0.995,0.8952,True,3.131,7.1332,0.1584,7.1057,27.041,49.6337,68.237,134.512,0.2478,1.1504,1,False,placeholder_pending_replacement,42
TBI0001,sham,6,VID_TBI0001_6dpf,dlc_resnet50_placeholder,head|midline_1|midline_2|midline_3|midline_4|tail_tip,0.9,0.9351,3.8713,True,1.5944,3.5097,0.2982,3.5978,15.3703,21.6202,26.7046,54.1219,0.0,0.1195,0,False,placeholder_pending_replacement,42
TBI0002,sham,4,VID_TBI0002_4dpf,dlc_resnet50_placeholder,head|midline_1|midline_2|midline_3|midline_4|tail_tip,0.9,0.9518,3.3119,True,1.7853,4.1078,0.1923,4.5648,14.7132,25.8201,27.2468,40.2163,0.0,0.2131,0,False,placeholder_pending_replacement,42
TBI0002,sham,5,VID_TBI0002_5dpf,dlc_resnet50_placeholder,head|midline_1|midline_2|midline_3|midline_4|tail_tip,0.9,0.9717,1.0115,True,1.6378,3.4831,0.3077,6.5958,22.7416,29.9081,35.3153,75.704,0.0,0.3728,0,False,placeholder_pending_replacement,42
TBI0002,sham,6,VID_TBI0002_6dpf,dlc_resnet50_placeholder,head|midline_1|midline_2|midline_3|midline_4|tail_tip,0.9,0.9486,3.7814,True,1.32,2.8012,0.3077,2.8262,16.7947,33.4998,35.0796,77.2632,0.0,0.223,0,False,placeholder_pending_replacement,42
TBI0003,sham,4,VID_TBI0003_4dpf,dlc_resnet50_placeholder,head|midline_1|midline_2|midline_3|midline_4|tail_tip,0.9,0.8152,18.1993,False,1.24,2.1653,0.2297,4.8363,12.8162,21.2035,31.959,64.7118,0.0,0.1789,0,False,placeholder_pending_replacement,42
TBI0003,sham,5,VID_TBI0003_5dpf,dlc_resnet50_placeholder,head|midline_1|midline_2|midline_3|midline_4|tail_tip,0.9,0.9437,2.1678,True,1.6179,4.1122,0.2779,2.5903,14.2715,18.7311,33.8258,50.6789,0.4228,0.2582,0,False,placeholder_pending_replacement,42
TBI0003,sham,6,VID_TBI0003_6dpf,dlc_resnet50_placeholder,head|midline_1|midline_2|midline_3|midline_4|tail_tip,0.9,0.9759,1.9725,True,1.222,2.1245,0.2534,4.444,19.1861,25.2259,24.1051,34.949,0.0,0.2462,0,False,placeholder_pending_replacement,42
TBI0004,sham,4,VID_TBI0004_4dpf,dlc_resnet50_placeholder,head|midline_1|midline_2|midline_3|midline_4|tail_tip,0.9,0.9716,2.9154,True,1.6236,2.8599,0.2916,1.732,16.7823,28.1145,35.6354,66.3816,0.0,0.2351,0,False,placeholder_pending_replacement,42
TBI0004,sham,5,VID_TBI0004_5dpf,dlc_resnet50_placeholder,head|midline_1|midline_2|midline_3|midline_4|tail_tip,0.9,0.976,4.6216,True,1.4564,3.4363,0.3285,4.7575,19.1969,28.8282,41.4193,85.3819,0.0903,0.304,0,False,placeholder_pending_replacement,42
TBI0004,sham,6,VID_TBI0004_6dpf,dlc_resnet50_placeholder,head|midline_1|midline_2|midline_3|midline_4|tail_tip,0.9,0.9077,3.4696,True,1.2662,3.2402,0.2715,2.4185,11.9866,19.712,34.4961,66.9098,0.2048,0.2655,0,False,placeholder_pending_replacement,42
TBI0005,sham,4,VID_TBI0005_4dpf,dlc_resnet50_placeholder,head|midline_1|midline_2|midline_3|midline_4|tail_tip,0.9,0.995,4.6849,True,1.515,2.6394,0.3367,3.0333,11.5332,21.8598,33.6184,66.3415,0.1551,0.2428,1,False,placeholder_pending_replacement,42
TBI0005,sham,5,VID_TBI0005_5dpf,dlc_resnet50_placeholder,head|midline_1|midline_2|midline_3|midline_4|tail_tip,0.9,0.9783,1.2497,True,1.5652,3.9633,0.2488,4.5972,16.1059,23.1722,33.1059,73.4811,0.1416,0.1505,0,False,placeholder_pending_replacement,42
TBI0005,sham,6,VID_TBI0005_6dpf,dlc_resnet50_placeholder,head|midline_1|midline_2|midline_3|midline_4|tail_tip,0.9,0.956,4.5679,True,1.5306,3.5723,0.3309,4.1198,11.4878,15.3724,27.2448,53.2548,0.0,0.1534,1,False,placeholder_pending_replacement,42
TBI0006,sham,4,VID_TBI0006_4dpf,dlc_resnet50_placeholder,head|midline_1|midline_2|midline_3|midline_4|tail_tip,0.9,0.969,5.1677,True,1.8621,4.3446,0.2873,3.8295,15.0463,26.2444,47.6081,84.2963,0.3523,0.3228,0,False,placeholder_pending_replacement,42
TBI0006,sham,5,VID_TBI0006_5dpf,dlc_resnet50_placeholder,head|midline_1|midline_2|midline_3|midline_4|tail_tip,0.9,0.9673,4.0777,True,1.455,3.2364,0.3179,2.5155,14.019,26.0741,52.7814,88.8314,0.0557,0.3018,0,False,placeholder_pending_replacement,42
TBI0006,sham,6,VID_TBI0006_6dpf,dlc_resnet50_placeholder,head|midline_1|midline_2|midline_3|midline_4|tail_tip,0.9,0.9759,1.5689,True,1.9319,4.7263,0.3103,3.0647,9.4925,14.9173,8.2838,16.3754,0.0,0.3958,0,False,placeholder_pending_replacement,42
TBI0007,sham,4,VID_TBI0007_4dpf,dlc_resnet50_placeholder,head|midline_1|midline_2|midline_3|midline_4|tail_tip,0.9,0.9051,1.0696,True,1.2865,3.3607,0.2498,4.588,9.3027,16.2455,37.0998,73.6146,0.0,0.2202,0,False,placeholder_pending_replacement,42
TBI0007,sham,5,VID_TBI0007_5dpf,dlc_resnet50_placeholder,head|midline_1|midline_2|midline_3|midline_4|tail_tip,0.9,0.9835,2.4488,True,1.2015,2.5687,0.23,3.9081,15.0029,22.7335,32.4091,62.8293,0.0,0.1445,1,False,placeholder_pending_replacement,42
TBI0007,sham,6,VID_TBI0007_6dpf,dlc_resnet50_placeholder,head|midline_1|midline_2|midline_3|midline_4|tail_tip,0.9,0.9237,0.0,True,1.2205,2.6701,0.2323,4.3061,18.8333,37.4761,22.221,40.4084,0.0598,0.2892,0,False,placeholder_pending_replacement,42
TBI0008,sham,4,VID_TBI0008_4dpf,dlc_resnet50_placeholder,head|midline_1|midline_2|midline_3|midline_4|tail_tip,0.9,0.9495,3.8365,True,1.7499,4.6805,0.2809,3.2018,18.3535,32.4881,28.4748,45.9552,0.0251,0.2008,0,False,placeholder_pending_replacement,42
TBI0008,sham,5,VID_TBI0008_5dpf,dlc_resnet50_placeholder,head|midline_1|midline_2|midline_3|midline_4|tail_tip,0.9,0.995,2.4168,True,1.5981,2.6858,0.2548,3.8154,15.8458,22.8399,18.1546,25.7052,0.0463,0.167,0,False,placeholder_pending_replacement,42
TBI0008,sham,6,VID_TBI0008_6dpf,dlc_resnet50_placeholder,head|midline_1|midline_2|midline_3|midline_4|tail_tip,0.9,0.9747,2.4328,True,1.6263,3.5314,0.2379,2.2881,16.5074,32.9536,34.7948,69.838,0.4012,0.3414,0,False,placeholder_pending_replacement,42
TBI0009,sham,4,VID_TBI0009_4dpf,dlc_resnet50_placeholder,head|midline_1|midline_2|midline_3|midline_4|tail_tip,0.9,0.979,2.3126,True,1.8616,2.9823,0.259,2.6599,13.8291,19.0628,40.3934,87.9157,0.0,0.2053,0,False,placeholder_pending_replacement,42
TBI0009,sham,5,VID_TBI0009_5dpf,dlc_resnet50_placeholder,head|midline_1|midline_2|midline_3|midline_4|tail_tip,0.9,0.972,3.1479,True,1.7648,2.89,0.2187,2.5446,15.3434,21.1347,32.4662,63.5732,0.1078,0.2478,0,False,placeholder_pending_replacement,42
TBI0009,sham,6,VID_TBI0009_6dpf,dlc_resnet50_placeholder,head|midline_1|midline_2|midline_3|midline_4|tail_tip,0.9,0.9809,4.428,True,2.0498,3.3531,0.3211,2.8029,16.5651,25.5522,37.117,52.5997,0.0908,0.335,0,False,placeholder_pending_replacement,42
TBI0010,sham,4,VID_TBI0010_4dpf,dlc_resnet50_placeholder,head|midline_1|midline_2|midline_3|midline_4|tail_tip,0.9,0.9337,3.9247,True,1.5532,4.0438,0.2812,4.0575,13.3913,17.5789,23.3406,45.1907,0.0,0.0789,0,False,placeholder_pending_replacement,42
TBI0010,sham,5,VID_TBI0010_5dpf,dlc_resnet50_placeholder,head|midline_1|midline_2|midline_3|midline_4|tail_tip,0.9,0.9718,0.2933,True,1.3882,2.5535,0.2814,3.3449,12.1158,23.0356,34.4916,76.6171,0.0,0.1299,0,False,placeholder_pending_replacement,42
TBI0010,sham,6,VID_TBI0010_6dpf,dlc_resnet50_placeholder,head|midline_1|midline_2|midline_3|midline_4|tail_tip,0.9,0.9627,3.0883,True,1.4586,3.3994,0.3342,6.3886,12.9922,22.1737,47.2405,83.5318,0.0257,0.3443,0,False,placeholder_pending_replacement,42
TBI0011,sham,4,VID_TBI0011_4dpf,dlc_resnet50_placeholder,head|midline_1|midline_2|midline_3|midline_4|tail_tip,0.9,0.9177,0.0,True,1.4361,2.8057,0.2437,3.9394,14.8366,27.2305,23.9369,52.3987,0.1359,0.1657,0,False,placeholder_pending_replacement,42
TBI0011,sham,5,VID_TBI0011_5dpf,dlc_resnet50_placeholder,head|midline_1|midline_2|midline_3|midline_4|tail_tip,0.9,0.9676,2.4756,True,1.4627,3.993,0.3172,3.1212,11.413,15.8009,35.831,79.0615,0.0,0.1891,0,False,placeholder_pending_replacement,42
TBI0011,sham,6,VID_TBI0011_6dpf,dlc_resnet50_placeholder,head|midline_1|midline_2|midline_3|midline_4|tail_tip,0.9,0.9592,2.9666,True,1.3072,3.5854,0.2754,3.2571,13.5015,22.1077,47.0574,106.2502,0.0,0.1962,0,False,placeholder_pending_replacement,42
TBI0012,sham,4,VID_TBI0012_4dpf,dlc_resnet50_placeholder,head|midline_1|midline_2|midline_3|midline_4|tail_tip,0.9,0.965,3.6977,True,1.6765,4.5409,0.2915,2.4888,11.8637,19.0601,42.9643,84.8594,0.0,0.2368,0,False,placeholder_pending_replacement,42
TBI0012,sham,5,VID_TBI0012_5dpf,dlc_resnet50_placeholder,head|midline_1|midline_2|midline_3|midline_4|tail_tip,0.9,0.9808,0.0,True,1.1533,2.8827,0.29,4.6024,9.4079,18.7618,33.8359,63.553,0.1377,0.2733,0,False,placeholder_pending_replacement,42
TBI0012,sham,6,VID_TBI0012_6dpf,dlc_resnet50_placeholder,head|midline_1|midline_2|midline_3|midline_4|tail_tip,0.9,0.7491,21.1731,False,1.7275,4.5481,0.2701,4.4423,16.0102,23.5779,29.0013,58.0334,0.141,0.1601,0,False,placeholder_pending_replacement,42
TBI0013,sham,4,VID_TBI0013_4dpf,dlc_resnet50_placeholder,head|midline_1|midline_2|midline_3|midline_4|tail_tip,0.9,0.9893,4.3368,True,1.4022,2.8057,0.2699,5.282,12.3267,18.1319,38.4454,85.4029,0.1284,0.2111,0,False,placeholder_pending_replacement,42
TBI0013,sham,5,VID_TBI0013_5dpf,dlc_resnet50_placeholder,head|midline_1|midline_2|midline_3|midline_4|tail_tip,0.9,0.995,2.6298,True,1.9571,3.4032,0.2495,5.4719,12.0669,18.9818,31.518,72.4519,0.0,0.2261,0,False,placeholder_pending_replacement,42
TBI0013,sham,6,VID_TBI0013_6dpf,dlc_resnet50_placeholder,head|midline_1|midline_2|midline_3|midline_4|tail_tip,0.9,0.995,6.2742,True,1.7329,4.8036,0.2575,3.2251,14.0255,21.3585,38.3595,69.6258,0.0489,0.1505,0,False,placeholder_pending_replacement,42
TBI0014,sham,4,VID_TBI0014_4dpf,dlc_resnet50_placeholder,head|midline_1|midline_2|midline_3|midline_4|tail_tip,0.9,0.7732,21.897,False,1.6486,2.9282,0.2255,4.5854,14.0093,26.6536,26.0015,55.6643,0.0,0.1419,0,False,placeholder_pending_replacement,42
TBI0014,sham,5,VID_TBI0014_5dpf,dlc_resnet50_placeholder,head|midline_1|midline_2|midline_3|midline_4|tail_tip,0.9,0.9718,1.5647,True,1.7432,3.6111,0.2913,3.5005,17.0571,32.6228,40.2416,91.6717,0.0494,0.2098,0,False,placeholder_pending_replacement,42
TBI0014,sham,6,VID_TBI0014_6dpf,dlc_resnet50_placeholder,head|midline_1|midline_2|midline_3|midline_4|tail_tip,0.9,0.932,4.6803,True,1.2706,2.1337,0.2662,1.9197,11.7141,15.2371,33.189,52.8054,0.0786,0.2497,0,False,placeholder_pending_replacement,42
TBI0015,sham,4,VID_TBI0015_4dpf,dlc_resnet50_placeholder,head|midline_1|midline_2|midline_3|midline_4|tail_tip,0.9,0.9528,2.3909,True,1.3678,2.3524,0.2397,3.074,11.3615,15.6241,50.2531,75.5702,0.0676,0.3007,1,False,placeholder_pending_replacement,42
TBI0015,sham,5,VID_TBI0015_5dpf,dlc_resnet50_placeholder,head|midline_1|midline_2|midline_3|midline_4|tail_tip,0.9,0.9805,6.2141,True,1.2356,2.8508,0.2167,4.1125,14.981,23.2366,25.6598,45.3614,0.0243,0.1974,0,False,placeholder_pending_replacement,42
TBI0015,sham,6,VID_TBI0015_6dpf,dlc_resnet50_placeholder,head|midline_1|midline_2|midline_3|midline_4|tail_tip,0.9,0.9621,0.9607,True,2.0371,4.7197,0.2483,5.2991,14.2922,25.2724,38.3662,55.5281,0.0,0.2423,1,False,placeholder_pending_replacement,42
TBI0016,sham,4,VID_TBI0016_4dpf,dlc_resnet50_placeholder,head|midline_1|midline_2|midline_3|midline_4|tail_tip,0.9,0.9861,0.0,True,2.111,3.8528,0.3071,4.2206,12.6828,21.7636,28.8434,63.1767,0.0,0.214,0,False,placeholder_pending_replacement,42
TBI0016,sham,5,VID_TBI0016_5dpf,dlc_resnet50_placeholder,head|midline_1|midline_2|midline_3|midline_4|tail_tip,0.9,0.951,2.7511,True,1.7083,2.8155,0.3526,3.7362,15.1281,24.5561,20.1196,37.6241,0.2105,0.3057,0,False,placeholder_pending_replacement,42
TBI0016,sham,6,VID_TBI0016_6dpf,dlc_resnet50_placeholder,head|midline_1|midline_2|midline_3|midline_4|tail_tip,0.9,0.9623,2.2437,True,1.6729,4.3579,0.2463,2.6579,20.9295,28.9299,34.6147,50.3244,0.0,0.2594,1,False,placeholder_pending_replacement,42
TBI0017,sham,4,VID_TBI0017_4dpf,dlc_resnet50_placeholder,head|midline_1|midline_2|midline_3|midline_4|tail_tip,0.9,0.995,0.0,True,1.1005,2.2711,0.2689,4.4739,15.6682,24.3346,33.4181,58.5604,0.0666,0.1797,0,False,placeholder_pending_replacement,42
TBI0017,sham,5,VID_TBI0017_5dpf,dlc_resnet50_placeholder,head|midline_1|midline_2|midline_3|midline_4|tail_tip,0.9,0.9813,2.7807,True,1.8811,4.817,0.2554,3.7347,12.525,21.699,27.3548,59.5712,0.1311,0.197,0,False,placeholder_pending_replacement,42
TBI0017,sham,6,VID_TBI0017_6dpf,dlc_resnet50_placeholder,head|midline_1|midline_2|midline_3|midline_4|tail_tip,0.9,0.8911,0.0559,False,2.9741,6.2639,0.0882,7.8713,23.0936,31.102,73.8956,142.889,0.3366,1.2414,1,False,placeholder_pending_replacement,42
TBI0018,sham,4,VID_TBI0018_4dpf,dlc_resnet50_placeholder,head|midline_1|midline_2|midline_3|midline_4|tail_tip,0.9,0.9085,2.3803,True,2.6898,4.6611,0.0688,7.1447,22.6971,44.6959,72.8759,112.1546,0.53,1.2166,1,False,placeholder_pending_replacement,42
TBI0018,sham,5,VID_TBI0018_5dpf,dlc_resnet50_placeholder,head|midline_1|midline_2|midline_3|midline_4|tail_tip,0.9,0.9508,1.4259,True,1.2499,2.2644,0.2541,2.5648,14.9684,24.3572,22.7993,39.9639,0.1339,0.2767,0,False,placeholder_pending_replacement,42
TBI0018,sham,6,VID_TBI0018_6dpf,dlc_resnet50_placeholder,head|midline_1|midline_2|midline_3|midline_4|tail_tip,0.9,0.9607,0.0,True,1.195,2.4961,0.1463,3.6956,13.4348,22.8086,28.6043,54.2608,0.1926,0.332,0,False,placeholder_pending_replacement,42
TBI0019,sham,4,VID_TBI0019_4dpf,dlc_resnet50_placeholder,head|midline_1|midline_2|midline_3|midline_4|tail_tip,0.9,0.9614,1.9375,True,1.3871,3.3475,0.2536,2.2113,12.1149,22.6564,26.1711,42.1808,0.1434,0.2668,0,False,placeholder_pending_replacement,42
TBI0019,sham,5,VID_TBI0019_5dpf,dlc_resnet50_placeholder,head|midline_1|midline_2|midline_3|midline_4|tail_tip,0.9,0.9064,4.8741,True,1.6468,3.4452,0.3235,3.8011,15.6506,25.598,26.3754,57.3833,0.0009,0.1562,0,False,placeholder_pending_replacement,42
TBI0019,sham,6,VID_TBI0019_6dpf,dlc_resnet50_placeholder,head|midline_1|midline_2|midline_3|midline_4|tail_tip,0.9,0.967,1.3082,True,1.6923,3.1639,0.2788,3.717,12.8486,24.3182,34.3058,60.3533,0.0,0.0887,0,False,placeholder_pending_replacement,42
TBI0020,sham,4,VID_TBI0020_4dpf,dlc_resnet50_placeholder,head|midline_1|midline_2|midline_3|midline_4|tail_tip,0.9,0.9535,4.2265,True,1.0557,2.3263,0.3138,4.0108,13.3887,22.1407,20.2311,38.9323,0.1005,0.2695,0,False,placeholder_pending_replacement,42
TBI0020,sham,5,VID_TBI0020_5dpf,dlc_resnet50_placeholder,head|midline_1|midline_2|midline_3|midline_4|tail_tip,0.9,0.9475,2.6035,True,1.5213,4.0469,0.3509,5.5488,11.9114,17.9972,33.7917,70.732,0.0203,0.2406,1,False,placeholder_pending_replacement,42
TBI0020,sham,6,VID_TBI0020_6dpf,dlc_resnet50_placeholder,head|midline_1|midline_2|midline_3|midline_4|tail_tip,0.9,0.9534,8.0241,True,1.7945,2.9297,0.2459,1.9557,9.8542,19.4221,27.745,56.5724,0.0,0.2876,0,False,placeholder_pending_replacement,42
TBI0021,sham,4,VID_TBI0021_4dpf,dlc_resnet50_placeholder,head|midline_1|midline_2|midline_3|midline_4|tail_tip,0.9,0.9659,2.6001,True,1.3644,3.038,0.3565,5.4656,14.2928,25.7117,24.4758,44.1213,0.0,0.2728,0,False,placeholder_pending_replacement,42
TBI0021,sham,5,VID_TBI0021_5dpf,dlc_resnet50_placeholder,head|midline_1|midline_2|midline_3|midline_4|tail_tip,0.9,0.995,7.7888,True,1.8,3.1718,0.2351,3.1954,12.0309,21.4809,27.4749,55.1497,0.1959,0.2633,0,False,placeholder_pending_replacement,42
TBI0021,sham,6,VID_TBI0021_6dpf,dlc_resnet50_placeholder,head|midline_1|midline_2|midline_3|midline_4|tail_tip,0.9,0.9674,0.0,True,1.8635,4.0851,0.2834,2.2492,14.632,23.8183,23.0286,52.1822,0.254,0.3271,1,False,placeholder_pending_replacement,42
TBI0022,sham,4,VID_TBI0022_4dpf,dlc_resnet50_placeholder,head|midline_1|midline_2|midline_3|midline_4|tail_tip,0.9,0.9718,2.7843,True,1.0121,2.3269,0.2915,3.9993,14.1191,28.1741,39.6859,90.9303,0.0,0.1854,0,False,placeholder_pending_replacement,42
TBI0022,sham,5,VID_TBI0022_5dpf,dlc_resnet50_placeholder,head|midline_1|midline_2|midline_3|midline_4|tail_tip,0.9,0.9276,0.0,True,1.6115,4.0468,0.2584,5.9218,11.2979,19.0685,27.3014,38.7418,0.0218,0.2137,0,False,placeholder_pending_replacement,42
TBI0022,sham,6,VID_TBI0022_6dpf,dlc_resnet50_placeholder,head|midline_1|midline_2|midline_3|midline_4|tail_tip,0.9,0.951,1.4444,True,1.6312,4.4756,0.2771,3.7283,16.0356,26.3921,29.0338,48.4935,0.0577,0.1112,0,False,placeholder_pending_replacement,42
TBI0023,sham,4,VID_TBI0023_4dpf,dlc_resnet50_placeholder,head|midline_1|midline_2|midline_3|midline_4|tail_tip,0.9,0.9801,2.5139,True,1.3872,3.804,0.2002,4.5889,12.6501,16.5518,23.3941,48.8169,0.0,0.2235,1,False,placeholder_pending_replacement,42
TBI0023,sham,5,VID_TBI0023_5dpf,dlc_resnet50_placeholder,head|midline_1|midline_2|midline_3|midline_4|tail_tip,0.9,0.9549,0.901,True,3.0346,5.6391,0.0763,8.242,24.9483,47.4441,78.9298,137.3679,0.4672,1.393,1,False,placeholder_pending_replacement,42
TBI0023,sham,6,VID_TBI0023_6dpf,dlc_resnet50_placeholder,head|midline_1|midline_2|midline_3|midline_4|tail_tip,0.9,0.9691,1.3909,True,2.8669,5.1123,0.1397,7.6681,30.7242,54.7282,62.3784,89.9893,0.3042,1.1942,1,False,placeholder_pending_replacement,42
TBI0024,sham,4,VID_TBI0024_4dpf,dlc_resnet50_placeholder,head|midline_1|midline_2|midline_3|midline_4|tail_tip,0.9,0.9748,3.9997,True,1.4794,3.4347,0.2346,3.6232,14.5951,26.7776,25.8623,42.8364,0.0,0.1242,0,False,placeholder_pending_replacement,42
TBI0024,sham,5,VID_TBI0024_5dpf,dlc_resnet50_placeholder,head|midline_1|midline_2|midline_3|midline_4|tail_tip,0.9,0.9485,4.0801,True,1.1959,2.6345,0.35,4.8564,13.9694,27.6566,44.7218,73.0285,0.0455,0.3079,1,False,placeholder_pending_replacement,42
TBI0024,sham,6,VID_TBI0024_6dpf,dlc_resnet50_placeholder,head|midline_1|midline_2|midline_3|midline_4|tail_tip,0.9,0.9305,0.6125,True,1.829,3.3958,0.2253,4.383,16.7679,32.3632,37.2803,63.6891,0.3266,0.3191,0,False,placeholder_pending_replacement,42
TBI0025,sham,4,VID_TBI0025_4dpf,dlc_resnet50_placeholder,head|midline_1|midline_2|midline_3|midline_4|tail_tip,0.9,0.9664,0.0,True,1.5409,3.1777,0.2939,3.7452,12.9735,19.9443,20.7447,35.165,0.0,0.1286,0,False,placeholder_pending_replacement,42
TBI0025,sham,5,VID_TBI0025_5dpf,dlc_resnet50_placeholder,head|midline_1|midline_2|midline_3|midline_4|tail_tip,0.9,0.9221,1.2296,True,1.5765,3.9794,0.3053,5.1321,11.5864,21.5444,17.5348,34.0556,0.267,0.3258,0,False,placeholder_pending_replacement,42
TBI0025,sham,6,VID_TBI0025_6dpf,dlc_resnet50_placeholder,head|midline_1|midline_2|midline_3|midline_4|tail_tip,0.9,0.9756,5.1506,True,1.5624,4.318,0.2336,4.088,13.9159,25.7348,33.5455,76.1761,0.373,0.1858,0,False,placeholder_pending_replacement,42
TBI0026,sham,4,VID_TBI0026_4dpf,dlc_resnet50_placeholder,head|midline_1|midline_2|midline_3|midline_4|tail_tip,0.9,0.9819,1.1635,True,1.7548,3.027,0.2319,2.6018,14.6729,29.3434,36.8077,66.6152,0.0732,0.2299,0,False,placeholder_pending_replacement,42
TBI0026,sham,5,VID_TBI0026_5dpf,dlc_resnet50_placeholder,head|midline_1|midline_2|midline_3|midline_4|tail_tip,0.9,0.9399,0.0,True,1.6847,2.9714,0.2928,4.7839,12.8798,19.6302,48.9691,84.7906,0.0575,0.2377,0,False,placeholder_pending_replacement,42
TBI0026,sham,6,VID_TBI0026_6dpf,dlc_resnet50_placeholder,head|midline_1|midline_2|midline_3|midline_4|tail_tip,0.9,0.9848,4.9551,True,1.7193,2.9424,0.3186,3.6173,12.6315,21.3903,35.5012,53.7456,0.1177,0.1973,0,False,placeholder_pending_replacement,42
TBI0027,sham,4,VID_TBI0027_4dpf,dlc_resnet50_placeholder,head|midline_1|midline_2|midline_3|midline_4|tail_tip,0.9,0.9302,4.8737,True,1.2577,2.072,0.2682,3.8827,11.2925,20.4387,29.5602,42.5329,0.2167,0.2014,0,False,placeholder_pending_replacement,42
TBI0027,sham,5,VID_TBI0027_5dpf,dlc_resnet50_placeholder,head|midline_1|midline_2|midline_3|midline_4|tail_tip,0.9,0.9536,3.716,True,1.5887,3.3107,0.2612,4.6209,16.3681,22.1983,36.8676,60.3323,0.0,0.1214,0,False,placeholder_pending_replacement,42
TBI0027,sham,6,VID_TBI0027_6dpf,dlc_resnet50_placeholder,head|midline_1|midline_2|midline_3|midline_4|tail_tip,0.9,0.7677,16.042,False,2.9306,6.617,0.1824,10.2061,35.7176,57.0899,66.0,139.6542,0.2688,1.3906,1,False,placeholder_pending_replacement,42
TBI0028,sham,4,VID_TBI0028_4dpf,dlc_resnet50_placeholder,head|midline_1|midline_2|midline_3|midline_4|tail_tip,0.9,0.9424,0.0,True,1.5533,2.5013,0.1627,4.6717,7.3416,9.7869,43.7595,91.2835,0.0471,0.3624,0,False,placeholder_pending_replacement,42
TBI0028,sham,5,VID_TBI0028_5dpf,dlc_resnet50_placeholder,head|midline_1|midline_2|midline_3|midline_4|tail_tip,0.9,0.94,2.025,True,2.7181,5.9379,0.0316,9.1951,28.972,39.8394,81.6741,131.7429,0.6014,1.5615,1,False,placeholder_pending_replacement,42
TBI0028,sham,6,VID_TBI0028_6dpf,dlc_resnet50_placeholder,head|midline_1|midline_2|midline_3|midline_4|tail_tip,0.9,0.9826,0.0,True,3.2415,7.0589,0.1024,6.9086,30.0057,51.0126,80.9848,116.9555,0.3428,1.3862,1,False,placeholder_pending_replacement,42
TBI0029,sham,4,VID_TBI0029_4dpf,dlc_resnet50_placeholder,head|midline_1|midline_2|midline_3|midline_4|tail_tip,0.9,0.9185,2.1824,True,1.1464,1.9036,0.3199,5.7638,11.7651,16.4723,26.9433,42.4013,0.1186,0.3484,0,False,placeholder_pending_replacement,42
TBI0029,sham,5,VID_TBI0029_5dpf,dlc_resnet50_placeholder,head|midline_1|midline_2|midline_3|midline_4|tail_tip,0.9,0.7685,19.6917,False,1.5696,3.0335,0.2957,2.7369,16.2191,21.6902,38.5547,86.6062,0.4366,0.3264,0,False,placeholder_pending_replacement,42
TBI0029,sham,6,VID_TBI0029_6dpf,dlc_resnet50_placeholder,head|midline_1|midline_2|midline_3|midline_4|tail_tip,0.9,0.9659,0.0,True,1.7353,4.2145,0.2707,3.4007,12.7003,16.6569,34.622,78.3247,0.1135,0.1479,0,False,placeholder_pending_replacement,42
TBI0030,sham,4,VID_TBI0030_4dpf,dlc_resnet50_placeholder,head|midline_1|midline_2|midline_3|midline_4|tail_tip,0.9,0.988,6.1477,True,1.3965,3.2466,0.3254,4.719,14.7467,23.2592,40.0693,57.5848,0.0975,0.2309,0,False,placeholder_pending_replacement,42
TBI0030,sham,5,VID_TBI0030_5dpf,dlc_resnet50_placeholder,head|midline_1|midline_2|midline_3|midline_4|tail_tip,0.9,0.9711,3.1201,True,1.7411,3.0456,0.2668,3.5172,17.2471,25.9874,27.6641,61.4693,0.2037,0.2182,0,False,placeholder_pending_replacement,42
TBI0030,sham,6,VID_TBI0030_6dpf,dlc_resnet50_placeholder,head|midline_1|midline_2|midline_3|midline_4|tail_tip,0.9,0.995,6.0783,True,1.5197,4.0317,0.2505,1.2895,15.1671,29.9053,28.9597,46.4949,0.0,0.2177,0,False,placeholder_pending_replacement,42
TBI0031,sham,4,VID_TBI0031_4dpf,dlc_resnet50_placeholder,head|midline_1|midline_2|midline_3|midline_4|tail_tip,0.9,0.9806,0.9668,True,1.5257,3.2103,0.2853,4.5983,16.9831,31.7539,32.6617,67.6138,0.2456,0.192,1,False,placeholder_pending_replacement,42
TBI0031,sham,5,VID_TBI0031_5dpf,dlc_resnet50_placeholder,head|midline_1|midline_2|midline_3|midline_4|tail_tip,0.9,0.9648,4.8468,True,1.1774,2.9372,0.1949,5.0708,12.1911,18.7616,28.8622,61.2028,0.0,0.2753,0,False,placeholder_pending_replacement,42
TBI0031,sham,6,VID_TBI0031_6dpf,dlc_resnet50_placeholder,head|midline_1|midline_2|midline_3|midline_4|tail_tip,0.9,0.9628,0.6673,True,1.7426,3.7675,0.3243,3.572,13.3581,25.7109,37.3143,59.9624,0.0,0.1709,0,False,placeholder_pending_replacement,42
TBI0032,sham,4,VID_TBI0032_4dpf,dlc_resnet50_placeholder,head|midline_1|midline_2|midline_3|midline_4|tail_tip,0.9,0.9823,5.9592,True,1.1499,2.4747,0.251,4.1544,12.8014,18.2684,29.829,55.9789,0.0168,0.1531,0,False,placeholder_pending_replacement,42
TBI0032,sham,5,VID_TBI0032_5dpf,dlc_resnet50_placeholder,head|midline_1|midline_2|midline_3|midline_4|tail_tip,0.9,0.9686,3.6651,True,1.1917,2.0505,0.2236,3.9177,12.9028,19.6257,43.1931,63.2869,0.1727,0.277,0,False,placeholder_pending_replacement,42
TBI0032,sham,6,VID_TBI0032_6dpf,dlc_resnet50_placeholder,head|midline_1|midline_2|midline_3|midline_4|tail_tip,0.9,0.9424,2.427,True,2.7459,4.641,0.1379,10.6769,22.7962,41.4407,73.4372,168.1419,0.2563,1.256,2,False,placeholder_pending_replacement,42
TBI0033,sham,4,VID_TBI0033_4dpf,dlc_resnet50_placeholder,head|midline_1|midline_2|midline_3|midline_4|tail_tip,0.9,0.981,3.5294,True,1.2554,2.0901,0.2876,3.4883,9.1428,18.0031,32.911,75.1253,0.1926,0.2614,0,False,placeholder_pending_replacement,42
TBI0033,sham,5,VID_TBI0033_5dpf,dlc_resnet50_placeholder,head|midline_1|midline_2|midline_3|midline_4|tail_tip,0.9,0.9746,3.0078,True,1.4201,2.9202,0.2909,2.6859,18.5135,29.6572,26.7114,56.99,0.1002,0.2651,0,False,placeholder_pending_replacement,42
TBI0033,sham,6,VID_TBI0033_6dpf,dlc_resnet50_placeholder,head|midline_1|midline_2|midline_3|midline_4|tail_tip,0.9,0.9559,1.8749,True,1.3105,2.0983,0.2749,6.244,8.2533,11.6645,34.2267,50.7995,0.0,0.2894,0,False,placeholder_pending_replacement,42
TBI0034,sham,4,VID_TBI0034_4dpf,dlc_resnet50_placeholder,head|midline_1|midline_2|midline_3|midline_4|tail_tip,0.9,0.9833,1.3379,True,1.7052,3.0336,0.2804,5.5552,14.2262,23.8057,30.657,61.5029,0.1954,0.208,0,False,placeholder_pending_replacement,42
TBI0034,sham,5,VID_TBI0034_5dpf,dlc_resnet50_placeholder,head|midline_1|midline_2|midline_3|midline_4|tail_tip,0.9,0.9189,1.3095,True,2.4067,4.5572,0.2211,2.3654,15.5304,20.3112,44.2345,101.2069,0.0303,0.4359,0,False,placeholder_pending_replacement,42
TBI0034,sham,6,VID_TBI0034_6dpf,dlc_resnet50_placeholder,head|midline_1|midline_2|midline_3|midline_4|tail_tip,0.9,0.9434,4.5788,True,1.6681,3.8175,0.2658,3.1379,12.0133,17.1588,22.3168,40.6661,0.1766,0.2271,0,False,placeholder_pending_replacement,42
TBI0035,sham,4,VID_TBI0035_4dpf,dlc_resnet50_placeholder,head|midline_1|midline_2|midline_3|midline_4|tail_tip,0.9,0.9572,1.1585,True,1.1936,2.0502,0.241,3.1209,16.6957,31.3954,38.4058,74.3031,0.0643,0.2621,1,False,placeholder_pending_replacement,42
TBI0035,sham,5,VID_TBI0035_5dpf,dlc_resnet50_placeholder,head|midline_1|midline_2|midline_3|midline_4|tail_tip,0.9,0.9783,3.0504,True,1.8774,4.9406,0.2174,4.9813,13.1163,22.5822,11.8712,20.6582,0.0,0.3199,0,False,placeholder_pending_replacement,42
TBI0035,sham,6,VID_TBI0035_6dpf,dlc_resnet50_placeholder,head|midline_1|midline_2|midline_3|midline_4|tail_tip,0.9,0.9715,0.0,True,1.3304,3.1142,0.2644,3.2069,20.899,29.3874,31.2822,49.8642,0.2672,0.3048,0,False,placeholder_pending_replacement,42
TBI0036,sham,4,VID_TBI0036_4dpf,dlc_resnet50_placeholder,head|midline_1|midline_2|midline_3|midline_4|tail_tip,0.9,0.9545,3.0611,True,1.4205,2.6227,0.1812,5.3784,13.1888,21.3333,37.917,71.7441,0.3976,0.3906,0,False,placeholder_pending_replacement,42
TBI0036,sham,5,VID_TBI0036_5dpf,dlc_resnet50_placeholder,head|midline_1|midline_2|midline_3|midline_4|tail_tip,0.9,0.9626,0.9633,True,1.522,3.2596,0.2957,2.4016,15.0714,26.2651,40.7327,62.8727,0.0979,0.2277,0,False,placeholder_pending_replacement,42
TBI0036,sham,6,VID_TBI0036_6dpf,dlc_resnet50_placeholder,head|midline_1|midline_2|midline_3|midline_4|tail_tip,0.9,0.9577,2.8091,True,1.4171,2.5617,0.2398,3.5895,17.5354,35.0218,33.5939,48.9563,0.4155,0.2934,0,False,placeholder_pending_replacement,42
TBI0037,sham,4,VID_TBI0037_4dpf,dlc_resnet50_placeholder,head|midline_1|midline_2|midline_3|midline_4|tail_tip,0.9,0.9367,5.7227,True,1.5931,3.9078,0.3136,5.6096,12.0048,23.8801,39.499,79.4013,0.0,0.2282,0,False,placeholder_pending_replacement,42
TBI0037,sham,5,VID_TBI0037_5dpf,dlc_resnet50_placeholder,head|midline_1|midline_2|midline_3|midline_4|tail_tip,0.9,0.9822,4.0014,True,1.7597,4.783,0.24,3.8008,11.5276,21.1307,22.0101,49.0927,0.0734,0.2156,0,False,placeholder_pending_replacement,42
TBI0037,sham,6,VID_TBI0037_6dpf,dlc_resnet50_placeholder,head|midline_1|midline_2|midline_3|midline_4|tail_tip,0.9,0.995,3.3261,True,1.3281,3.2043,0.2598,4.3318,12.8067,18.3953,34.9786,69.3725,0.1537,0.1657,0,False,placeholder_pending_replacement,42
TBI0038,sham,4,VID_TBI0038_4dpf,dlc_resnet50_placeholder,head|midline_1|midline_2|midline_3|midline_4|tail_tip,0.9,0.9745,0.6285,True,1.8235,3.5931,0.2718,5.0099,8.7161,14.7801,38.9047,55.9713,0.0483,0.2605,0,False,placeholder_pending_replacement,42
TBI0038,sham,5,VID_TBI0038_5dpf,dlc_resnet50_placeholder,head|midline_1|midline_2|midline_3|midline_4|tail_tip,0.9,0.788,20.2459,False,1.3894,3.2879,0.3224,3.6019,17.3135,30.1243,35.4317,63.0312,0.0,0.1936,0,False,placeholder_pending_replacement,42
TBI0038,sham,6,VID_TBI0038_6dpf,dlc_resnet50_placeholder,head|midline_1|midline_2|midline_3|midline_4|tail_tip,0.9,0.9529,4.0007,True,1.5324,2.9887,0.2977,2.1114,12.6534,17.016,44.079,90.9664,0.0,0.2359,0,False,placeholder_pending_replacement,42
TBI0039,sham,4,VID_TBI0039_4dpf,dlc_resnet50_placeholder,head|midline_1|midline_2|midline_3|midline_4|tail_tip,0.9,0.9749,0.0,True,1.3046,3.1391,0.2548,4.1397,10.7235,19.912,34.6442,66.8862,0.2779,0.24,0,False,placeholder_pending_replacement,42
TBI0039,sham,5,VID_TBI0039_5dpf,dlc_resnet50_placeholder,head|midline_1|midline_2|midline_3|midline_4|tail_tip,0.9,0.9526,4.0187,True,1.8325,4.8126,0.2089,5.3952,12.7816,18.0761,23.772,44.1332,0.0,0.2785,0,False,placeholder_pending_replacement,42
TBI0039,sham,6,VID_TBI0039_6dpf,dlc_resnet50_placeholder,head|midline_1|midline_2|midline_3|midline_4|tail_tip,0.9,0.9691,4.5134,True,1.7917,3.9921,0.2627,3.129,17.4058,33.6809,38.1911,83.6459,0.0,0.201,0,False,placeholder_pending_replacement,42
TBI0040,sham,4,VID_TBI0040_4dpf,dlc_resnet50_placeholder,head|midline_1|midline_2|midline_3|midline_4|tail_tip,0.9,0.9856,1.0274,True,1.4849,4.1304,0.2815,4.2309,15.6179,23.0135,24.6636,36.2149,0.0304,0.1209,0,False,placeholder_pending_replacement,42
TBI0040,sham,5,VID_TBI0040_5dpf,dlc_resnet50_placeholder,head|midline_1|midline_2|midline_3|midline_4|tail_tip,0.9,0.9409,2.1882,True,1.1198,2.8558,0.2035,3.2409,13.9752,22.5811,27.134,57.2691,0.12,0.2803,0,False,placeholder_pending_replacement,42
TBI0040,sham,6,VID_TBI0040_6dpf,dlc_resnet50_placeholder,head|midline_1|midline_2|midline_3|midline_4|tail_tip,0.9,0.9338,4.3613,True,1.0297,2.4833,0.2478,4.5187,16.4748,30.0219,26.2956,41.7517,0.1883,0.3017,0,False,placeholder_pending_replacement,42
TBI0041,sham,4,VID_TBI0041_4dpf,dlc_resnet50_placeholder,head|midline_1|midline_2|midline_3|midline_4|tail_tip,0.9,0.9565,3.0357,True,1.6551,2.9901,0.2871,4.6826,19.6314,32.9876,38.3401,80.0862,0.0,0.2118,0,False,placeholder_pending_replacement,42
TBI0041,sham,5,VID_TBI0041_5dpf,dlc_resnet50_placeholder,head|midline_1|midline_2|midline_3|midline_4|tail_tip,0.9,0.9675,0.0,True,1.7519,3.7932,0.3358,2.9001,14.709,24.0647,24.4547,56.1941,0.0,0.2382,0,False,placeholder_pending_replacement,42
TBI0041,sham,6,VID_TBI0041_6dpf,dlc_resnet50_placeholder,head|midline_1|midline_2|midline_3|midline_4|tail_tip,0.9,0.9716,2.9969,True,1.4103,2.7761,0.31,5.2672,17.9301,28.9036,38.9947,65.9045,0.193,0.3186,0,False,placeholder_pending_replacement,42
TBI0042,sham,4,VID_TBI0042_4dpf,dlc_resnet50_placeholder,head|midline_1|midline_2|midline_3|midline_4|tail_tip,0.9,0.9635,2.8277,True,1.693,4.6095,0.2073,3.1867,17.2272,22.4436,34.8541,53.2876,0.0,0.2204,0,False,placeholder_pending_replacement,42
TBI0042,sham,5,VID_TBI0042_5dpf,dlc_resnet50_placeholder,head|midline_1|midline_2|midline_3|midline_4|tail_tip,0.9,0.9583,1.3721,True,1.4562,4.0165,0.3088,2.9416,14.5311,24.982,34.816,61.7676,0.0,0.1502,0,False,placeholder_pending_replacement,42
TBI0042,sham,6,VID_TBI0042_6dpf,dlc_resnet50_placeholder,head|midline_1|midline_2|midline_3|midline_4|tail_tip,0.9,0.9741,2.6407,True,2.0194,3.7465,0.3023,2.4526,15.4718,29.951,38.8069,85.4145,0.1361,0.3326,0,False,placeholder_pending_replacement,42
TBI0043,sham,4,VID_TBI0043_4dpf,dlc_resnet50_placeholder,head|midline_1|midline_2|midline_3|midline_4|tail_tip,0.9,0.9668,4.5734,True,1.3901,2.378,0.1901,5.8149,16.9047,28.3963,51.3424,106.6257,0.0,0.3928,0,False,placeholder_pending_replacement,42
TBI0043,sham,5,VID_TBI0043_5dpf,dlc_resnet50_placeholder,head|midline_1|midline_2|midline_3|midline_4|tail_tip,0.9,0.9948,1.3638,True,1.5321,3.3981,0.361,4.0602,11.2218,21.2734,41.8155,74.7755,0.1209,0.2604,0,False,placeholder_pending_replacement,42
TBI0043,sham,6,VID_TBI0043_6dpf,dlc_resnet50_placeholder,head|midline_1|midline_2|midline_3|midline_4|tail_tip,0.9,0.9423,2.8095,True,1.6219,3.1975,0.3084,4.9348,15.8699,22.8556,34.7835,51.3534,0.0,0.1604,0,False,placeholder_pending_replacement,42
TBI0044,sham,4,VID_TBI0044_4dpf,dlc_resnet50_placeholder,head|midline_1|midline_2|midline_3|midline_4|tail_tip,0.9,0.995,5.7704,True,1.7072,4.2845,0.2762,3.4172,10.8495,21.4091,34.1422,50.4102,0.0,0.1377,0,False,placeholder_pending_replacement,42
TBI0044,sham,5,VID_TBI0044_5dpf,dlc_resnet50_placeholder,head|midline_1|midline_2|midline_3|midline_4|tail_tip,0.9,0.9435,4.4921,True,1.5102,2.7017,0.2575,4.6116,16.0046,28.2684,30.8234,60.6182,0.0329,0.1085,0,False,placeholder_pending_replacement,42
TBI0044,sham,6,VID_TBI0044_6dpf,dlc_resnet50_placeholder,head|midline_1|midline_2|midline_3|midline_4|tail_tip,0.9,0.9875,1.2008,True,2.6055,4.2937,0.0959,6.7791,29.8954,55.5014,94.3976,156.1979,0.2913,1.315,1,False,placeholder_pending_replacement,42
TBI0045,sham,4,VID_TBI0045_4dpf,dlc_resnet50_placeholder,head|midline_1|midline_2|midline_3|midline_4|tail_tip,0.9,0.9179,3.6252,True,3.1677,5.8426,0.1546,10.4176,25.191,34.7149,64.7486,97.6338,0.4236,1.3536,1,False,placeholder_pending_replacement,42
TBI0045,sham,5,VID_TBI0045_5dpf,dlc_resnet50_placeholder,head|midline_1|midline_2|midline_3|midline_4|tail_tip,0.9,0.969,2.5825,True,4.1607,7.3728,0.0363,14.7131,44.9033,83.8437,125.8633,256.0546,1.33,2.9344,2,False,placeholder_pending_replacement,42
TBI0045,sham,6,VID_TBI0045_6dpf,dlc_resnet50_placeholder,head|midline_1|midline_2|midline_3|midline_4|tail_tip,0.9,0.9615,2.0989,True,2.7791,6.4012,0.2265,8.7688,25.6757,42.5476,83.4488,119.5339,0.3951,1.2054,1,False,placeholder_pending_replacement,42
TBI0046,sham,4,VID_TBI0046_4dpf,dlc_resnet50_placeholder,head|midline_1|midline_2|midline_3|midline_4|tail_tip,0.9,0.9729,4.0383,True,1.75,4.259,0.2167,6.1356,8.8527,13.2056,23.2596,39.7827,0.0868,0.3905,0,False,placeholder_pending_replacement,42
TBI0046,sham,5,VID_TBI0046_5dpf,dlc_resnet50_placeholder,head|midline_1|midline_2|midline_3|midline_4|tail_tip,0.9,0.9807,0.0,True,1.4342,4.0093,0.2582,3.0564,10.3535,20.5593,20.6919,36.8476,0.0,0.2187,1,False,placeholder_pending_replacement,42
TBI0046,sham,6,VID_TBI0046_6dpf,dlc_resnet50_placeholder,head|midline_1|midline_2|midline_3|midline_4|tail_tip,0.9,0.9571,0.3764,True,0.9237,1.7556,0.259,3.5887,12.0461,19.4778,33.771,49.9461,0.0832,0.2373,0,False,placeholder_pending_replacement,42
TBI0047,sham,4,VID_TBI0047_4dpf,dlc_resnet50_placeholder,head|midline_1|midline_2|midline_3|midline_4|tail_tip,0.9,0.9633,1.903,True,1.5358,3.1332,0.3289,1.439,13.8336,24.9319,31.6792,71.4254,0.0,0.22,0,False,placeholder_pending_replacement,42
TBI0047,sham,5,VID_TBI0047_5dpf,dlc_resnet50_placeholder,head|midline_1|midline_2|midline_3|midline_4|tail_tip,0.9,0.9836,4.5055,True,1.6114,3.3645,0.2806,6.211,11.995,21.0446,34.3688,65.8708,0.07,0.2191,0,False,placeholder_pending_replacement,42
TBI0047,sham,6,VID_TBI0047_6dpf,dlc_resnet50_placeholder,head|midline_1|midline_2|midline_3|midline_4|tail_tip,0.9,0.9573,2.1003,True,1.3681,3.1079,0.2136,4.3292,16.6857,25.2635,34.1866,75.7805,0.3782,0.3072,0,False,placeholder_pending_replacement,42
TBI0048,sham,4,VID_TBI0048_4dpf,dlc_resnet50_placeholder,head|midline_1|midline_2|midline_3|midline_4|tail_tip,0.9,0.969,7.6375,True,1.5027,3.1751,0.2788,2.4084,12.6151,20.9061,36.6981,68.1986,0.1152,0.1982,0,False,placeholder_pending_replacement,42
TBI0048,sham,5,VID_TBI0048_5dpf,dlc_resnet50_placeholder,head|midline_1|midline_2|midline_3|midline_4|tail_tip,0.9,0.9487,1.4175,True,1.6552,3.2049,0.309,4.9275,15.7662,29.9874,31.2127,54.832,0.0592,0.1737,0,False,placeholder_pending_replacement,42
TBI0048,sham,6,VID_TBI0048_6dpf,dlc_resnet50_placeholder,head|midline_1|midline_2|midline_3|midline_4|tail_tip,0.9,0.995,2.9355,True,1.4462,3.17,0.3162,3.9743,11.5452,15.6615,18.27,37.4775,0.0,0.2007,0,False,placeholder_pending_replacement,42
TBI0049,sham,4,VID_TBI0049_4dpf,dlc_resnet50_placeholder,head|midline_1|midline_2|midline_3|midline_4|tail_tip,0.9,0.9833,0.6,True,1.3236,2.4064,0.2426,5.465,16.924,22.1681,26.349,44.8201,0.0,0.2435,0,False,placeholder_pending_replacement,42
TBI0049,sham,5,VID_TBI0049_5dpf,dlc_resnet50_placeholder,head|midline_1|midline_2|midline_3|midline_4|tail_tip,0.9,0.9621,0.0,True,2.5171,4.6188,0.2828,3.5052,18.2601,33.9663,17.2717,29.4696,0.0351,0.4146,0,False,placeholder_pending_replacement,42
TBI0049,sham,6,VID_TBI0049_6dpf,dlc_resnet50_placeholder,head|midline_1|midline_2|midline_3|midline_4|tail_tip,0.9,0.9522,3.7019,True,1.5236,4.0043,0.2927,5.38,15.8212,23.7693,32.5893,66.1565,0.0,0.143,0,False,placeholder_pending_replacement,42
TBI0050,sham,4,VID_TBI0050_4dpf,dlc_resnet50_placeholder,head|midline_1|midline_2|midline_3|midline_4|tail_tip,0.9,0.9586,2.8195,True,0.9786,1.9699,0.2843,2.9482,8.0325,15.7275,36.3249,71.3675,0.3592,0.4395,0,False,placeholder_pending_replacement,42
TBI0050,sham,5,VID_TBI0050_5dpf,dlc_resnet50_placeholder,head|midline_1|midline_2|midline_3|midline_4|tail_tip,0.9,0.941,5.8971,True,1.6673,2.8083,0.2879,6.5352,11.9949,15.7464,39.2393,55.8161,0.206,0.3317,0,False,placeholder_pending_replacement,42
TBI0050,sham,6,VID_TBI0050_6dpf,dlc_resnet50_placeholder,head|midline_1|midline_2|midline_3|midline_4|tail_tip,0.9,0.9929,6.1245,True,1.475,3.5274,0.2505,4.6271,8.4905,16.855,25.6757,53.1547,0.177,0.2621,0,False,placeholder_pending_replacement,42
TBI0051,sham,4,VID_TBI0051_4dpf,dlc_resnet50_placeholder,head|midline_1|midline_2|midline_3|midline_4|tail_tip,0.9,0.948,2.5131,True,1.9444,4.6355,0.1557,5.0372,12.6088,19.563,28.7173,51.5529,0.2908,0.4155,0,False,placeholder_pending_replacement,42
TBI0051,sham,5,VID_TBI0051_5dpf,dlc_resnet50_placeholder,head|midline_1|midline_2|midline_3|midline_4|tail_tip,0.9,0.7793,17.8843,False,2.1357,3.8792,0.2851,0.9085,14.9789,25.9062,32.303,51.8655,0.027,0.3389,0,False,placeholder_pending_replacement,42
TBI0051,sham,6,VID_TBI0051_6dpf,dlc_resnet50_placeholder,head|midline_1|midline_2|midline_3|midline_4|tail_tip,0.9,0.963,1.7334,True,1.3106,2.1288,0.2768,3.3878,14.0871,26.6186,30.001,68.2913,0.0,0.1054,0,False,placeholder_pending_replacement,42
TBI0052,sham,4,VID_TBI0052_4dpf,dlc_resnet50_placeholder,head|midline_1|midline_2|midline_3|midline_4|tail_tip,0.9,0.995,4.7264,True,1.6755,3.6041,0.2619,3.8216,16.2084,28.286,19.5623,41.3033,0.0,0.1565,1,False,placeholder_pending_replacement,42
TBI0052,sham,5,VID_TBI0052_5dpf,dlc_resnet50_placeholder,head|midline_1|midline_2|midline_3|midline_4|tail_tip,0.9,0.9479,6.2036,True,1.6201,3.217,0.273,3.3963,10.9578,18.7629,21.8672,40.764,0.0122,0.1668,0,False,placeholder_pending_replacement,42
TBI0052,sham,6,VID_TBI0052_6dpf,dlc_resnet50_placeholder,head|midline_1|midline_2|midline_3|midline_4|tail_tip,0.9,0.9276,2.6831,True,1.1519,2.764,0.2387,2.6949,16.1826,30.8437,33.3652,50.9583,0.0,0.2372,0,False,placeholder_pending_replacement,42
TBI0053,sham,4,VID_TBI0053_4dpf,dlc_resnet50_placeholder,head|midline_1|midline_2|midline_3|midline_4|tail_tip,0.9,0.9703,3.6397,True,1.1736,1.9301,0.2883,4.7668,21.4076,36.1282,27.0253,51.8424,0.0,0.2958,0,False,placeholder_pending_replacement,42
TBI0053,sham,5,VID_TBI0053_5dpf,dlc_resnet50_placeholder,head|midline_1|midline_2|midline_3|midline_4|tail_tip,0.9,0.995,0.4891,True,1.659,3.0751,0.2797,3.9455,15.2932,30.3513,33.8351,60.6037,0.0295,0.0796,0,False,placeholder_pending_replacement,42
TBI0053,sham,6,VID_TBI0053_6dpf,dlc_resnet50_placeholder,head|midline_1|midline_2|midline_3|midline_4|tail_tip,0.9,0.9463,3.0008,True,1.7599,4.798,0.2246,2.8078,15.8166,27.6318,29.901,66.0704,0.0,0.2067,0,False,placeholder_pending_replacement,42
TBI0054,sham,4,VID_TBI0054_4dpf,dlc_resnet50_placeholder,head|midline_1|midline_2|midline_3|midline_4|tail_tip,0.9,0.9408,4.0424,True,1.2939,2.2635,0.2835,2.5614,16.0717,25.5815,40.4627,88.3335,0.0636,0.2555,0,False,placeholder_pending_replacement,42
TBI0054,sham,5,VID_TBI0054_5dpf,dlc_resnet50_placeholder,head|midline_1|midline_2|midline_3|midline_4|tail_tip,0.9,0.9761,2.5743,True,1.6392,4.5836,0.2598,4.6516,14.3543,22.156,7.4158,12.2876,0.0486,0.2354,0,False,placeholder_pending_replacement,42
TBI0054,sham,6,VID_TBI0054_6dpf,dlc_resnet50_placeholder,head|midline_1|midline_2|midline_3|midline_4|tail_tip,0.9,0.9839,4.7111,True,1.9704,4.4932,0.1932,3.4041,16.5455,23.7537,44.3672,75.8807,0.0584,0.3476,0,False,placeholder_pending_replacement,42
TBI0055,sham,4,VID_TBI0055_4dpf,dlc_resnet50_placeholder,head|midline_1|midline_2|midline_3|midline_4|tail_tip,0.9,0.9747,1.6125,True,2.3148,3.8048,0.2966,2.5622,13.8742,22.3407,32.5396,63.6285,0.1554,0.328,0,False,placeholder_pending_replacement,42
TBI0055,sham,5,VID_TBI0055_5dpf,dlc_resnet50_placeholder,head|midline_1|midline_2|midline_3|midline_4|tail_tip,0.9,0.9757,1.8143,True,1.3161,2.1127,0.2674,3.0054,14.5101,23.399,30.11,42.3182,0.0,0.1269,0,False,placeholder_pending_replacement,42
TBI0055,sham,6,VID_TBI0055_6dpf,dlc_resnet50_placeholder,head|midline_1|midline_2|midline_3|midline_4|tail_tip,0.9,0.9376,6.3511,True,1.7063,3.6246,0.2768,4.3581,17.9627,25.9761,35.0565,50.5324,0.1478,0.1941,0,False,placeholder_pending_replacement,42
TBI0056,sham,4,VID_TBI0056_4dpf,dlc_resnet50_placeholder,head|midline_1|midline_2|midline_3|midline_4|tail_tip,0.9,0.9788,3.7382,True,1.0425,2.4106,0.2821,4.9429,15.726,23.7394,35.3775,71.2524,0.0,0.2214,0,False,placeholder_pending_replacement,42
TBI0056,sham,5,VID_TBI0056_5dpf,dlc_resnet50_placeholder,head|midline_1|midline_2|midline_3|midline_4|tail_tip,0.9,0.9455,4.7796,True,1.4585,3.4367,0.263,3.6207,20.7255,27.2806,14.0744,23.2345,0.0,0.2673,0,False,placeholder_pending_replacement,42
TBI0056,sham,6,VID_TBI0056_6dpf,dlc_resnet50_placeholder,head|midline_1|midline_2|midline_3|midline_4|tail_tip,0.9,0.995,5.4525,True,1.5971,4.2033,0.3084,2.7169,12.361,23.3848,33.4334,50.0882,0.4772,0.3218,0,False,placeholder_pending_replacement,42
TBI0057,sham,4,VID_TBI0057_4dpf,dlc_resnet50_placeholder,head|midline_1|midline_2|midline_3|midline_4|tail_tip,0.9,0.9935,0.8624,True,1.5533,3.8812,0.3592,4.7531,8.8231,15.5952,7.1161,15.8572,0.1373,0.4288,0,False,placeholder_pending_replacement,42
TBI0057,sham,5,VID_TBI0057_5dpf,dlc_resnet50_placeholder,head|midline_1|midline_2|midline_3|midline_4|tail_tip,0.9,0.9305,1.7638,True,1.5451,4.2963,0.2682,4.2273,6.9275,11.5832,47.047,99.7681,0.0,0.2232,0,False,placeholder_pending_replacement,42
TBI0057,sham,6,VID_TBI0057_6dpf,dlc_resnet50_placeholder,head|midline_1|midline_2|midline_3|midline_4|tail_tip,0.9,0.9876,4.1873,True,1.663,3.9114,0.2784,2.6964,9.3917,12.6747,22.8868,38.5719,0.0131,0.2414,0,False,placeholder_pending_replacement,42
TBI0058,sham,4,VID_TBI0058_4dpf,dlc_resnet50_placeholder,head|midline_1|midline_2|midline_3|midline_4|tail_tip,0.9,0.9884,4.0725,True,1.5768,2.9356,0.2166,4.2344,9.9446,17.5428,22.4079,46.8365,0.0,0.2069,0,False,placeholder_pending_replacement,42
TBI0058,sham,5,VID_TBI0058_5dpf,dlc_resnet50_placeholder,head|midline_1|midline_2|midline_3|midline_4|tail_tip,0.9,0.9696,7.4337,True,1.7221,3.421,0.3265,4.4006,12.663,21.7094,15.3421,21.8314,0.0313,0.2572,0,False,placeholder_pending_replacement,42
TBI0058,sham,6,VID_TBI0058_6dpf,dlc_resnet50_placeholder,head|midline_1|midline_2|midline_3|midline_4|tail_tip,0.9,0.9422,6.6091,True,1.1538,2.2263,0.3205,5.5548,14.9687,25.2147,43.9657,83.3004,0.1891,0.3795,0,False,placeholder_pending_replacement,42
TBI0059,sham,4,VID_TBI0059_4dpf,dlc_resnet50_placeholder,head|midline_1|midline_2|midline_3|midline_4|tail_tip,0.9,0.9714,1.7262,True,2.1282,5.4072,0.2736,1.2375,15.8267,25.1869,24.7673,55.5685,0.0,0.3517,0,False,placeholder_pending_replacement,42
TBI0059,sham,5,VID_TBI0059_5dpf,dlc_resnet50_placeholder,head|midline_1|midline_2|midline_3|midline_4|tail_tip,0.9,0.9857,0.0,True,1.0708,2.916,0.3555,2.1296,15.2585,21.0825,35.1197,78.4487,0.0641,0.3665,0,False,placeholder_pending_replacement,42
TBI0059,sham,6,VID_TBI0059_6dpf,dlc_resnet50_placeholder,head|midline_1|midline_2|midline_3|midline_4|tail_tip,0.9,0.9417,1.677,True,1.6346,3.7195,0.3051,2.3478,9.7654,14.8754,45.3955,101.5262,0.0763,0.327,0,False,placeholder_pending_replacement,42
TBI0060,sham,4,VID_TBI0060_4dpf,dlc_resnet50_placeholder,head|midline_1|midline_2|midline_3|midline_4|tail_tip,0.9,0.9876,0.4915,True,1.2352,3.2174,0.2702,2.9284,15.1282,20.1629,17.5341,27.2998,0.0,0.2303,0,False,placeholder_pending_replacement,42
TBI0060,sham,5,VID_TBI0060_5dpf,dlc_resnet50_placeholder,head|midline_1|midline_2|midline_3|midline_4|tail_tip,0.9,0.9581,5.5255,True,0.9567,2.1539,0.3101,3.1199,17.6599,26.1386,28.1747,43.81,0.0122,0.3081,0,False,placeholder_pending_replacement,42
TBI0060,sham,6,VID_TBI0060_6dpf,dlc_resnet50_placeholder,head|midline_1|midline_2|midline_3|midline_4|tail_tip,0.9,0.9431,6.3336,True,1.5497,2.7354,0.2929,3.6714,17.2271,22.4489,50.4946,79.4623,0.0,0.2095,0,False,placeholder_pending_replacement,42
TBI0061,tbi_low,4,VID_TBI0061_4dpf,dlc_resnet50_placeholder,head|midline_1|midline_2|midline_3|midline_4|tail_tip,0.9,0.9569,3.7097,True,3.1238,7.1912,0.1337,7.7824,28.0358,39.4857,72.1044,158.4204,0.1313,1.2167,1,False,placeholder_pending_replacement,42
TBI0061,tbi_low,5,VID_TBI0061_5dpf,dlc_resnet50_placeholder,head|midline_1|midline_2|midline_3|midline_4|tail_tip,0.9,0.9694,0.8086,True,1.3688,3.1894,0.2923,3.1886,7.6483,11.7208,31.5741,56.9445,0.0,0.2177,0,False,placeholder_pending_replacement,42
TBI0061,tbi_low,6,VID_TBI0061_6dpf,dlc_resnet50_placeholder,head|midline_1|midline_2|midline_3|midline_4|tail_tip,0.9,0.995,4.8613,True,3.0496,8.0404,0.135,7.6417,28.3195,37.6311,76.0912,116.4762,0.4024,1.3107,1,False,placeholder_pending_replacement,42
TBI0062,tbi_low,4,VID_TBI0062_4dpf,dlc_resnet50_placeholder,head|midline_1|midline_2|midline_3|midline_4|tail_tip,0.9,0.9747,2.9076,True,1.7976,4.2803,0.2971,5.2033,8.0682,15.5962,42.8307,95.747,0.0827,0.3416,0,False,placeholder_pending_replacement,42
TBI0062,tbi_low,5,VID_TBI0062_5dpf,dlc_resnet50_placeholder,head|midline_1|midline_2|midline_3|midline_4|tail_tip,0.9,0.995,4.5274,True,1.4854,3.7732,0.3175,4.4223,11.3722,16.288,31.2235,50.4006,0.2482,0.2246,0,False,placeholder_pending_replacement,42
TBI0062,tbi_low,6,VID_TBI0062_6dpf,dlc_resnet50_placeholder,head|midline_1|midline_2|midline_3|midline_4|tail_tip,0.9,0.9269,3.6423,True,1.7153,4.4284,0.2402,1.6004,14.3699,21.3732,28.233,59.2112,0.0,0.2318,0,False,placeholder_pending_replacement,42
TBI0063,tbi_low,4,VID_TBI0063_4dpf,dlc_resnet50_placeholder,head|midline_1|midline_2|midline_3|midline_4|tail_tip,0.9,0.9824,0.0,True,3.0004,6.4049,0.1288,10.3943,30.2771,39.4842,82.639,158.4203,0.041,1.4118,1,False,placeholder_pending_replacement,42
TBI0063,tbi_low,5,VID_TBI0063_5dpf,dlc_resnet50_placeholder,head|midline_1|midline_2|midline_3|midline_4|tail_tip,0.9,0.9643,1.5574,True,3.0839,7.0552,0.0392,8.8955,25.9952,51.9698,62.5084,88.9703,0.5794,1.441,1,False,placeholder_pending_replacement,42
TBI0063,tbi_low,6,VID_TBI0063_6dpf,dlc_resnet50_placeholder,head|midline_1|midline_2|midline_3|midline_4|tail_tip,0.9,0.9874,2.7712,True,1.5515,3.1573,0.3502,4.9753,14.9213,21.1576,31.475,55.3966,0.0,0.1684,0,False,placeholder_pending_replacement,42
TBI0064,tbi_low,4,VID_TBI0064_4dpf,dlc_resnet50_placeholder,head|midline_1|midline_2|midline_3|midline_4|tail_tip,0.9,0.9709,5.3427,True,1.8792,3.0091,0.1907,5.5448,13.0637,25.7782,37.852,71.7168,0.0,0.2993,0,False,placeholder_pending_replacement,42
TBI0064,tbi_low,5,VID_TBI0064_5dpf,dlc_resnet50_placeholder,head|midline_1|midline_2|midline_3|midline_4|tail_tip,0.9,0.9729,0.4096,True,1.7504,4.1916,0.2418,3.11,14.2967,20.1486,40.0511,63.0682,0.386,0.3063,0,False,placeholder_pending_replacement,42
TBI0064,tbi_low,6,VID_TBI0064_6dpf,dlc_resnet50_placeholder,head|midline_1|midline_2|midline_3|midline_4|tail_tip,0.9,0.995,3.6179,True,3.2063,8.5824,0.1227,7.6179,27.5798,53.43,64.1981,121.5433,0.4278,1.2819,1,False,placeholder_pending_replacement,42
TBI0065,tbi_low,4,VID_TBI0065_4dpf,dlc_resnet50_placeholder,head|midline_1|midline_2|midline_3|midline_4|tail_tip,0.9,0.9458,1.7153,True,1.4919,2.5898,0.2455,5.0189,15.0573,26.6225,27.1944,44.4987,0.1144,0.1822,0,False,placeholder_pending_replacement,42
TBI0065,tbi_low,5,VID_TBI0065_5dpf,dlc_resnet50_placeholder,head|midline_1|midline_2|midline_3|midline_4|tail_tip,0.9,0.9764,3.2773,True,1.2735,2.2363,0.3005,4.8324,11.5818,16.7583,38.7909,78.6074,0.0,0.2209,0,False,placeholder_pending_replacement,42
TBI0065,tbi_low,6,VID_TBI0065_6dpf,dlc_resnet50_placeholder,head|midline_1|midline_2|midline_3|midline_4|tail_tip,0.9,0.9492,2.4195,True,2.03,4.5772,0.3144,4.4387,10.9847,15.0918,37.749,71.005,0.0,0.2617,0,False,placeholder_pending_replacement,42
TBI0066,tbi_low,4,VID_TBI0066_4dpf,dlc_resnet50_placeholder,head|midline_1|midline_2|midline_3|midline_4|tail_tip,0.9,0.9402,2.9447,True,3.4706,6.8962,0.0825,8.2824,28.4738,55.0803,67.4855,112.6232,0.4753,1.4721,1,False,placeholder_pending_replacement,42
TBI0066,tbi_low,5,VID_TBI0066_5dpf,dlc_resnet50_placeholder,head|midline_1|midline_2|midline_3|midline_4|tail_tip,0.9,0.9624,2.8695,True,1.808,4.2151,0.2389,3.112,18.3526,25.6938,38.1679,70.3773,0.0,0.2494,0,False,placeholder_pending_replacement,42
TBI0066,tbi_low,6,VID_TBI0066_6dpf,dlc_resnet50_placeholder,head|midline_1|midline_2|midline_3|midline_4|tail_tip,0.9,0.9932,0.0,True,1.8722,3.5428,0.2864,4.7603,12.765,23.185,17.1089,37.4907,0.1307,0.2817,0,False,placeholder_pending_replacement,42
TBI0067,tbi_low,4,VID_TBI0067_4dpf,dlc_resnet50_placeholder,head|midline_1|midline_2|midline_3|midline_4|tail_tip,0.9,0.9239,3.6424,True,1.6964,3.3255,0.245,4.502,14.0848,20.3009,29.5685,50.7295,0.0,0.104,0,False,placeholder_pending_replacement,42
TBI0067,tbi_low,5,VID_TBI0067_5dpf,dlc_resnet50_placeholder,head|midline_1|midline_2|midline_3|midline_4|tail_tip,0.9,0.9655,0.6111,True,1.6196,3.6942,0.2521,3.2047,8.459,13.734,29.7712,65.505,0.2031,0.2533,0,False,placeholder_pending_replacement,42
TBI0067,tbi_low,6,VID_TBI0067_6dpf,dlc_resnet50_placeholder,head|midline_1|midline_2|midline_3|midline_4|tail_tip,0.9,0.9815,0.0,True,2.4459,4.4312,0.1315,10.782,28.1271,50.5936,69.311,114.5649,0.0526,1.2034,1,False,placeholder_pending_replacement,42
TBI0068,tbi_low,4,VID_TBI0068_4dpf,dlc_resnet50_placeholder,head|midline_1|midline_2|midline_3|midline_4|tail_tip,0.9,0.9624,3.1289,True,1.7086,3.3329,0.2432,6.5056,12.9577,18.0576,33.0602,74.8831,0.0,0.2278,0,False,placeholder_pending_replacement,42
TBI0068,tbi_low,5,VID_TBI0068_5dpf,dlc_resnet50_placeholder,head|midline_1|midline_2|midline_3|midline_4|tail_tip,0.9,0.9748,7.7998,True,1.3462,2.5413,0.3319,5.4646,14.0844,22.192,28.4598,56.6363,0.2,0.2866,0,False,placeholder_pending_replacement,42
TBI0068,tbi_low,6,VID_TBI0068_6dpf,dlc_resnet50_placeholder,head|midline_1|midline_2|midline_3|midline_4|tail_tip,0.9,0.995,1.9394,True,2.9429,6.9011,0.0702,9.1901,27.3872,50.9252,56.877,99.3642,0.4312,1.3313,1,False,placeholder_pending_replacement,42
TBI0069,tbi_low,4,VID_TBI0069_4dpf,dlc_resnet50_placeholder,head|midline_1|midline_2|midline_3|midline_4|tail_tip,0.9,0.995,0.5186,True,2.8144,6.4253,0.1176,10.0135,27.936,39.3757,81.0949,117.982,0.5604,1.4902,1,False,placeholder_pending_replacement,42
TBI0069,tbi_low,5,VID_TBI0069_5dpf,dlc_resnet50_placeholder,head|midline_1|midline_2|midline_3|midline_4|tail_tip,0.9,0.9874,2.2834,True,2.9486,6.3312,0.1277,8.9222,30.3476,42.0954,84.4285,119.7678,0.4089,1.4551,1,False,placeholder_pending_replacement,42
TBI0069,tbi_low,6,VID_TBI0069_6dpf,dlc_resnet50_placeholder,head|midline_1|midline_2|midline_3|midline_4|tail_tip,0.9,0.9728,2.9282,True,4.4507,9.2742,0.1315,17.1118,44.6101,62.8182,122.5948,215.9234,1.7254,3.1222,3,False,placeholder_pending_replacement,42
TBI0070,tbi_low,4,VID_TBI0070_4dpf,dlc_resnet50_placeholder,head|midline_1|midline_2|midline_3|midline_4|tail_tip,0.9,0.9861,0.8451,True,1.7211,4.0265,0.1872,2.0714,15.9896,27.5802,9.7706,22.2303,0.2159,0.4788,0,False,placeholder_pending_replacement,42
TBI0070,tbi_low,5,VID_TBI0070_5dpf,dlc_resnet50_placeholder,head|midline_1|midline_2|midline_3|midline_4|tail_tip,0.9,0.9637,5.6701,True,1.3265,2.2115,0.2662,4.1573,18.5789,28.8915,35.5001,71.6467,0.0482,0.1731,0,False,placeholder_pending_replacement,42
TBI0070,tbi_low,6,VID_TBI0070_6dpf,dlc_resnet50_placeholder,head|midline_1|midline_2|midline_3|midline_4|tail_tip,0.9,0.9304,3.2953,True,1.618,3.2225,0.2559,2.744,9.5904,18.6332,33.7911,69.6058,0.2782,0.2776,0,False,placeholder_pending_replacement,42
TBI0071,tbi_low,4,VID_TBI0071_4dpf,dlc_resnet50_placeholder,head|midline_1|midline_2|midline_3|midline_4|tail_tip,0.9,0.995,5.9679,True,1.1758,1.9331,0.2924,4.1157,12.0687,20.1484,38.8374,82.7331,0.0,0.184,0,False,placeholder_pending_replacement,42
TBI0071,tbi_low,5,VID_TBI0071_5dpf,dlc_resnet50_placeholder,head|midline_1|midline_2|midline_3|midline_4|tail_tip,0.9,0.9592,5.2226,True,1.4377,3.76,0.2161,6.5862,13.7109,18.1344,37.1561,77.0984,0.0,0.2667,0,False,placeholder_pending_replacement,42
TBI0071,tbi_low,6,VID_TBI0071_6dpf,dlc_resnet50_placeholder,head|midline_1|midline_2|midline_3|midline_4|tail_tip,0.9,0.9375,0.4394,True,2.1255,4.474,0.2298,6.6674,9.6523,17.0661,25.5008,54.9376,0.0,0.4271,0,False,placeholder_pending_replacement,42
TBI0072,tbi_low,4,VID_TBI0072_4dpf,dlc_resnet50_placeholder,head|midline_1|midline_2|midline_3|midline_4|tail_tip,0.9,0.9541,7.1966,True,3.0908,7.1475,0.0984,9.5705,32.3563,42.6479,61.491,88.0459,0.1695,1.3727,1,False,placeholder_pending_replacement,42
TBI0072,tbi_low,5,VID_TBI0072_5dpf,dlc_resnet50_placeholder,head|midline_1|midline_2|midline_3|midline_4|tail_tip,0.9,0.9135,5.6316,True,3.1495,7.0101,0.2183,8.9442,30.8599,43.6137,68.3902,140.2187,0.2677,1.2563,1,False,placeholder_pending_replacement,42
TBI0072,tbi_low,6,VID_TBI0072_6dpf,dlc_resnet50_placeholder,head|midline_1|midline_2|midline_3|midline_4|tail_tip,0.9,0.935,6.5644,True,1.7376,3.301,0.15,3.9132,20.2496,32.5167,42.609,96.3753,0.0,0.3541,0,False,placeholder_pending_replacement,42
TBI0073,tbi_low,4,VID_TBI0073_4dpf,dlc_resnet50_placeholder,head|midline_1|midline_2|midline_3|midline_4|tail_tip,0.9,0.9602,2.6614,True,1.7876,3.6302,0.2949,3.0267,14.4101,23.0966,43.9235,69.6232,0.0,0.2111,0,False,placeholder_pending_replacement,42
TBI0073,tbi_low,5,VID_TBI0073_5dpf,dlc_resnet50_placeholder,head|midline_1|midline_2|midline_3|midline_4|tail_tip,0.9,0.9484,2.5223,True,1.4616,2.8978,0.2709,4.9863,14.0716,19.6066,29.6167,57.4863,0.0152,0.0948,0,False,placeholder_pending_replacement,42
TBI0073,tbi_low,6,VID_TBI0073_6dpf,dlc_resnet50_placeholder,head|midline_1|midline_2|midline_3|midline_4|tail_tip,0.9,0.9882,0.2474,True,2.0578,4.9987,0.2809,3.6521,16.155,24.8605,40.0584,75.111,0.0,0.2219,0,False,placeholder_pending_replacement,42
TBI0074,tbi_low,4,VID_TBI0074_4dpf,dlc_resnet50_placeholder,head|midline_1|midline_2|midline_3|midline_4|tail_tip,0.9,0.995,0.6971,True,0.9464,1.8497,0.2954,7.3435,15.8673,23.7892,22.7632,41.9241,0.0651,0.4495,0,False,placeholder_pending_replacement,42
TBI0074,tbi_low,5,VID_TBI0074_5dpf,dlc_resnet50_placeholder,head|midline_1|midline_2|midline_3|midline_4|tail_tip,0.9,0.995,2.9721,True,1.0969,2.08,0.3644,1.7096,12.9615,20.0044,42.1182,87.6748,0.0,0.4115,0,False,placeholder_pending_replacement,42
TBI0074,tbi_low,6,VID_TBI0074_6dpf,dlc_resnet50_placeholder,head|midline_1|midline_2|midline_3|midline_4|tail_tip,0.9,0.9658,2.2628,True,1.4804,4.0436,0.1897,1.8943,8.4929,11.3181,35.0347,67.6129,0.0,0.3369,0,False,placeholder_pending_replacement,42
TBI0075,tbi_low,4,VID_TBI0075_4dpf,dlc_resnet50_placeholder,head|midline_1|midline_2|midline_3|midline_4|tail_tip,0.9,0.995,1.809,True,1.4034,3.4966,0.2544,6.2248,10.9873,21.1463,24.463,39.6794,0.2777,0.3604,0,False,placeholder_pending_replacement,42
TBI0075,tbi_low,5,VID_TBI0075_5dpf,dlc_resnet50_placeholder,head|midline_1|midline_2|midline_3|midline_4|tail_tip,0.9,0.9411,2.853,True,3.586,9.6034,0.1186,10.5184,24.1987,43.3041,63.7759,119.8498,0.4655,1.4808,1,False,placeholder_pending_replacement,42
TBI0075,tbi_low,6,VID_TBI0075_6dpf,dlc_resnet50_placeholder,head|midline_1|midline_2|midline_3|midline_4|tail_tip,0.9,0.9599,6.1846,True,3.4661,6.2107,0.1734,7.5262,31.7264,57.5045,69.9015,104.5058,0.2053,1.2995,1,False,placeholder_pending_replacement,42
TBI0076,tbi_low,4,VID_TBI0076_4dpf,dlc_resnet50_placeholder,head|midline_1|midline_2|midline_3|midline_4|tail_tip,0.9,0.9818,3.1215,True,3.3031,8.0692,0.188,10.2609,27.1713,50.4222,78.0466,136.3809,0.3625,1.4251,1,False,placeholder_pending_replacement,42
TBI0076,tbi_low,5,VID_TBI0076_5dpf,dlc_resnet50_placeholder,head|midline_1|midline_2|midline_3|midline_4|tail_tip,0.9,0.968,0.0,True,1.5421,3.7916,0.2354,3.0001,17.0316,31.7529,28.6417,52.3942,0.0,0.1689,0,False,placeholder_pending_replacement,42
TBI0076,tbi_low,6,VID_TBI0076_6dpf,dlc_resnet50_placeholder,head|midline_1|midline_2|midline_3|midline_4|tail_tip,0.9,0.9838,5.1582,True,1.0103,2.6983,0.2045,2.5086,11.3511,21.2572,35.3154,63.943,0.055,0.3555,0,False,placeholder_pending_replacement,42
TBI0077,tbi_low,4,VID_TBI0077_4dpf,dlc_resnet50_placeholder,head|midline_1|midline_2|midline_3|midline_4|tail_tip,0.9,0.9618,1.3531,True,1.5415,3.2506,0.346,0.3155,11.1292,17.5019,32.0443,45.8591,0.0,0.345,0,False,placeholder_pending_replacement,42
TBI0077,tbi_low,5,VID_TBI0077_5dpf,dlc_resnet50_placeholder,head|midline_1|midline_2|midline_3|midline_4|tail_tip,0.9,0.9538,3.1566,True,1.4217,3.6009,0.2666,4.7613,8.7206,16.8916,19.176,34.4114,0.0983,0.2702,0,False,placeholder_pending_replacement,42
TBI0077,tbi_low,6,VID_TBI0077_6dpf,dlc_resnet50_placeholder,head|midline_1|midline_2|midline_3|midline_4|tail_tip,0.9,0.9806,1.4174,True,1.4644,3.6134,0.2989,4.2898,16.1595,25.3133,21.2455,37.089,0.0,0.1683,0,False,placeholder_pending_replacement,42
TBI0078,tbi_low,4,VID_TBI0078_4dpf,dlc_resnet50_placeholder,head|midline_1|midline_2|midline_3|midline_4|tail_tip,0.9,0.9825,4.016,True,1.4229,2.7647,0.2099,4.1009,13.4563,20.6778,29.4268,44.0001,0.0518,0.1453,0,False,placeholder_pending_replacement,42
TBI0078,tbi_low,5,VID_TBI0078_5dpf,dlc_resnet50_placeholder,head|midline_1|midline_2|midline_3|midline_4|tail_tip,0.9,0.9545,4.5859,True,1.0431,2.8998,0.3585,7.1773,5.881,11.333,31.22,63.4357,0.0,0.5275,0,False,placeholder_pending_replacement,42
TBI0078,tbi_low,6,VID_TBI0078_6dpf,dlc_resnet50_placeholder,head|midline_1|midline_2|midline_3|midline_4|tail_tip,0.9,0.9578,1.7754,True,4.7598,10.8341,0.0588,15.5707,40.3042,71.6074,122.9894,234.9752,1.6703,3.0997,3,False,placeholder_pending_replacement,42
TBI0079,tbi_low,4,VID_TBI0079_4dpf,dlc_resnet50_placeholder,head|midline_1|midline_2|midline_3|midline_4|tail_tip,0.9,0.9218,4.8199,True,1.3861,3.3752,0.2071,4.5978,7.0477,10.7268,40.8812,74.808,0.0,0.3109,0,False,placeholder_pending_replacement,42
TBI0079,tbi_low,5,VID_TBI0079_5dpf,dlc_resnet50_placeholder,head|midline_1|midline_2|midline_3|midline_4|tail_tip,0.9,0.995,4.7443,True,2.8265,6.7065,0.157,8.9168,29.4667,52.8846,68.3691,151.4371,0.1565,1.2001,1,False,placeholder_pending_replacement,42
TBI0079,tbi_low,6,VID_TBI0079_6dpf,dlc_resnet50_placeholder,head|midline_1|midline_2|midline_3|midline_4|tail_tip,0.9,0.9469,2.9434,True,2.5566,5.8312,0.1009,7.109,26.1315,48.122,77.9553,134.505,0.2899,1.1561,1,False,placeholder_pending_replacement,42
TBI0080,tbi_low,4,VID_TBI0080_4dpf,dlc_resnet50_placeholder,head|midline_1|midline_2|midline_3|midline_4|tail_tip,0.9,0.9011,1.9216,True,3.0139,6.734,0.0848,12.0495,31.1774,59.9576,74.1848,134.2014,0.5375,1.6893,1,False,placeholder_pending_replacement,42
TBI0080,tbi_low,5,VID_TBI0080_5dpf,dlc_resnet50_placeholder,head|midline_1|midline_2|midline_3|midline_4|tail_tip,0.9,0.995,7.7269,True,3.3945,7.9807,0.2149,8.9772,24.1221,33.0928,68.6433,141.7264,0.3518,1.2304,1,False,placeholder_pending_replacement,42
TBI0080,tbi_low,6,VID_TBI0080_6dpf,dlc_resnet50_placeholder,head|midline_1|midline_2|midline_3|midline_4|tail_tip,0.9,0.9691,2.5229,True,4.2503,8.7221,0.0755,12.7821,43.3076,80.8616,124.3618,254.6578,1.6895,2.8834,2,False,placeholder_pending_replacement,42
TBI0081,tbi_low,4,VID_TBI0081_4dpf,dlc_resnet50_placeholder,head|midline_1|midline_2|midline_3|midline_4|tail_tip,0.9,0.9546,2.0679,True,1.7265,3.4574,0.2433,4.8906,20.4145,29.896,18.9629,26.7229,0.0,0.3025,0,False,placeholder_pending_replacement,42
TBI0081,tbi_low,5,VID_TBI0081_5dpf,dlc_resnet50_placeholder,head|midline_1|midline_2|midline_3|midline_4|tail_tip,0.9,0.9684,5.439,True,1.3966,2.722,0.2613,3.8817,11.5079,22.9977,15.8153,26.6554,0.0,0.1867,0,False,placeholder_pending_replacement,42
TBI0081,tbi_low,6,VID_TBI0081_6dpf,dlc_resnet50_placeholder,head|midline_1|midline_2|midline_3|midline_4|tail_tip,0.9,0.995,0.229,True,1.9582,4.8595,0.2835,5.8776,10.2748,20.5443,51.179,98.2994,0.1939,0.4463,0,False,placeholder_pending_replacement,42
TBI0082,tbi_low,4,VID_TBI0082_4dpf,dlc_resnet50_placeholder,head|midline_1|midline_2|midline_3|midline_4|tail_tip,0.9,0.947,2.3428,True,1.8531,4.4991,0.256,2.6425,14.2283,22.0507,35.7652,52.2374,0.0,0.1814,0,False,placeholder_pending_replacement,42
TBI0082,tbi_low,5,VID_TBI0082_5dpf,dlc_resnet50_placeholder,head|midline_1|midline_2|midline_3|midline_4|tail_tip,0.9,0.9777,2.403,True,1.3819,3.0638,0.3045,4.0544,18.4747,34.1958,42.3271,84.3524,0.0515,0.2324,0,False,placeholder_pending_replacement,42
TBI0082,tbi_low,6,VID_TBI0082_6dpf,dlc_resnet50_placeholder,head|midline_1|midline_2|midline_3|midline_4|tail_tip,0.9,0.995,1.5364,True,1.8293,4.3009,0.2934,6.2891,15.567,25.49,47.7171,103.157,0.1642,0.3876,0,False,placeholder_pending_replacement,42
TBI0083,tbi_low,4,VID_TBI0083_4dpf,dlc_resnet50_placeholder,head|midline_1|midline_2|midline_3|midline_4|tail_tip,0.9,0.9639,0.4984,True,4.2122,11.0865,0.1094,16.1285,43.7379,84.9763,112.4554,159.5673,1.6484,2.9436,2,False,placeholder_pending_replacement,42
TBI0083,tbi_low,5,VID_TBI0083_5dpf,dlc_resnet50_placeholder,head|midline_1|midline_2|midline_3|midline_4|tail_tip,0.9,0.9364,2.0077,True,2.775,7.4633,0.1746,10.5168,28.5582,49.9814,60.0468,108.7255,0.3316,1.251,1,False,placeholder_pending_replacement,42
TBI0083,tbi_low,6,VID_TBI0083_6dpf,dlc_resnet50_placeholder,head|midline_1|midline_2|midline_3|midline_4|tail_tip,0.9,0.9893,3.7568,True,3.286,6.9387,0.089,10.1818,27.3671,39.6298,68.4816,150.4593,0.6075,1.5629,1,False,placeholder_pending_replacement,42
TBI0084,tbi_low,4,VID_TBI0084_4dpf,dlc_resnet50_placeholder,head|midline_1|midline_2|midline_3|midline_4|tail_tip,0.9,0.9713,3.2493,True,3.1744,5.7808,0.1252,9.8049,28.2214,38.4948,70.4782,109.4172,0.4041,1.4341,2,False,placeholder_pending_replacement,42
TBI0084,tbi_low,5,VID_TBI0084_5dpf,dlc_resnet50_placeholder,head|midline_1|midline_2|midline_3|midline_4|tail_tip,0.9,0.7518,18.3908,False,2.9032,5.3979,0.0933,10.6769,30.2944,55.0396,66.4536,144.197,0.3564,1.4586,0,False,placeholder_pending_replacement,42
TBI0084,tbi_low,6,VID_TBI0084_6dpf,dlc_resnet50_placeholder,head|midline_1|midline_2|midline_3|midline_4|tail_tip,0.9,0.9414,3.7244,True,4.3567,10.8851,0.1227,17.1666,44.1241,63.1287,132.702,304.3369,1.7037,3.161,2,False,placeholder_pending_replacement,42
TBI0085,tbi_low,4,VID_TBI0085_4dpf,dlc_resnet50_placeholder,head|midline_1|midline_2|midline_3|midline_4|tail_tip,0.9,0.9587,1.1716,True,3.2086,5.2816,0.1602,7.1007,29.3807,56.8325,63.8659,144.1777,0.2556,1.1797,1,False,placeholder_pending_replacement,42
TBI0085,tbi_low,5,VID_TBI0085_5dpf,dlc_resnet50_placeholder,head|midline_1|midline_2|midline_3|midline_4|tail_tip,0.9,0.9639,1.8345,True,1.4814,4.0538,0.2722,4.0926,14.4916,28.9831,27.2094,56.759,0.0,0.0588,0,False,placeholder_pending_replacement,42
TBI0085,tbi_low,6,VID_TBI0085_6dpf,dlc_resnet50_placeholder,head|midline_1|midline_2|midline_3|midline_4|tail_tip,0.9,0.9937,2.942,True,1.9599,4.7173,0.3074,5.7148,18.1632,28.2231,37.3839,53.0001,0.0,0.3266,0,False,placeholder_pending_replacement,42
TBI0086,tbi_low,4,VID_TBI0086_4dpf,dlc_resnet50_placeholder,head|midline_1|midline_2|midline_3|midline_4|tail_tip,0.9,0.9509,1.906,True,1.566,2.7168,0.279,2.6555,14.4425,18.8477,29.1119,63.9235,0.0,0.1133,0,False,placeholder_pending_replacement,42
TBI0086,tbi_low,5,VID_TBI0086_5dpf,dlc_resnet50_placeholder,head|midline_1|midline_2|midline_3|midline_4|tail_tip,0.9,0.9627,0.0816,True,1.5721,2.5683,0.2505,5.4177,13.5151,17.7412,37.5706,65.0075,0.0525,0.1654,0,False,placeholder_pending_replacement,42
TBI0086,tbi_low,6,VID_TBI0086_6dpf,dlc_resnet50_placeholder,head|midline_1|midline_2|midline_3|midline_4|tail_tip,0.9,0.932,2.2981,True,0.7747,2.0737,0.2808,5.0527,11.265,22.4168,28.2342,59.3129,0.1678,0.3568,0,False,placeholder_pending_replacement,42
TBI0087,tbi_low,4,VID_TBI0087_4dpf,dlc_resnet50_placeholder,head|midline_1|midline_2|midline_3|midline_4|tail_tip,0.9,0.7216,15.5673,False,2.7382,5.6065,0.1251,10.4159,28.6333,37.8431,81.9794,182.2797,0.5314,1.495,1,False,placeholder_pending_replacement,42
TBI0087,tbi_low,5,VID_TBI0087_5dpf,dlc_resnet50_placeholder,head|midline_1|midline_2|midline_3|midline_4|tail_tip,0.9,0.9695,0.0,True,1.6043,3.2752,0.2869,3.1779,12.1077,21.1007,41.7952,77.7613,0.1217,0.2076,0,False,placeholder_pending_replacement,42
TBI0087,tbi_low,6,VID_TBI0087_6dpf,dlc_resnet50_placeholder,head|midline_1|midline_2|midline_3|midline_4|tail_tip,0.9,0.9457,4.9341,True,4.0947,7.3378,0.0675,15.2996,41.8206,69.8307,103.2963,195.9832,1.6218,2.8276,2,False,placeholder_pending_replacement,42
TBI0088,tbi_low,4,VID_TBI0088_4dpf,dlc_resnet50_placeholder,head|midline_1|midline_2|midline_3|midline_4|tail_tip,0.9,0.9406,1.9291,True,1.9847,4.219,0.289,4.589,23.3501,35.8208,34.6004,55.943,0.0,0.3172,0,False,placeholder_pending_replacement,42
TBI0088,tbi_low,5,VID_TBI0088_5dpf,dlc_resnet50_placeholder,head|midline_1|midline_2|midline_3|midline_4|tail_tip,0.9,0.995,4.0197,True,1.3793,3.1428,0.2336,3.54,12.5233,19.3612,20.335,45.7102,0.0,0.1984,0,False,placeholder_pending_replacement,42
TBI0088,tbi_low,6,VID_TBI0088_6dpf,dlc_resnet50_placeholder,head|midline_1|midline_2|midline_3|midline_4|tail_tip,0.9,0.9325,2.7697,True,1.2182,2.9623,0.3589,2.7559,17.4383,33.0043,32.9474,62.1565,0.0,0.3071,1,False,placeholder_pending_replacement,42
TBI0089,tbi_low,4,VID_TBI0089_4dpf,dlc_resnet50_placeholder,head|midline_1|midline_2|midline_3|midline_4|tail_tip,0.9,0.9907,0.0,True,3.1422,7.2071,0.0926,9.0059,28.9255,44.033,58.5043,95.2308,0.3197,1.3341,1,False,placeholder_pending_replacement,42
TBI0089,tbi_low,5,VID_TBI0089_5dpf,dlc_resnet50_placeholder,head|midline_1|midline_2|midline_3|midline_4|tail_tip,0.9,0.9658,3.3077,True,3.8218,9.3397,0.0691,14.9143,45.8996,77.2444,113.6041,244.906,1.5727,2.8604,2,False,placeholder_pending_replacement,42
TBI0089,tbi_low,6,VID_TBI0089_6dpf,dlc_resnet50_placeholder,head|midline_1|midline_2|midline_3|midline_4|tail_tip,0.9,0.9711,3.9073,True,4.04,11.062,0.0571,15.6919,43.6415,65.085,103.085,147.0475,1.6306,2.8825,3,False,placeholder_pending_replacement,42
TBI0090,tbi_low,4,VID_TBI0090_4dpf,dlc_resnet50_placeholder,head|midline_1|midline_2|midline_3|midline_4|tail_tip,0.9,0.993,2.5668,True,1.3921,3.8725,0.3164,5.9214,11.8976,16.6411,26.2159,46.3979,0.0,0.2644,0,False,placeholder_pending_replacement,42
TBI0090,tbi_low,5,VID_TBI0090_5dpf,dlc_resnet50_placeholder,head|midline_1|midline_2|midline_3|midline_4|tail_tip,0.9,0.9358,1.2849,True,2.477,6.0079,0.1498,5.7909,27.3195,45.3385,78.8339,152.7449,0.4496,1.0864,1,False,placeholder_pending_replacement,42
TBI0090,tbi_low,6,VID_TBI0090_6dpf,dlc_resnet50_placeholder,head|midline_1|midline_2|midline_3|midline_4|tail_tip,0.9,0.9627,0.3605,True,1.1455,1.8917,0.281,3.9221,17.6877,30.8808,27.6763,42.4838,0.0,0.1889,0,False,placeholder_pending_replacement,42
TBI0091,tbi_low,4,VID_TBI0091_4dpf,dlc_resnet50_placeholder,head|midline_1|midline_2|midline_3|midline_4|tail_tip,0.9,0.9744,3.8375,True,4.2091,9.4898,0.008,13.2266,46.5793,87.1377,107.9152,232.6735,1.8127,2.9775,3,False,placeholder_pending_replacement,42
TBI0091,tbi_low,5,VID_TBI0091_5dpf,dlc_resnet50_placeholder,head|midline_1|midline_2|midline_3|midline_4|tail_tip,0.9,0.995,3.4028,True,4.8294,7.7334,0.1655,15.3667,45.6578,87.036,127.5334,227.8383,1.56,3.0554,2,False,placeholder_pending_replacement,42
TBI0091,tbi_low,6,VID_TBI0091_6dpf,dlc_resnet50_placeholder,head|midline_1|midline_2|midline_3|midline_4|tail_tip,0.9,0.9635,5.1378,True,2.7632,4.8439,0.1138,7.4028,27.8543,44.2621,70.6761,106.9364,0.2242,1.1636,1,False,placeholder_pending_replacement,42
TBI0092,tbi_low,4,VID_TBI0092_4dpf,dlc_resnet50_placeholder,head|midline_1|midline_2|midline_3|midline_4|tail_tip,0.9,0.9518,4.6612,True,1.3828,3.0902,0.3443,3.0438,10.0336,16.2191,38.3684,85.8838,0.0,0.2804,0,False,placeholder_pending_replacement,42
TBI0092,tbi_low,5,VID_TBI0092_5dpf,dlc_resnet50_placeholder,head|midline_1|midline_2|midline_3|midline_4|tail_tip,0.9,0.9455,0.0,True,1.5444,4.221,0.3202,2.921,8.9752,13.9054,29.1816,51.8684,0.0,0.2214,0,False,placeholder_pending_replacement,42
TBI0092,tbi_low,6,VID_TBI0092_6dpf,dlc_resnet50_placeholder,head|midline_1|midline_2|midline_3|midline_4|tail_tip,0.9,0.9551,0.0,True,1.5618,3.4745,0.2514,5.6611,9.7165,16.5365,45.1523,99.2034,0.0164,0.2721,0,False,placeholder_pending_replacement,42
TBI0093,tbi_low,4,VID_TBI0093_4dpf,dlc_resnet50_placeholder,head|midline_1|midline_2|midline_3|midline_4|tail_tip,0.9,0.9633,2.602,True,1.2508,2.6003,0.2796,4.0096,11.4404,22.3091,34.864,60.5415,0.0434,0.1485,0,False,placeholder_pending_replacement,42
TBI0093,tbi_low,5,VID_TBI0093_5dpf,dlc_resnet50_placeholder,head|midline_1|midline_2|midline_3|midline_4|tail_tip,0.9,0.9343,0.9308,True,1.5777,3.7887,0.2343,3.7577,8.9439,15.4282,35.239,56.8543,0.0,0.1653,1,False,placeholder_pending_replacement,42
TBI0093,tbi_low,6,VID_TBI0093_6dpf,dlc_resnet50_placeholder,head|midline_1|midline_2|midline_3|midline_4|tail_tip,0.9,0.9682,4.4643,True,1.786,2.9843,0.1968,3.8293,9.8485,19.4072,34.2136,78.525,0.2827,0.3224,0,False,placeholder_pending_replacement,42
TBI0094,tbi_low,4,VID_TBI0094_4dpf,dlc_resnet50_placeholder,head|midline_1|midline_2|midline_3|midline_4|tail_tip,0.9,0.9304,3.2341,True,1.3726,3.3922,0.2892,2.5891,15.9022,23.6439,43.0311,74.6299,0.281,0.3292,1,False,placeholder_pending_replacement,42
TBI0094,tbi_low,5,VID_TBI0094_5dpf,dlc_resnet50_placeholder,head|midline_1|midline_2|midline_3|midline_4|tail_tip,0.9,0.9516,2.7646,True,1.8394,4.4987,0.3006,4.8987,14.299,22.5235,21.6171,34.5281,0.0,0.2135,0,False,placeholder_pending_replacement,42
TBI0094,tbi_low,6,VID_TBI0094_6dpf,dlc_resnet50_placeholder,head|midline_1|midline_2|midline_3|midline_4|tail_tip,0.9,0.995,0.0,True,1.2388,2.8264,0.2091,4.9818,14.7576,27.4631,39.3796,71.9894,0.0,0.2484,0,False,placeholder_pending_replacement,42
TBI0095,tbi_low,4,VID_TBI0095_4dpf,dlc_resnet50_placeholder,head|midline_1|midline_2|midline_3|midline_4|tail_tip,0.9,0.9506,6.2861,True,3.3572,7.602,0.1457,7.6758,27.4189,54.4808,58.0536,87.5255,0.3557,1.2259,1,False,placeholder_pending_replacement,42
TBI0095,tbi_low,5,VID_TBI0095_5dpf,dlc_resnet50_placeholder,head|midline_1|midline_2|midline_3|midline_4|tail_tip,0.9,0.979,1.5709,True,2.7102,6.1165,0.2091,7.6092,29.9823,54.8594,73.6004,168.1313,0.4461,1.1774,1,False,placeholder_pending_replacement,42
TBI0095,tbi_low,6,VID_TBI0095_6dpf,dlc_resnet50_placeholder,head|midline_1|midline_2|midline_3|midline_4|tail_tip,0.9,0.9545,4.0676,True,3.2843,7.5896,0.1536,7.37,26.1426,34.1299,64.7701,92.1445,0.6342,1.2959,2,False,placeholder_pending_replacement,42
TBI0096,tbi_low,4,VID_TBI0096_4dpf,dlc_resnet50_placeholder,head|midline_1|midline_2|midline_3|midline_4|tail_tip,0.9,0.9465,3.2262,True,1.3626,3.5596,0.2625,3.3149,17.935,31.5167,30.3821,56.3074,0.0449,0.1762,0,False,placeholder_pending_replacement,42
TBI0096,tbi_low,5,VID_TBI0096_5dpf,dlc_resnet50_placeholder,head|midline_1|midline_2|midline_3|midline_4|tail_tip,0.9,0.9831,4.6496,True,1.462,2.7024,0.302,4.5289,15.2098,29.6924,30.2852,53.4166,0.0,0.1162,0,False,placeholder_pending_replacement,42
TBI0096,tbi_low,6,VID_TBI0096_6dpf,dlc_resnet50_placeholder,head|midline_1|midline_2|midline_3|midline_4|tail_tip,0.9,0.9764,3.8552,True,2.908,5.9289,0.1304,7.3174,28.3671,56.0916,79.4156,140.8728,0.2209,1.2288,1,False,placeholder_pending_replacement,42
TBI0097,tbi_low,4,VID_TBI0097_4dpf,dlc_resnet50_placeholder,head|midline_1|midline_2|midline_3|midline_4|tail_tip,0.9,0.9722,0.9439,True,1.8661,4.7587,0.2686,2.4073,12.2414,17.1614,17.4308,35.0343,0.1712,0.3291,0,False,placeholder_pending_replacement,42
TBI0097,tbi_low,5,VID_TBI0097_5dpf,dlc_resnet50_placeholder,head|midline_1|midline_2|midline_3|midline_4|tail_tip,0.9,0.988,0.0,True,1.6321,2.6151,0.226,4.5872,12.5853,23.8352,33.0189,56.9819,0.2414,0.2122,0,False,placeholder_pending_replacement,42
TBI0097,tbi_low,6,VID_TBI0097_6dpf,dlc_resnet50_placeholder,head|midline_1|midline_2|midline_3|midline_4|tail_tip,0.9,0.9552,4.1902,True,1.442,3.569,0.2398,4.6483,10.5689,18.4951,38.164,55.8273,0.0,0.1884,0,False,placeholder_pending_replacement,42
TBI0098,tbi_low,4,VID_TBI0098_4dpf,dlc_resnet50_placeholder,head|midline_1|midline_2|midline_3|midline_4|tail_tip,0.9,0.9607,3.4807,True,1.563,2.6084,0.2756,6.2404,17.6052,26.8228,32.6352,55.13,0.0543,0.2158,1,False,placeholder_pending_replacement,42
TBI0098,tbi_low,5,VID_TBI0098_5dpf,dlc_resnet50_placeholder,head|midline_1|midline_2|midline_3|midline_4|tail_tip,0.9,0.9517,3.1214,True,1.6913,4.511,0.2575,4.429,16.2302,21.8604,27.4685,47.0985,0.0,0.1323,0,False,placeholder_pending_replacement,42
TBI0098,tbi_low,6,VID_TBI0098_6dpf,dlc_resnet50_placeholder,head|midline_1|midline_2|midline_3|midline_4|tail_tip,0.9,0.9483,0.0,True,4.2768,8.6829,0.0787,16.482,44.2543,62.6515,128.2181,192.5314,1.7312,3.1432,2,False,placeholder_pending_replacement,42
TBI0099,tbi_low,4,VID_TBI0099_4dpf,dlc_resnet50_placeholder,head|midline_1|midline_2|midline_3|midline_4|tail_tip,0.9,0.9515,0.7806,True,1.3773,2.8041,0.3117,1.5262,8.0426,11.7128,32.0263,60.1423,0.0354,0.3343,0,False,placeholder_pending_replacement,42
TBI0099,tbi_low,5,VID_TBI0099_5dpf,dlc_resnet50_placeholder,head|midline_1|midline_2|midline_3|midline_4|tail_tip,0.9,0.995,3.0118,True,1.7896,3.4432,0.2309,3.6613,16.8435,23.8548,43.8973,76.9644,0.0,0.2335,0,False,placeholder_pending_replacement,42
TBI0099,tbi_low,6,VID_TBI0099_6dpf,dlc_resnet50_placeholder,head|midline_1|midline_2|midline_3|midline_4|tail_tip,0.9,0.9755,0.0,True,1.2793,3.1623,0.2378,2.6154,15.3652,22.4605,16.2589,31.7772,0.0,0.2881,0,False,placeholder_pending_replacement,42
TBI0100,tbi_low,4,VID_TBI0100_4dpf,dlc_resnet50_placeholder,head|midline_1|midline_2|midline_3|midline_4|tail_tip,0.9,0.9564,0.7096,True,3.2813,8.3705,0.105,8.9228,31.4857,58.03,63.1779,139.4117,0.6388,1.5206,2,False,placeholder_pending_replacement,42
TBI0100,tbi_low,5,VID_TBI0100_5dpf,dlc_resnet50_placeholder,head|midline_1|midline_2|midline_3|midline_4|tail_tip,0.9,0.9815,3.3516,True,3.1007,7.9725,0.1973,8.0266,31.1436,53.3811,66.7827,141.4184,0.3861,1.2547,1,False,placeholder_pending_replacement,42
TBI0100,tbi_low,6,VID_TBI0100_6dpf,dlc_resnet50_placeholder,head|midline_1|midline_2|midline_3|midline_4|tail_tip,0.9,0.8999,2.2709,False,4.428,8.7016,0.1008,14.5214,44.881,85.9814,119.505,241.5641,1.8464,3.0365,1,False,placeholder_pending_replacement,42
TBI0101,tbi_low,4,VID_TBI0101_4dpf,dlc_resnet50_placeholder,head|midline_1|midline_2|midline_3|midline_4|tail_tip,0.9,0.981,5.3664,True,1.4456,3.7243,0.2966,2.7686,13.1061,21.101,30.7117,49.4815,0.0,0.1444,0,False,placeholder_pending_replacement,42
TBI0101,tbi_low,5,VID_TBI0101_5dpf,dlc_resnet50_placeholder,head|midline_1|midline_2|midline_3|midline_4|tail_tip,0.9,0.9569,4.9035,True,1.3861,3.8122,0.3339,5.8247,14.168,20.5788,20.0116,28.337,0.3863,0.4145,0,False,placeholder_pending_replacement,42
TBI0101,tbi_low,6,VID_TBI0101_6dpf,dlc_resnet50_placeholder,head|midline_1|midline_2|midline_3|midline_4|tail_tip,0.9,0.9194,2.7948,True,1.1856,2.6899,0.2349,1.2193,18.2241,28.3942,34.9416,54.1829,0.0152,0.3652,0,False,placeholder_pending_replacement,42
TBI0102,tbi_low,4,VID_TBI0102_4dpf,dlc_resnet50_placeholder,head|midline_1|midline_2|midline_3|midline_4|tail_tip,0.9,0.9563,0.0,True,3.0943,6.7665,0.0081,8.5793,29.2753,38.6669,85.1223,119.8515,0.6198,1.6654,1,False,placeholder_pending_replacement,42
TBI0102,tbi_low,5,VID_TBI0102_5dpf,dlc_resnet50_placeholder,head|midline_1|midline_2|midline_3|midline_4|tail_tip,0.9,0.9625,4.4752,True,3.0252,8.11,0.0736,8.7759,23.5332,39.8293,77.9828,134.4763,0.4172,1.3781,1,False,placeholder_pending_replacement,42
TBI0102,tbi_low,6,VID_TBI0102_6dpf,dlc_resnet50_placeholder,head|midline_1|midline_2|midline_3|midline_4|tail_tip,0.9,0.995,3.8185,True,1.7746,4.517,0.3283,5.4336,13.5402,19.4512,12.5815,24.4436,0.0825,0.3466,0,False,placeholder_pending_replacement,42
TBI0103,tbi_low,4,VID_TBI0103_4dpf,dlc_resnet50_placeholder,head|midline_1|midline_2|midline_3|midline_4|tail_tip,0.9,0.9695,0.5658,True,1.2607,2.9247,0.2818,2.2455,12.6006,20.4526,25.6122,44.7913,0.0,0.2331,0,False,placeholder_pending_replacement,42
TBI0103,tbi_low,5,VID_TBI0103_5dpf,dlc_resnet50_placeholder,head|midline_1|midline_2|midline_3|midline_4|tail_tip,0.9,0.9525,0.0,True,1.1225,2.9709,0.2058,4.7347,18.875,29.1452,33.5164,72.8618,0.1799,0.3565,1,False,placeholder_pending_replacement,42
TBI0103,tbi_low,6,VID_TBI0103_6dpf,dlc_resnet50_placeholder,head|midline_1|midline_2|midline_3|midline_4|tail_tip,0.9,0.924,5.773,True,2.8567,5.7554,0.17,7.1565,25.0195,38.6574,69.3698,129.7143,0.6082,1.1755,1,False,placeholder_pending_replacement,42
TBI0104,tbi_low,4,VID_TBI0104_4dpf,dlc_resnet50_placeholder,head|midline_1|midline_2|midline_3|midline_4|tail_tip,0.9,0.9576,3.5909,True,1.4917,3.1044,0.2864,3.8923,9.344,18.5823,47.0845,97.8542,0.1807,0.2652,0,False,placeholder_pending_replacement,42
TBI0104,tbi_low,5,VID_TBI0104_5dpf,dlc_resnet50_placeholder,head|midline_1|midline_2|midline_3|midline_4|tail_tip,0.9,0.9874,0.0,True,3.9709,10.8587,0.0206,15.9577,35.8498,56.1611,114.4131,174.0668,1.9781,2.9796,3,False,placeholder_pending_replacement,42
TBI0104,tbi_low,6,VID_TBI0104_6dpf,dlc_resnet50_placeholder,head|midline_1|midline_2|midline_3|midline_4|tail_tip,0.9,0.9662,8.0961,True,3.1729,6.8693,0.1818,7.6073,29.5755,45.9938,66.2161,129.8942,0.4133,1.2445,1,False,placeholder_pending_replacement,42
TBI0105,tbi_low,4,VID_TBI0105_4dpf,dlc_resnet50_placeholder,head|midline_1|midline_2|midline_3|midline_4|tail_tip,0.9,0.9876,6.1284,True,3.229,7.0123,0.1701,10.6608,29.2855,41.7084,80.4073,147.8811,0.2436,1.4628,2,False,placeholder_pending_replacement,42
TBI0105,tbi_low,5,VID_TBI0105_5dpf,dlc_resnet50_placeholder,head|midline_1|midline_2|midline_3|midline_4|tail_tip,0.9,0.9203,1.592,True,1.3885,3.292,0.2435,1.7843,9.2859,13.5461,22.344,42.5473,0.0494,0.3408,0,False,placeholder_pending_replacement,42
TBI0105,tbi_low,6,VID_TBI0105_6dpf,dlc_resnet50_placeholder,head|midline_1|midline_2|midline_3|midline_4|tail_tip,0.9,0.9749,0.0,True,1.4651,3.3081,0.312,2.865,10.0384,17.1155,6.4377,10.8208,0.0088,0.3518,0,False,placeholder_pending_replacement,42
TBI0106,tbi_low,4,VID_TBI0106_4dpf,dlc_resnet50_placeholder,head|midline_1|midline_2|midline_3|midline_4|tail_tip,0.9,0.9605,0.4182,True,1.8533,4.6667,0.2968,3.4583,11.1695,20.5473,32.6478,71.814,0.0596,0.1961,0,False,placeholder_pending_replacement,42
TBI0106,tbi_low,5,VID_TBI0106_5dpf,dlc_resnet50_placeholder,head|midline_1|midline_2|midline_3|midline_4|tail_tip,0.9,0.9559,5.0163,True,1.511,3.6316,0.2792,3.3401,21.0734,35.7304,33.8693,73.7336,0.0101,0.1881,0,False,placeholder_pending_replacement,42
TBI0106,tbi_low,6,VID_TBI0106_6dpf,dlc_resnet50_placeholder,head|midline_1|midline_2|midline_3|midline_4|tail_tip,0.9,0.9578,0.7264,True,2.1562,5.0136,0.2224,4.3338,11.1188,20.5364,29.5255,45.0056,0.3086,0.3671,0,False,placeholder_pending_replacement,42
TBI0107,tbi_low,4,VID_TBI0107_4dpf,dlc_resnet50_placeholder,head|midline_1|midline_2|midline_3|midline_4|tail_tip,0.9,0.9844,2.749,True,3.2784,6.3223,0.1622,8.7855,28.518,40.2126,66.0474,150.4634,0.4482,1.3483,0,False,placeholder_pending_replacement,42
TBI0107,tbi_low,5,VID_TBI0107_5dpf,dlc_resnet50_placeholder,head|midline_1|midline_2|midline_3|midline_4|tail_tip,0.9,0.9632,2.3693,True,1.1548,3.1014,0.3758,2.0006,7.9125,12.4833,31.5287,71.0084,0.0,0.4237,1,False,placeholder_pending_replacement,42
TBI0107,tbi_low,6,VID_TBI0107_6dpf,dlc_resnet50_placeholder,head|midline_1|midline_2|midline_3|midline_4|tail_tip,0.9,0.9633,1.4159,True,3.0491,4.9948,0.1772,7.804,29.724,49.2735,71.089,105.0141,0.1991,1.1952,1,False,placeholder_pending_replacement,42
TBI0108,tbi_low,4,VID_TBI0108_4dpf,dlc_resnet50_placeholder,head|midline_1|midline_2|midline_3|midline_4|tail_tip,0.9,0.9867,0.0,True,1.6498,2.8438,0.1862,4.2038,12.3523,17.3213,25.4666,36.124,0.0448,0.2132,0,False,placeholder_pending_replacement,42
TBI0108,tbi_low,5,VID_TBI0108_5dpf,dlc_resnet50_placeholder,head|midline_1|midline_2|midline_3|midline_4|tail_tip,0.9,0.9508,9.31,True,1.2625,3.1004,0.2503,3.5839,10.2596,13.7938,35.0988,56.2311,0.0,0.1872,0,False,placeholder_pending_replacement,42
TBI0108,tbi_low,6,VID_TBI0108_6dpf,dlc_resnet50_placeholder,head|midline_1|midline_2|midline_3|midline_4|tail_tip,0.9,0.9746,2.6526,True,1.7012,4.7252,0.2823,4.1413,16.6922,25.9811,37.7491,84.8872,0.0622,0.1538,0,False,placeholder_pending_replacement,42
TBI0109,tbi_low,4,VID_TBI0109_4dpf,dlc_resnet50_placeholder,head|midline_1|midline_2|midline_3|midline_4|tail_tip,0.9,0.9443,2.0832,True,1.1249,1.936,0.3618,2.6979,13.4112,25.5409,30.3265,56.0442,0.1336,0.3345,0,False,placeholder_pending_replacement,42
TBI0109,tbi_low,5,VID_TBI0109_5dpf,dlc_resnet50_placeholder,head|midline_1|midline_2|midline_3|midline_4|tail_tip,0.9,0.9509,0.9844,True,1.5221,3.4114,0.2055,2.5145,10.1648,16.0751,42.4548,63.6118,0.1049,0.3262,1,False,placeholder_pending_replacement,42
TBI0109,tbi_low,6,VID_TBI0109_6dpf,dlc_resnet50_placeholder,head|midline_1|midline_2|midline_3|midline_4|tail_tip,0.9,0.9482,2.2102,True,1.1563,1.94,0.2362,1.854,15.961,22.0373,23.6937,54.024,0.047,0.3393,0,False,placeholder_pending_replacement,42
TBI0110,tbi_low,4,VID_TBI0110_4dpf,dlc_resnet50_placeholder,head|midline_1|midline_2|midline_3|midline_4|tail_tip,0.9,0.9605,2.7282,True,2.4842,4.5,0.096,7.4124,33.4772,45.3241,71.9175,138.8568,0.4993,1.32,2,False,placeholder_pending_replacement,42
TBI0110,tbi_low,5,VID_TBI0110_5dpf,dlc_resnet50_placeholder,head|midline_1|midline_2|midline_3|midline_4|tail_tip,0.9,0.9621,4.2159,True,1.1694,2.2807,0.2805,1.9952,10.9168,17.6508,15.8505,29.7657,0.0,0.3507,0,False,placeholder_pending_replacement,42
TBI0110,tbi_low,6,VID_TBI0110_6dpf,dlc_resnet50_placeholder,head|midline_1|midline_2|midline_3|midline_4|tail_tip,0.9,0.9651,0.0396,True,1.359,2.5605,0.2637,3.4605,6.135,8.4945,32.9859,47.2239,0.0,0.2143,0,False,placeholder_pending_replacement,42
TBI0111,tbi_low,4,VID_TBI0111_4dpf,dlc_resnet50_placeholder,head|midline_1|midline_2|midline_3|midline_4|tail_tip,0.9,0.9629,6.308,True,1.5657,3.508,0.2929,3.1386,11.8814,19.178,35.7954,62.5445,0.0153,0.1414,0,False,placeholder_pending_replacement,42
TBI0111,tbi_low,5,VID_TBI0111_5dpf,dlc_resnet50_placeholder,head|midline_1|midline_2|midline_3|midline_4|tail_tip,0.9,0.9664,3.8378,True,2.0947,5.1066,0.2979,4.2975,9.8451,15.2822,34.4648,53.1608,0.0,0.2471,0,False,placeholder_pending_replacement,42
TBI0111,tbi_low,6,VID_TBI0111_6dpf,dlc_resnet50_placeholder,head|midline_1|midline_2|midline_3|midline_4|tail_tip,0.9,0.9787,6.3572,True,1.3913,2.4309,0.2927,5.0146,10.6085,18.5915,21.6985,37.1323,0.1727,0.2919,0,False,placeholder_pending_replacement,42
TBI0112,tbi_low,4,VID_TBI0112_4dpf,dlc_resnet50_placeholder,head|midline_1|midline_2|midline_3|midline_4|tail_tip,0.9,0.9308,5.8132,True,1.0741,2.866,0.2698,7.7684,17.7986,26.2865,27.5644,46.6983,0.0879,0.4277,0,False,placeholder_pending_replacement,42
TBI0112,tbi_low,5,VID_TBI0112_5dpf,dlc_resnet50_placeholder,head|midline_1|midline_2|midline_3|midline_4|tail_tip,0.9,0.9715,3.5831,True,1.5328,3.7512,0.3473,3.3099,18.2214,35.2074,36.7451,59.0275,0.0148,0.2375,0,False,placeholder_pending_replacement,42
TBI0112,tbi_low,6,VID_TBI0112_6dpf,dlc_resnet50_placeholder,head|midline_1|midline_2|midline_3|midline_4|tail_tip,0.9,0.9345,2.8915,True,1.0576,2.1661,0.2629,5.5997,10.2102,17.7072,50.688,79.1588,0.0,0.3743,0,False,placeholder_pending_replacement,42
TBI0113,tbi_low,4,VID_TBI0113_4dpf,dlc_resnet50_placeholder,head|midline_1|midline_2|midline_3|midline_4|tail_tip,0.9,0.9345,2.1538,True,2.1162,4.6072,0.2931,5.3416,4.7512,8.5737,30.44,62.101,0.1963,0.4488,0,False,placeholder_pending_replacement,42
TBI0113,tbi_low,5,VID_TBI0113_5dpf,dlc_resnet50_placeholder,head|midline_1|midline_2|midline_3|midline_4|tail_tip,0.9,0.9194,0.0,True,1.595,4.3237,0.2805,4.2564,17.0087,24.0393,36.6081,80.2213,0.0907,0.1439,0,False,placeholder_pending_replacement,42
TBI0114,tbi_low,4,VID_TBI0114_4dpf,dlc_resnet50_placeholder,head|midline_1|midline_2|midline_3|midline_4|tail_tip,0.9,0.9672,2.5408,True,1.7187,4.7541,0.2695,3.6446,10.7808,20.6836,28.4794,52.2786,0.0,0.1301,0,False,placeholder_pending_replacement,42
TBI0114,tbi_low,5,VID_TBI0114_5dpf,dlc_resnet50_placeholder,head|midline_1|midline_2|midline_3|midline_4|tail_tip,0.9,0.9774,2.0382,True,2.9974,7.1954,0.084,8.9783,29.0461,39.8621,69.4758,106.6427,0.2598,1.36,1,False,placeholder_pending_replacement,42
TBI0114,tbi_low,6,VID_TBI0114_6dpf,dlc_resnet50_placeholder,head|midline_1|midline_2|midline_3|midline_4|tail_tip,0.9,0.9507,5.9568,True,3.4723,5.9325,0.2226,9.305,26.0847,36.2236,70.2269,108.6526,0.4257,1.3225,1,False,placeholder_pending_replacement,42
TBI0115,tbi_low,4,VID_TBI0115_4dpf,dlc_resnet50_placeholder,head|midline_1|midline_2|midline_3|midline_4|tail_tip,0.9,0.995,6.9459,True,3.1194,6.8166,0.1499,9.5627,25.0696,46.464,58.8321,99.1965,0.392,1.2538,1,False,placeholder_pending_replacement,42
TBI0115,tbi_low,5,VID_TBI0115_5dpf,dlc_resnet50_placeholder,head|midline_1|midline_2|midline_3|midline_4|tail_tip,0.9,0.9609,5.0946,True,2.7638,5.5769,0.1427,8.8745,21.602,31.7586,68.9308,110.1083,0.5371,1.2007,1,False,placeholder_pending_replacement,42
TBI0115,tbi_low,6,VID_TBI0115_6dpf,dlc_resnet50_placeholder,head|midline_1|midline_2|midline_3|midline_4|tail_tip,0.9,0.9645,0.5136,True,4.5535,10.3573,0.0624,12.2183,43.5554,77.7666,111.9362,156.712,1.7292,2.8742,3,False,placeholder_pending_replacement,42
TBI0116,tbi_low,4,VID_TBI0116_4dpf,dlc_resnet50_placeholder,head|midline_1|midline_2|midline_3|midline_4|tail_tip,0.9,0.975,4.4395,True,3.0684,8.5257,0.196,6.9513,22.93,44.418,78.1575,131.6353,0.4885,1.1548,2,False,placeholder_pending_replacement,42
TBI0116,tbi_low,5,VID_TBI0116_5dpf,dlc_resnet50_placeholder,head|midline_1|midline_2|midline_3|midline_4|tail_tip,0.9,0.995,6.1872,True,3.6346,10.1063,0.0963,6.8947,24.8483,43.9794,66.3708,143.3453,0.1941,1.2519,0,False,placeholder_pending_replacement,42
TBI0116,tbi_low,6,VID_TBI0116_6dpf,dlc_resnet50_placeholder,head|midline_1|midline_2|midline_3|midline_4|tail_tip,0.9,0.9837,3.0997,True,2.6632,5.8224,0.0896,9.8958,25.7317,43.7622,64.0968,147.3681,0.3745,1.2856,0,False,placeholder_pending_replacement,42
TBI0117,tbi_low,4,VID_TBI0117_4dpf,dlc_resnet50_placeholder,head|midline_1|midline_2|midline_3|midline_4|tail_tip,0.9,0.9597,0.0,True,1.5721,4.3117,0.3178,3.5356,23.136,36.4186,27.4841,59.206,0.0,0.2665,0,False,placeholder_pending_replacement,42
TBI0117,tbi_low,5,VID_TBI0117_5dpf,dlc_resnet50_placeholder,head|midline_1|midline_2|midline_3|midline_4|tail_tip,0.9,0.9821,5.5127,True,1.838,3.4595,0.2535,2.9576,16.4002,21.5447,18.8898,28.3391,0.0,0.2556,1,False,placeholder_pending_replacement,42
TBI0117,tbi_low,6,VID_TBI0117_6dpf,dlc_resnet50_placeholder,head|midline_1|midline_2|midline_3|midline_4|tail_tip,0.9,0.9704,5.0752,True,2.2831,4.7392,0.2782,4.5853,11.8836,22.9374,40.1606,85.3192,0.1416,0.3261,0,False,placeholder_pending_replacement,42
TBI0118,tbi_low,4,VID_TBI0118_4dpf,dlc_resnet50_placeholder,head|midline_1|midline_2|midline_3|midline_4|tail_tip,0.9,0.9733,0.1963,True,1.4924,3.1505,0.2489,4.5444,9.6371,16.6489,28.0017,39.3018,0.0036,0.1651,0,False,placeholder_pending_replacement,42
TBI0118,tbi_low,5,VID_TBI0118_5dpf,dlc_resnet50_placeholder,head|midline_1|midline_2|midline_3|midline_4|tail_tip,0.9,0.9343,0.0,True,0.8742,1.9516,0.3494,2.9573,13.2609,18.8589,45.1273,79.2637,0.0,0.3838,0,False,placeholder_pending_replacement,42
TBI0118,tbi_low,6,VID_TBI0118_6dpf,dlc_resnet50_placeholder,head|midline_1|midline_2|midline_3|midline_4|tail_tip,0.9,0.995,3.9658,True,1.9373,4.6007,0.2736,5.0573,17.0384,25.2681,34.1343,67.3006,0.0,0.207,0,False,placeholder_pending_replacement,42
TBI0119,tbi_low,4,VID_TBI0119_4dpf,dlc_resnet50_placeholder,head|midline_1|midline_2|midline_3|midline_4|tail_tip,0.9,0.9808,1.7046,True,1.5344,2.7709,0.2057,4.5572,13.1929,17.719,36.2453,72.0601,0.0907,0.1797,0,False,placeholder_pending_replacement,42
TBI0119,tbi_low,5,VID_TBI0119_5dpf,dlc_resnet50_placeholder,head|midline_1|midline_2|midline_3|midline_4|tail_tip,0.9,0.9554,0.3031,True,1.4407,3.6414,0.2953,5.0666,16.9904,24.9792,29.9077,64.5569,0.048,0.1904,0,False,placeholder_pending_replacement,42
TBI0119,tbi_low,6,VID_TBI0119_6dpf,dlc_resnet50_placeholder,head|midline_1|midline_2|midline_3|midline_4|tail_tip,0.9,0.9941,5.1852,True,1.9006,4.3386,0.2734,4.8707,15.2053,25.2431,31.7173,56.4878,0.0,0.1472,1,False,placeholder_pending_replacement,42
TBI0120,tbi_low,4,VID_TBI0120_4dpf,dlc_resnet50_placeholder,head|midline_1|midline_2|midline_3|midline_4|tail_tip,0.9,0.9492,2.3071,True,1.4137,3.5517,0.3497,4.1864,11.6249,22.2285,17.371,36.6947,0.0,0.2603,0,False,placeholder_pending_replacement,42
TBI0120,tbi_low,5,VID_TBI0120_5dpf,dlc_resnet50_placeholder,head|midline_1|midline_2|midline_3|midline_4|tail_tip,0.9,0.951,7.0999,True,2.1624,3.8876,0.2985,4.3569,11.0709,16.7019,39.29,90.0111,0.0,0.2735,0,False,placeholder_pending_replacement,42
TBI0120,tbi_low,6,VID_TBI0120_6dpf,dlc_resnet50_placeholder,head|midline_1|midline_2|midline_3|midline_4|tail_tip,0.9,0.9725,1.6215,True,1.4744,3.1658,0.2051,3.4711,12.8761,21.0476,42.4775,64.516,0.0428,0.2178,0,False,placeholder_pending_replacement,42
TBI0121,tbi_moderate,4,VID_TBI0121_4dpf,dlc_resnet50_placeholder,head|midline_1|midline_2|midline_3|midline_4|tail_tip,0.9,0.9219,0.0,True,1.3621,3.0137,0.2337,3.1784,11.1219,14.9979,28.3111,45.3556,0.1192,0.2376,0,False,placeholder_pending_replacement,42
TBI0121,tbi_moderate,5,VID_TBI0121_5dpf,dlc_resnet50_placeholder,head|midline_1|midline_2|midline_3|midline_4|tail_tip,0.9,0.9723,2.582,True,1.6785,2.721,0.2472,5.3524,15.397,26.0939,52.8269,82.204,0.0696,0.2995,0,False,placeholder_pending_replacement,42
TBI0121,tbi_moderate,6,VID_TBI0121_6dpf,dlc_resnet50_placeholder,head|midline_1|midline_2|midline_3|midline_4|tail_tip,0.9,0.7675,17.2853,False,1.9378,4.2557,0.2515,4.5506,14.135,26.6427,22.7423,40.5337,0.0,0.1907,0,False,placeholder_pending_replacement,42
TBI0122,tbi_moderate,4,VID_TBI0122_4dpf,dlc_resnet50_placeholder,head|midline_1|midline_2|midline_3|midline_4|tail_tip,0.9,0.9513,0.0,True,1.8429,4.0025,0.2768,5.7543,15.1116,27.5167,23.4693,43.0967,0.0933,0.267,0,False,placeholder_pending_replacement,42
TBI0122,tbi_moderate,5,VID_TBI0122_5dpf,dlc_resnet50_placeholder,head|midline_1|midline_2|midline_3|midline_4|tail_tip,0.9,0.9786,3.4063,True,1.4898,2.9038,0.225,5.3392,16.1908,24.3701,23.6705,38.0189,0.0,0.2266,0,False,placeholder_pending_replacement,42
TBI0122,tbi_moderate,6,VID_TBI0122_6dpf,dlc_resnet50_placeholder,head|midline_1|midline_2|midline_3|midline_4|tail_tip,0.9,0.9511,6.1764,True,2.9226,7.1714,0.1874,9.6795,27.5297,38.1394,72.9046,149.6125,0.4429,1.3164,1,False,placeholder_pending_replacement,42
TBI0123,tbi_moderate,4,VID_TBI0123_4dpf,dlc_resnet50_placeholder,head|midline_1|midline_2|midline_3|midline_4|tail_tip,0.9,0.9419,6.2034,True,4.1792,10.7894,0.0,16.7417,43.0343,63.8201,122.0472,280.2281,1.8586,3.2165,2,False,placeholder_pending_replacement,42
TBI0123,tbi_moderate,5,VID_TBI0123_5dpf,dlc_resnet50_placeholder,head|midline_1|midline_2|midline_3|midline_4|tail_tip,0.9,0.8146,18.7015,False,4.4874,9.3498,0.1333,15.3226,47.7621,78.039,111.2134,180.2545,1.776,3.0299,2,False,placeholder_pending_replacement,42
TBI0123,tbi_moderate,6,VID_TBI0123_6dpf,dlc_resnet50_placeholder,head|midline_1|midline_2|midline_3|midline_4|tail_tip,0.9,0.9891,2.6386,True,2.9185,5.1032,0.0725,9.9165,27.2508,50.4029,56.2683,110.0449,0.3661,1.3362,1,False,placeholder_pending_replacement,42
TBI0124,tbi_moderate,4,VID_TBI0124_4dpf,dlc_resnet50_placeholder,head|midline_1|midline_2|midline_3|midline_4|tail_tip,0.9,0.9765,0.7582,True,3.1005,6.6391,0.1064,10.3183,29.0296,42.2066,76.6917,144.052,0.3755,1.5104,1,False,placeholder_pending_replacement,42
TBI0124,tbi_moderate,5,VID_TBI0124_5dpf,dlc_resnet50_placeholder,head|midline_1|midline_2|midline_3|midline_4|tail_tip,0.9,0.9812,2.0566,True,3.1208,8.3038,0.1598,8.5621,28.1086,47.6693,63.2495,137.1018,0.1349,1.1779,1,False,placeholder_pending_replacement,42
TBI0124,tbi_moderate,6,VID_TBI0124_6dpf,dlc_resnet50_placeholder,head|midline_1|midline_2|midline_3|midline_4|tail_tip,0.9,0.995,0.0,True,3.311,8.2323,0.1079,7.2642,29.4797,44.2125,70.3518,137.176,0.1568,1.2797,1,False,placeholder_pending_replacement,42
TBI0125,tbi_moderate,4,VID_TBI0125_4dpf,dlc_resnet50_placeholder,head|midline_1|midline_2|midline_3|midline_4|tail_tip,0.9,0.9386,0.7882,True,1.3378,2.6466,0.277,4.3119,12.3301,16.7444,30.8469,57.6232,0.3654,0.2263,1,False,placeholder_pending_replacement,42
TBI0125,tbi_moderate,5,VID_TBI0125_5dpf,dlc_resnet50_placeholder,head|midline_1|midline_2|midline_3|midline_4|tail_tip,0.9,0.995,0.9909,True,1.4847,3.4669,0.2471,5.027,15.2689,29.122,26.3389,40.9691,0.0,0.1527,0,False,placeholder_pending_replacement,42
TBI0125,tbi_moderate,6,VID_TBI0125_6dpf,dlc_resnet50_placeholder,head|midline_1|midline_2|midline_3|midline_4|tail_tip,0.9,0.9322,2.3257,True,3.6241,10.0382,0.08,9.9366,19.3664,35.7645,77.3489,173.0225,0.0508,1.3644,1,False,placeholder_pending_replacement,42
TBI0126,tbi_moderate,4,VID_TBI0126_4dpf,dlc_resnet50_placeholder,head|midline_1|midline_2|midline_3|midline_4|tail_tip,0.9,0.9827,0.9862,True,2.9774,4.7957,0.1306,7.9936,27.3888,52.5474,79.1044,162.5584,0.2219,1.2627,1,False,placeholder_pending_replacement,42
TBI0126,tbi_moderate,5,VID_TBI0126_5dpf,dlc_resnet50_placeholder,head|midline_1|midline_2|midline_3|midline_4|tail_tip,0.9,0.9671,0.0,True,4.1344,7.4806,0.0717,15.2141,45.1996,63.9982,123.8747,184.345,1.6248,3.006,1,False,placeholder_pending_replacement,42
TBI0126,tbi_moderate,6,VID_TBI0126_6dpf,dlc_resnet50_placeholder,head|midline_1|midline_2|midline_3|midline_4|tail_tip,0.9,0.9309,6.3779,True,4.6966,8.9139,0.072,15.0647,44.2969,66.6819,118.5545,242.5419,1.3292,2.9691,2,False,placeholder_pending_replacement,42
TBI0127,tbi_moderate,4,VID_TBI0127_4dpf,dlc_resnet50_placeholder,head|midline_1|midline_2|midline_3|midline_4|tail_tip,0.9,0.995,7.2792,True,3.9754,9.0351,0.0989,17.2875,39.4123,75.4702,121.7111,229.9554,1.8362,3.0168,2,False,placeholder_pending_replacement,42
TBI0128,tbi_moderate,4,VID_TBI0128_4dpf,dlc_resnet50_placeholder,head|midline_1|midline_2|midline_3|midline_4|tail_tip,0.9,0.995,0.7727,True,2.8057,6.3463,0.2166,10.1132,26.63,43.742,83.3906,180.5419,0.2643,1.2693,1,False,placeholder_pending_replacement,42
TBI0128,tbi_moderate,5,VID_TBI0128_5dpf,dlc_resnet50_placeholder,head|midline_1|midline_2|midline_3|midline_4|tail_tip,0.9,0.9381,2.6624,True,3.3648,5.9868,0.1884,11.3071,28.3918,43.6811,78.1065,157.9958,0.1173,1.4346,2,False,placeholder_pending_replacement,42
TBI0128,tbi_moderate,6,VID_TBI0128_6dpf,dlc_resnet50_placeholder,head|midline_1|midline_2|midline_3|midline_4|tail_tip,0.9,0.9468,5.4862,True,1.6803,3.5321,0.3036,3.4492,10.3106,13.6954,34.2419,52.4581,0.2491,0.2556,0,False,placeholder_pending_replacement,42
TBI0129,tbi_moderate,4,VID_TBI0129_4dpf,dlc_resnet50_placeholder,head|midline_1|midline_2|midline_3|midline_4|tail_tip,0.9,0.9711,0.8207,True,1.3165,2.9493,0.2314,3.1144,14.7712,22.6524,36.1584,58.8128,0.0,0.1814,0,False,placeholder_pending_replacement,42
TBI0129,tbi_moderate,5,VID_TBI0129_5dpf,dlc_resnet50_placeholder,head|midline_1|midline_2|midline_3|midline_4|tail_tip,0.9,0.9676,0.0,True,1.447,2.4466,0.2629,4.5582,19.0873,35.7648,27.7532,52.7268,0.0,0.1709,0,False,placeholder_pending_replacement,42
TBI0129,tbi_moderate,6,VID_TBI0129_6dpf,dlc_resnet50_placeholder,head|midline_1|midline_2|midline_3|midline_4|tail_tip,0.9,0.9463,2.9185,True,3.0657,6.0869,0.1162,10.4197,26.2987,39.2291,74.6148,122.4438,0.4813,1.4746,2,False,placeholder_pending_replacement,42
TBI0130,tbi_moderate,4,VID_TBI0130_4dpf,dlc_resnet50_placeholder,head|midline_1|midline_2|midline_3|midline_4|tail_tip,0.9,0.9293,4.4719,True,1.5772,2.6256,0.251,3.442,10.9695,14.4479,22.7697,35.0104,0.0297,0.1746,0,False,placeholder_pending_replacement,42
TBI0130,tbi_moderate,5,VID_TBI0130_5dpf,dlc_resnet50_placeholder,head|midline_1|midline_2|midline_3|midline_4|tail_tip,0.9,0.9194,3.1184,True,3.0794,6.7266,0.0278,8.6067,26.9075,35.0484,69.5785,151.252,0.2618,1.389,1,False,placeholder_pending_replacement,42
TBI0130,tbi_moderate,6,VID_TBI0130_6dpf,dlc_resnet50_placeholder,head|midline_1|midline_2|midline_3|midline_4|tail_tip,0.9,0.9246,0.0,True,2.9083,5.2261,0.1419,9.2935,31.473,58.316,70.93,150.8427,0.4824,1.4133,1,False,placeholder_pending_replacement,42
TBI0131,tbi_moderate,4,VID_TBI0131_4dpf,dlc_resnet50_placeholder,head|midline_1|midline_2|midline_3|midline_4|tail_tip,0.9,0.995,3.673,True,3.4162,6.788,0.1402,8.683,25.6221,49.4857,60.9925,129.6363,0.5312,1.3469,2,False,placeholder_pending_replacement,42
TBI0131,tbi_moderate,5,VID_TBI0131_5dpf,dlc_resnet50_placeholder,head|midline_1|midline_2|midline_3|midline_4|tail_tip,0.9,0.9671,1.3518,True,1.2018,2.0517,0.2798,6.3002,14.6065,27.6674,37.6171,56.9826,0.0,0.2555,0,False,placeholder_pending_replacement,42
TBI0131,tbi_moderate,6,VID_TBI0131_6dpf,dlc_resnet50_placeholder,head|midline_1|midline_2|midline_3|midline_4|tail_tip,0.9,0.9814,4.3579,True,1.7004,3.1476,0.2605,3.6265,19.7104,39.1235,24.3921,41.1771,0.1929,0.2682,0,False,placeholder_pending_replacement,42
TBI0132,tbi_moderate,4,VID_TBI0132_4dpf,dlc_resnet50_placeholder,head|midline_1|midline_2|midline_3|midline_4|tail_tip,0.9,0.9943,1.0299,True,1.9694,4.699,0.2315,4.6544,17.1099,23.9879,35.6016,81.695,0.0,0.2429,0,False,placeholder_pending_replacement,42
TBI0132,tbi_moderate,5,VID_TBI0132_5dpf,dlc_resnet50_placeholder,head|midline_1|midline_2|midline_3|midline_4|tail_tip,0.9,0.9441,3.0643,True,2.5792,6.1574,0.1458,8.273,25.3765,36.5902,62.841,130.1848,0.51,1.1428,1,False,placeholder_pending_replacement,42
TBI0132,tbi_moderate,6,VID_TBI0132_6dpf,dlc_resnet50_placeholder,head|midline_1|midline_2|midline_3|midline_4|tail_tip,0.9,0.9469,0.0,True,3.1821,8.8467,0.0268,7.7227,32.1523,43.9281,61.9524,117.2817,0.4912,1.4809,1,False,placeholder_pending_replacement,42
TBI0133,tbi_moderate,4,VID_TBI0133_4dpf,dlc_resnet50_placeholder,head|midline_1|midline_2|midline_3|midline_4|tail_tip,0.9,0.9306,0.3629,True,3.0843,7.0861,0.2545,10.1845,24.7548,39.6224,74.9618,136.9086,0.2233,1.1911,1,False,placeholder_pending_replacement,42
TBI0133,tbi_moderate,5,VID_TBI0133_5dpf,dlc_resnet50_placeholder,head|midline_1|midline_2|midline_3|midline_4|tail_tip,0.9,0.9519,3.2151,True,1.5391,3.6297,0.3529,5.025,12.2136,18.6339,37.8325,79.2811,0.0693,0.2455,0,False,placeholder_pending_replacement,42
TBI0133,tbi_moderate,6,VID_TBI0133_6dpf,dlc_resnet50_placeholder,head|midline_1|midline_2|midline_3|midline_4|tail_tip,0.9,0.995,6.815,True,1.9233,5.3805,0.2961,2.8401,19.6486,32.2304,32.7791,67.2601,0.0,0.2721,1,False,placeholder_pending_replacement,42
TBI0134,tbi_moderate,4,VID_TBI0134_4dpf,dlc_resnet50_placeholder,head|midline_1|midline_2|midline_3|midline_4|tail_tip,0.9,0.9763,0.6288,True,2.9529,7.4503,0.1557,9.2452,28.3273,47.0006,73.6936,114.8457,0.4714,1.3639,1,False,placeholder_pending_replacement,42
TBI0134,tbi_moderate,5,VID_TBI0134_5dpf,dlc_resnet50_placeholder,head|midline_1|midline_2|midline_3|midline_4|tail_tip,0.9,0.9894,2.6737,True,1.8403,3.7768,0.2936,2.8983,16.9855,31.5025,23.1903,33.2782,0.0,0.252,0,False,placeholder_pending_replacement,42
TBI0134,tbi_moderate,6,VID_TBI0134_6dpf,dlc_resnet50_placeholder,head|midline_1|midline_2|midline_3|midline_4|tail_tip,0.9,0.9917,0.5028,True,1.6642,3.2189,0.2506,4.0868,14.2441,25.644,31.2664,61.159,0.0,0.0602,0,False,placeholder_pending_replacement,42
TBI0135,tbi_moderate,4,VID_TBI0135_4dpf,dlc_resnet50_placeholder,head|midline_1|midline_2|midline_3|midline_4|tail_tip,0.9,0.97,3.1963,True,3.9011,10.9186,0.0934,14.4651,42.1186,65.3446,111.9338,229.5718,1.7921,2.8232,3,False,placeholder_pending_replacement,42
TBI0135,tbi_moderate,5,VID_TBI0135_5dpf,dlc_resnet50_placeholder,head|midline_1|midline_2|midline_3|midline_4|tail_tip,0.9,0.9666,0.0,True,4.2631,8.3344,0.0766,13.8984,46.8098,77.8351,119.6529,203.2925,1.7428,2.9949,3,False,placeholder_pending_replacement,42
TBI0135,tbi_moderate,6,VID_TBI0135_6dpf,dlc_resnet50_placeholder,head|midline_1|midline_2|midline_3|midline_4|tail_tip,0.9,0.9286,7.917,True,0.6268,1.6081,0.7089,0.92,34.0119,45.6357,45.5167,80.3081,1.0913,1.6637,2,True,placeholder_pending_replacement,42
TBI0136,tbi_moderate,4,VID_TBI0136_4dpf,dlc_resnet50_placeholder,head|midline_1|midline_2|midline_3|midline_4|tail_tip,0.9,0.7888,13.9929,False,1.7588,3.8205,0.319,6.2314,14.7466,22.7289,44.562,82.9016,0.1468,0.3619,0,False,placeholder_pending_replacement,42
TBI0136,tbi_moderate,5,VID_TBI0136_5dpf,dlc_resnet50_placeholder,head|midline_1|midline_2|midline_3|midline_4|tail_tip,0.9,0.9595,5.1213,True,1.2732,3.4471,0.2405,2.1812,13.5855,22.9655,37.0651,63.8409,0.0,0.2309,0,False,placeholder_pending_replacement,42
TBI0136,tbi_moderate,6,VID_TBI0136_6dpf,dlc_resnet50_placeholder,head|midline_1|midline_2|midline_3|midline_4|tail_tip,0.9,0.9574,3.757,True,3.7731,7.5021,0.0559,14.3724,40.0247,71.0449,124.2136,272.9649,1.9543,2.9284,3,False,placeholder_pending_replacement,42
TBI0137,tbi_moderate,4,VID_TBI0137_4dpf,dlc_resnet50_placeholder,head|midline_1|midline_2|midline_3|midline_4|tail_tip,0.9,0.9568,2.56,True,2.9088,4.9039,0.1451,10.0938,29.4221,45.3085,54.4269,95.3663,0.4613,1.3147,1,False,placeholder_pending_replacement,42
TBI0137,tbi_moderate,5,VID_TBI0137_5dpf,dlc_resnet50_placeholder,head|midline_1|midline_2|midline_3|midline_4|tail_tip,0.9,0.9908,2.1562,True,3.1074,8.3192,0.0538,9.5094,28.4798,53.3712,79.1432,148.1535,0.4469,1.5588,0,False,placeholder_pending_replacement,42
TBI0137,tbi_moderate,6,VID_TBI0137_6dpf,dlc_resnet50_placeholder,head|midline_1|midline_2|midline_3|midline_4|tail_tip,0.9,0.9585,1.6958,True,3.0703,6.033,0.2248,8.5424,26.6351,49.719,80.8584,180.9085,0.5378,1.3036,1,False,placeholder_pending_replacement,42
TBI0138,tbi_moderate,4,VID_TBI0138_4dpf,dlc_resnet50_placeholder,head|midline_1|midline_2|midline_3|midline_4|tail_tip,0.9,0.9615,2.1857,True,1.553,3.7422,0.2726,2.8297,14.8031,28.2017,34.0916,62.9906,0.0,0.0946,0,False,placeholder_pending_replacement,42
TBI0138,tbi_moderate,5,VID_TBI0138_5dpf,dlc_resnet50_placeholder,head|midline_1|midline_2|midline_3|midline_4|tail_tip,0.9,0.9603,4.0448,True,1.9823,4.9922,0.2701,3.1572,15.763,27.9278,25.4699,40.7677,0.1054,0.2404,1,False,placeholder_pending_replacement,42
TBI0138,tbi_moderate,6,VID_TBI0138_6dpf,dlc_resnet50_placeholder,head|midline_1|midline_2|midline_3|midline_4|tail_tip,0.9,0.988,6.1443,True,1.8564,4.1003,0.2725,2.9382,13.5671,19.2513,38.0302,54.835,0.0,0.169,0,False,placeholder_pending_replacement,42
TBI0139,tbi_moderate,4,VID_TBI0139_4dpf,dlc_resnet50_placeholder,head|midline_1|midline_2|midline_3|midline_4|tail_tip,0.9,0.9619,3.6024,True,2.8731,7.6259,0.1817,9.037,28.8843,46.6223,70.308,140.7308,0.0,1.1366,1,False,placeholder_pending_replacement,42
TBI0139,tbi_moderate,5,VID_TBI0139_5dpf,dlc_resnet50_placeholder,head|midline_1|midline_2|midline_3|midline_4|tail_tip,0.9,0.9897,3.131,True,3.2102,7.1211,0.1443,9.4759,24.8232,44.8891,71.5442,140.1049,0.3212,1.3226,1,False,placeholder_pending_replacement,42
TBI0139,tbi_moderate,6,VID_TBI0139_6dpf,dlc_resnet50_placeholder,head|midline_1|midline_2|midline_3|midline_4|tail_tip,0.9,0.995,1.9892,True,2.8871,7.7354,0.1505,10.0193,34.8296,49.939,83.2552,128.0933,0.3801,1.5342,1,False,placeholder_pending_replacement,42
TBI0140,tbi_moderate,4,VID_TBI0140_4dpf,dlc_resnet50_placeholder,head|midline_1|midline_2|midline_3|midline_4|tail_tip,0.9,0.9356,3.7923,True,4.2588,8.8399,0.095,13.457,44.0299,86.0542,129.0539,265.0378,2.0824,3.0704,3,False,placeholder_pending_replacement,42
TBI0140,tbi_moderate,5,VID_TBI0140_5dpf,dlc_resnet50_placeholder,head|midline_1|midline_2|midline_3|midline_4|tail_tip,0.9,0.968,0.6149,True,4.2093,11.6558,0.0344,15.1404,45.7526,82.3723,116.3047,215.5755,1.4287,2.9606,2,False,placeholder_pending_replacement,42
TBI0140,tbi_moderate,6,VID_TBI0140_6dpf,dlc_resnet50_placeholder,head|midline_1|midline_2|midline_3|midline_4|tail_tip,0.9,0.9412,0.4841,True,3.0525,5.939,0.1406,7.9787,27.7272,38.3038,79.1076,128.353,0.084,1.2253,2,False,placeholder_pending_replacement,42
TBI0141,tbi_moderate,4,VID_TBI0141_4dpf,dlc_resnet50_placeholder,head|midline_1|midline_2|midline_3|midline_4|tail_tip,0.9,0.9607,0.9668,True,3.0499,7.5738,0.132,11.3387,22.615,30.6716,69.7529,112.8911,0.5561,1.4382,1,False,placeholder_pending_replacement,42
TBI0141,tbi_moderate,5,VID_TBI0141_5dpf,dlc_resnet50_placeholder,head|midline_1|midline_2|midline_3|midline_4|tail_tip,0.9,0.9527,4.581,True,3.9886,9.5213,0.0362,14.4667,46.9774,66.4379,126.7365,197.9994,1.6015,3.0153,1,False,placeholder_pending_replacement,42
TBI0141,tbi_moderate,6,VID_TBI0141_6dpf,dlc_resnet50_placeholder,head|midline_1|midline_2|midline_3|midline_4|tail_tip,0.9,0.9609,0.9137,True,4.0963,6.9597,0.0857,17.4541,42.8879,64.8188,122.2702,237.8528,1.7539,3.1008,2,False,placeholder_pending_replacement,42
TBI0142,tbi_moderate,4,VID_TBI0142_4dpf,dlc_resnet50_placeholder,head|midline_1|midline_2|midline_3|midline_4|tail_tip,0.9,0.9221,1.2244,True,4.1491,9.1492,0.1532,14.1471,46.3723,85.2998,127.5894,252.1499,1.748,2.9355,2,False,placeholder_pending_replacement,42
TBI0142,tbi_moderate,5,VID_TBI0142_5dpf,dlc_resnet50_placeholder,head|midline_1|midline_2|midline_3|midline_4|tail_tip,0.9,0.9812,4.027,True,4.2392,9.6166,0.0616,13.7538,47.596,77.7626,115.0973,189.6776,1.9782,3.0641,3,False,placeholder_pending_replacement,42
TBI0142,tbi_moderate,6,VID_TBI0142_6dpf,dlc_resnet50_placeholder,head|midline_1|midline_2|midline_3|midline_4|tail_tip,0.9,0.9582,0.0007,True,3.7102,7.7853,0.1109,15.2063,45.4182,87.4952,114.4606,174.1899,1.5285,2.786,2,False,placeholder_pending_replacement,42
TBI0143,tbi_moderate,4,VID_TBI0143_4dpf,dlc_resnet50_placeholder,head|midline_1|midline_2|midline_3|midline_4|tail_tip,0.9,0.9542,4.1198,True,1.7522,4.1821,0.3082,3.6989,13.3862,19.587,26.8153,51.3657,0.0468,0.161,0,False,placeholder_pending_replacement,42
TBI0143,tbi_moderate,5,VID_TBI0143_5dpf,dlc_resnet50_placeholder,head|midline_1|midline_2|midline_3|midline_4|tail_tip,0.9,0.9393,2.6642,True,4.2226,7.953,0.069,15.2659,41.9243,59.0719,116.5412,199.3607,1.9394,3.0371,3,False,placeholder_pending_replacement,42
TBI0143,tbi_moderate,6,VID_TBI0143_6dpf,dlc_resnet50_placeholder,head|midline_1|midline_2|midline_3|midline_4|tail_tip,0.9,0.9298,3.8678,True,3.5567,7.0305,0.156,8.1186,28.7262,56.3441,67.4853,115.3541,0.2593,1.3256,2,False,placeholder_pending_replacement,42
TBI0144,tbi_moderate,4,VID_TBI0144_4dpf,dlc_resnet50_placeholder,head|midline_1|midline_2|midline_3|midline_4|tail_tip,0.9,0.9844,3.4516,True,2.8638,5.0455,0.0695,9.9538,30.0381,50.617,68.2712,112.1456,0.5441,1.5077,1,False,placeholder_pending_replacement,42
TBI0144,tbi_moderate,5,VID_TBI0144_5dpf,dlc_resnet50_placeholder,head|midline_1|midline_2|midline_3|midline_4|tail_tip,0.9,0.9923,4.0767,True,3.0951,8.4152,0.1098,8.5349,23.0162,40.4763,71.8045,107.1847,0.4939,1.3163,1,False,placeholder_pending_replacement,42
TBI0144,tbi_moderate,6,VID_TBI0144_6dpf,dlc_resnet50_placeholder,head|midline_1|midline_2|midline_3|midline_4|tail_tip,0.9,0.9915,5.8975,True,1.2385,3.0859,0.3057,3.6462,13.6525,19.0356,30.0712,52.2139,0.0609,0.1646,0,False,placeholder_pending_replacement,42
TBI0145,tbi_moderate,4,VID_TBI0145_4dpf,dlc_resnet50_placeholder,head|midline_1|midline_2|midline_3|midline_4|tail_tip,0.9,0.9923,2.9483,True,4.5643,8.1816,0.053,15.1361,45.2794,78.3182,112.7235,247.3358,1.6819,3.0674,2,False,placeholder_pending_replacement,42
TBI0145,tbi_moderate,5,VID_TBI0145_5dpf,dlc_resnet50_placeholder,head|midline_1|midline_2|midline_3|midline_4|tail_tip,0.9,0.995,0.4078,True,3.7108,6.4677,0.1023,11.7613,30.3049,52.6511,82.7231,159.7526,0.2988,1.7543,1,False,placeholder_pending_replacement,42
TBI0145,tbi_moderate,6,VID_TBI0145_6dpf,dlc_resnet50_placeholder,head|midline_1|midline_2|midline_3|midline_4|tail_tip,0.9,0.9797,1.0805,True,2.9521,8.0851,0.1699,8.9006,32.8682,44.9826,66.4334,130.9545,0.3809,1.33,1,False,placeholder_pending_replacement,42
TBI0146,tbi_moderate,4,VID_TBI0146_4dpf,dlc_resnet50_placeholder,head|midline_1|midline_2|midline_3|midline_4|tail_tip,0.9,0.9405,0.7122,True,3.0358,7.0932,0.0787,8.6249,29.738,55.1433,76.5771,160.1388,0.3132,1.4262,1,False,placeholder_pending_replacement,42
TBI0146,tbi_moderate,5,VID_TBI0146_5dpf,dlc_resnet50_placeholder,head|midline_1|midline_2|midline_3|midline_4|tail_tip,0.9,0.9254,4.4191,True,2.6912,4.9207,0.1189,10.7564,26.8764,50.04,75.3292,131.191,0.3544,1.3837,1,False,placeholder_pending_replacement,42
TBI0146,tbi_moderate,6,VID_TBI0146_6dpf,dlc_resnet50_placeholder,head|midline_1|midline_2|midline_3|midline_4|tail_tip,0.9,0.995,2.1814,True,4.829,11.2478,0.0774,18.3679,41.9595,57.8525,107.9914,161.682,1.6365,3.1744,2,False,placeholder_pending_replacement,42
TBI0147,tbi_moderate,4,VID_TBI0147_4dpf,dlc_resnet50_placeholder,head|midline_1|midline_2|midline_3|midline_4|tail_tip,0.9,0.9424,2.5348,True,2.0365,3.9462,0.2536,1.964,17.8513,26.2488,43.2149,61.5013,0.0,0.365,0,False,placeholder_pending_replacement,42
TBI0147,tbi_moderate,5,VID_TBI0147_5dpf,dlc_resnet50_placeholder,head|midline_1|midline_2|midline_3|midline_4|tail_tip,0.9,0.995,6.036,True,1.6428,3.4713,0.2906,6.8245,14.8346,22.2107,16.7021,32.78,0.2061,0.3744,0,False,placeholder_pending_replacement,42
TBI0147,tbi_moderate,6,VID_TBI0147_6dpf,dlc_resnet50_placeholder,head|midline_1|midline_2|midline_3|midline_4|tail_tip,0.9,0.995,6.052,True,1.6819,4.3065,0.2656,4.5655,15.0183,20.8577,28.593,50.7169,0.0,0.1014,0,False,placeholder_pending_replacement,42
TBI0148,tbi_moderate,4,VID_TBI0148_4dpf,dlc_resnet50_placeholder,head|midline_1|midline_2|midline_3|midline_4|tail_tip,0.9,0.7666,18.0069,False,3.2045,5.2281,0.0458,9.8558,25.7568,50.863,77.5305,119.0953,0.2396,1.4837,1,False,placeholder_pending_replacement,42
TBI0148,tbi_moderate,5,VID_TBI0148_5dpf,dlc_resnet50_placeholder,head|midline_1|midline_2|midline_3|midline_4|tail_tip,0.9,0.995,3.6869,True,3.0361,5.2894,0.0958,7.6322,21.6158,35.6706,59.6059,102.413,0.6677,1.2326,1,False,placeholder_pending_replacement,42
TBI0148,tbi_moderate,6,VID_TBI0148_6dpf,dlc_resnet50_placeholder,head|midline_1|midline_2|midline_3|midline_4|tail_tip,0.9,0.965,1.5895,True,1.3719,2.8747,0.2379,5.8417,19.7431,31.4747,32.9183,57.692,0.0,0.2788,0,False,placeholder_pending_replacement,42
TBI0149,tbi_moderate,4,VID_TBI0149_4dpf,dlc_resnet50_placeholder,head|midline_1|midline_2|midline_3|midline_4|tail_tip,0.9,0.9804,0.0,True,2.7667,4.8624,0.1776,8.2426,26.6064,40.414,53.3455,122.3003,0.0891,0.9661,1,False,placeholder_pending_replacement,42
TBI0149,tbi_moderate,5,VID_TBI0149_5dpf,dlc_resnet50_placeholder,head|midline_1|midline_2|midline_3|midline_4|tail_tip,0.9,0.9933,2.4065,True,1.6825,3.567,0.2499,3.4553,11.6948,18.699,36.2954,76.3485,0.0,0.1458,0,False,placeholder_pending_replacement,42
TBI0149,tbi_moderate,6,VID_TBI0149_6dpf,dlc_resnet50_placeholder,head|midline_1|midline_2|midline_3|midline_4|tail_tip,0.9,0.995,2.3935,True,1.8829,3.9955,0.2866,3.54,11.2738,16.4556,23.326,43.4477,0.052,0.2291,0,False,placeholder_pending_replacement,42
TBI0150,tbi_moderate,4,VID_TBI0150_4dpf,dlc_resnet50_placeholder,head|midline_1|midline_2|midline_3|midline_4|tail_tip,0.9,0.9338,1.8586,True,4.2876,7.2021,0.1021,13.8378,44.5951,73.8931,120.4041,196.7781,1.5373,2.8653,2,False,placeholder_pending_replacement,42
TBI0150,tbi_moderate,5,VID_TBI0150_5dpf,dlc_resnet50_placeholder,head|midline_1|midline_2|midline_3|midline_4|tail_tip,0.9,0.9451,1.3095,True,4.9209,10.3478,0.0,13.9367,43.2321,58.9764,136.0894,211.2616,2.0377,3.3617,2,False,placeholder_pending_replacement,42
TBI0150,tbi_moderate,6,VID_TBI0150_6dpf,dlc_resnet50_placeholder,head|midline_1|midline_2|midline_3|midline_4|tail_tip,0.9,0.988,1.7618,True,1.4923,3.1603,0.2482,2.9668,13.2758,19.5643,46.9651,101.5571,0.0099,0.1998,0,False,placeholder_pending_replacement,42
TBI0151,tbi_moderate,4,VID_TBI0151_4dpf,dlc_resnet50_placeholder,head|midline_1|midline_2|midline_3|midline_4|tail_tip,0.9,0.964,3.185,True,1.8427,4.135,0.2864,5.7669,15.6167,24.5174,28.3194,59.7874,0.0,0.2275,0,False,placeholder_pending_replacement,42
TBI0151,tbi_moderate,5,VID_TBI0151_5dpf,dlc_resnet50_placeholder,head|midline_1|midline_2|midline_3|midline_4|tail_tip,0.9,0.9747,1.997,True,4.3966,7.7021,0.0886,11.4927,43.0975,82.7213,124.4058,181.1185,1.7737,2.8515,3,False,placeholder_pending_replacement,42
TBI0151,tbi_moderate,6,VID_TBI0151_6dpf,dlc_resnet50_placeholder,head|midline_1|midline_2|midline_3|midline_4|tail_tip,0.9,0.9816,5.2217,True,2.8783,7.2165,0.2074,8.7602,32.7422,64.328,66.1211,113.3905,0.353,1.2488,1,False,placeholder_pending_replacement,42
TBI0152,tbi_moderate,4,VID_TBI0152_4dpf,dlc_resnet50_placeholder,head|midline_1|midline_2|midline_3|midline_4|tail_tip,0.9,0.9817,2.0418,True,4.0302,8.2306,0.0454,14.0777,47.9832,74.7669,117.927,244.7593,1.6662,2.9772,3,False,placeholder_pending_replacement,42
TBI0152,tbi_moderate,5,VID_TBI0152_5dpf,dlc_resnet50_placeholder,head|midline_1|midline_2|midline_3|midline_4|tail_tip,0.9,0.9911,5.1342,True,3.795,7.2698,0.0315,15.908,42.6379,82.3352,124.8863,187.0578,1.7831,3.0378,3,False,placeholder_pending_replacement,42
TBI0152,tbi_moderate,6,VID_TBI0152_6dpf,dlc_resnet50_placeholder,head|midline_1|midline_2|midline_3|midline_4|tail_tip,0.9,0.9653,1.6367,True,4.3324,9.1267,0.0023,17.0308,39.7923,55.7238,115.2285,201.4223,1.539,3.0606,3,False,placeholder_pending_replacement,42
TBI0153,tbi_moderate,4,VID_TBI0153_4dpf,dlc_resnet50_placeholder,head|midline_1|midline_2|midline_3|midline_4|tail_tip,0.9,0.8935,5.1511,False,4.3258,9.1162,0.0421,15.2392,51.6155,75.1494,127.3965,201.2373,1.7039,3.2367,2,False,placeholder_pending_replacement,42
TBI0153,tbi_moderate,5,VID_TBI0153_5dpf,dlc_resnet50_placeholder,head|midline_1|midline_2|midline_3|midline_4|tail_tip,0.9,0.9708,4.497,True,4.4918,11.7923,0.0452,18.8458,41.7818,81.8943,134.8422,200.856,1.8697,3.4036,2,False,placeholder_pending_replacement,42
TBI0154,tbi_moderate,4,VID_TBI0154_4dpf,dlc_resnet50_placeholder,head|midline_1|midline_2|midline_3|midline_4|tail_tip,0.9,0.9198,4.1902,True,4.2704,8.9455,0.1179,16.2126,48.7586,90.0787,131.8237,220.6416,1.4227,3.074,3,False,placeholder_pending_replacement,42
TBI0154,tbi_moderate,5,VID_TBI0154_5dpf,dlc_resnet50_placeholder,head|midline_1|midline_2|midline_3|midline_4|tail_tip,0.9,0.9674,5.8458,True,1.1022,2.0533,0.7033,2.2099,36.522,52.3442,32.7555,55.6265,1.1652,1.4769,2,True,placeholder_pending_replacement,42
TBI0154,tbi_moderate,6,VID_TBI0154_6dpf,dlc_resnet50_placeholder,head|midline_1|midline_2|midline_3|midline_4|tail_tip,0.9,0.9092,3.3261,True,2.8182,6.8145,0.1232,9.672,26.9072,49.0618,69.3248,149.9723,0.3559,1.31,1,False,placeholder_pending_replacement,42
TBI0155,tbi_moderate,4,VID_TBI0155_4dpf,dlc_resnet50_placeholder,head|midline_1|midline_2|midline_3|midline_4|tail_tip,0.9,0.9215,3.3914,True,3.5288,6.9699,0.1585,6.115,29.3645,51.6495,67.3464,131.973,0.4937,1.2936,1,False,placeholder_pending_replacement,42
TBI0155,tbi_moderate,5,VID_TBI0155_5dpf,dlc_resnet50_placeholder,head|midline_1|midline_2|midline_3|midline_4|tail_tip,0.9,0.9506,3.0861,True,2.7638,5.2474,0.1962,10.4172,32.7582,57.1768,73.8957,106.6692,0.3443,1.374,1,False,placeholder_pending_replacement,42
TBI0155,tbi_moderate,6,VID_TBI0155_6dpf,dlc_resnet50_placeholder,head|midline_1|midline_2|midline_3|midline_4|tail_tip,0.9,0.9697,2.0577,True,2.7977,7.5316,0.1851,9.425,27.5306,41.6497,74.8646,161.823,0.3459,1.2584,2,False,placeholder_pending_replacement,42
TBI0156,tbi_moderate,4,VID_TBI0156_4dpf,dlc_resnet50_placeholder,head|midline_1|midline_2|midline_3|midline_4|tail_tip,0.9,0.995,3.9769,True,3.004,8.0977,0.1885,8.9685,32.7977,49.9058,68.3503,126.9439,0.0,1.2057,1,False,placeholder_pending_replacement,42
TBI0156,tbi_moderate,5,VID_TBI0156_5dpf,dlc_resnet50_placeholder,head|midline_1|midline_2|midline_3|midline_4|tail_tip,0.9,0.9542,2.8648,True,4.0843,11.3915,0.0591,14.3965,50.5416,97.5416,125.295,253.8827,1.595,3.0526,2,False,placeholder_pending_replacement,42
TBI0156,tbi_moderate,6,VID_TBI0156_6dpf,dlc_resnet50_placeholder,head|midline_1|midline_2|midline_3|midline_4|tail_tip,0.9,0.9281,1.5047,True,2.8908,5.7746,0.0888,9.7964,32.1082,63.161,63.1427,131.3319,0.389,1.4339,1,False,placeholder_pending_replacement,42
TBI0157,tbi_moderate,4,VID_TBI0157_4dpf,dlc_resnet50_placeholder,head|midline_1|midline_2|midline_3|midline_4|tail_tip,0.9,0.9525,1.7835,True,1.5201,4.0834,0.1593,1.9054,12.8172,23.734,23.1915,51.2669,0.1503,0.3766,0,False,placeholder_pending_replacement,42
TBI0157,tbi_moderate,5,VID_TBI0157_5dpf,dlc_resnet50_placeholder,head|midline_1|midline_2|midline_3|midline_4|tail_tip,0.9,0.9604,1.6365,True,2.9481,8.1738,0.0943,8.7662,31.3396,49.0176,59.8949,87.0208,0.4054,1.3554,1,False,placeholder_pending_replacement,42
TBI0157,tbi_moderate,6,VID_TBI0157_6dpf,dlc_resnet50_placeholder,head|midline_1|midline_2|midline_3|midline_4|tail_tip,0.9,0.9675,2.4359,True,4.4003,11.1979,0.0261,15.4056,50.3987,99.2217,130.2852,275.7683,1.668,3.2655,2,False,placeholder_pending_replacement,42
TBI0158,tbi_moderate,4,VID_TBI0158_4dpf,dlc_resnet50_placeholder,head|midline_1|midline_2|midline_3|midline_4|tail_tip,0.9,0.995,1.1247,True,2.8444,4.7122,0.1454,10.383,31.0472,46.9572,61.3474,132.0525,0.2359,1.31,1,False,placeholder_pending_replacement,42
TBI0158,tbi_moderate,5,VID_TBI0158_5dpf,dlc_resnet50_placeholder,head|midline_1|midline_2|midline_3|midline_4|tail_tip,0.9,0.9818,3.2181,True,4.2719,8.6559,0.0793,13.3762,41.2908,66.0641,126.4984,243.0593,2.0284,3.0085,2,False,placeholder_pending_replacement,42
TBI0158,tbi_moderate,6,VID_TBI0158_6dpf,dlc_resnet50_placeholder,head|midline_1|midline_2|midline_3|midline_4|tail_tip,0.9,0.9939,5.0477,True,4.323,8.0695,0.1005,14.6516,48.4945,76.096,124.2316,251.8734,1.8368,3.1074,3,False,placeholder_pending_replacement,42
TBI0159,tbi_moderate,4,VID_TBI0159_4dpf,dlc_resnet50_placeholder,head|midline_1|midline_2|midline_3|midline_4|tail_tip,0.9,0.921,0.0,True,1.6989,4.3341,0.3029,4.7165,18.7182,30.9666,39.9765,62.3309,0.4488,0.3857,0,False,placeholder_pending_replacement,42
TBI0159,tbi_moderate,5,VID_TBI0159_5dpf,dlc_resnet50_placeholder,head|midline_1|midline_2|midline_3|midline_4|tail_tip,0.9,0.9436,4.9474,True,1.3078,3.2769,0.3305,6.5024,12.1164,20.3616,43.8984,92.1776,0.0,0.3637,0,False,placeholder_pending_replacement,42
TBI0159,tbi_moderate,6,VID_TBI0159_6dpf,dlc_resnet50_placeholder,head|midline_1|midline_2|midline_3|midline_4|tail_tip,0.9,0.9316,4.1519,True,2.7337,6.1414,0.1506,9.4843,27.1762,52.749,75.1814,164.4051,0.3663,1.2922,1,False,placeholder_pending_replacement,42
TBI0160,tbi_moderate,4,VID_TBI0160_4dpf,dlc_resnet50_placeholder,head|midline_1|midline_2|midline_3|midline_4|tail_tip,0.9,0.8789,4.7141,False,4.642,11.8595,0.0961,14.6065,39.7109,57.231,119.6535,188.7408,1.9251,3.0324,2,False,placeholder_pending_replacement,42
TBI0160,tbi_moderate,5,VID_TBI0160_5dpf,dlc_resnet50_placeholder,head|midline_1|midline_2|midline_3|midline_4|tail_tip,0.9,0.9498,0.7258,True,4.7835,8.816,0.0748,15.7051,46.9637,63.5863,118.4397,239.6151,2.1646,3.3418,3,False,placeholder_pending_replacement,42
TBI0160,tbi_moderate,6,VID_TBI0160_6dpf,dlc_resnet50_placeholder,head|midline_1|midline_2|midline_3|midline_4|tail_tip,0.9,0.9623,2.0667,True,4.6564,12.3381,0.0643,15.5042,46.3237,74.0267,108.8069,238.8673,1.5697,3.0502,3,False,placeholder_pending_replacement,42
TBI0161,tbi_moderate,4,VID_TBI0161_4dpf,dlc_resnet50_placeholder,head|midline_1|midline_2|midline_3|midline_4|tail_tip,0.9,0.995,2.5335,True,2.7676,5.0219,0.2021,9.4792,26.8704,53.1045,75.1878,118.4401,0.0375,1.123,1,False,placeholder_pending_replacement,42
TBI0161,tbi_moderate,5,VID_TBI0161_5dpf,dlc_resnet50_placeholder,head|midline_1|midline_2|midline_3|midline_4|tail_tip,0.9,0.9545,4.7845,True,3.674,7.8829,0.1381,8.9915,28.7676,40.5992,66.7366,102.4522,0.4724,1.4872,1,False,placeholder_pending_replacement,42
TBI0161,tbi_moderate,6,VID_TBI0161_6dpf,dlc_resnet50_placeholder,head|midline_1|midline_2|midline_3|midline_4|tail_tip,0.9,0.9784,2.3104,True,4.4664,9.3294,0.0543,13.0563,40.8828,62.7058,122.3367,176.9756,1.4693,2.843,2,False,placeholder_pending_replacement,42
TBI0162,tbi_moderate,4,VID_TBI0162_4dpf,dlc_resnet50_placeholder,head|midline_1|midline_2|midline_3|midline_4|tail_tip,0.9,0.9567,0.7299,True,2.5723,5.4808,0.0278,11.699,28.9255,39.803,67.3274,101.8255,0.4059,1.5233,1,False,placeholder_pending_replacement,42
TBI0162,tbi_moderate,5,VID_TBI0162_5dpf,dlc_resnet50_placeholder,head|midline_1|midline_2|midline_3|midline_4|tail_tip,0.9,0.971,0.6468,True,2.5618,4.7659,0.1888,8.2731,23.5378,34.9427,63.1709,103.6172,0.4125,1.0269,1,False,placeholder_pending_replacement,42
TBI0162,tbi_moderate,6,VID_TBI0162_6dpf,dlc_resnet50_placeholder,head|midline_1|midline_2|midline_3|midline_4|tail_tip,0.9,0.9604,1.5856,True,3.1759,6.125,0.1136,8.1288,29.6312,48.9091,76.6961,154.0971,0.2688,1.3705,2,False,placeholder_pending_replacement,42
TBI0163,tbi_moderate,4,VID_TBI0163_4dpf,dlc_resnet50_placeholder,head|midline_1|midline_2|midline_3|midline_4|tail_tip,0.9,0.9537,5.5088,True,3.3095,6.543,0.1512,9.3752,27.5837,41.6788,69.2315,108.977,0.4967,1.4202,1,False,placeholder_pending_replacement,42
TBI0163,tbi_moderate,5,VID_TBI0163_5dpf,dlc_resnet50_placeholder,head|midline_1|midline_2|midline_3|midline_4|tail_tip,0.9,0.9665,3.6858,True,2.9862,4.8562,0.1151,10.633,30.9536,46.6102,72.2806,104.6738,0.4585,1.5273,1,False,placeholder_pending_replacement,42
TBI0163,tbi_moderate,6,VID_TBI0163_6dpf,dlc_resnet50_placeholder,head|midline_1|midline_2|midline_3|midline_4|tail_tip,0.9,0.956,0.9583,True,3.4402,8.2151,0.0381,12.1673,26.8307,49.6899,82.3231,138.0062,0.5235,1.8115,1,False,placeholder_pending_replacement,42
TBI0164,tbi_moderate,4,VID_TBI0164_4dpf,dlc_resnet50_placeholder,head|midline_1|midline_2|midline_3|midline_4|tail_tip,0.9,0.9569,3.3986,True,3.8508,6.3695,0.1314,14.391,48.8654,75.8198,111.4048,227.3232,1.732,2.8527,3,False,placeholder_pending_replacement,42
TBI0164,tbi_moderate,5,VID_TBI0164_5dpf,dlc_resnet50_placeholder,head|midline_1|midline_2|midline_3|midline_4|tail_tip,0.9,0.995,3.1051,True,3.6238,7.0409,0.1215,7.4536,27.8242,52.4649,74.1147,163.3522,0.1451,1.3301,2,False,placeholder_pending_replacement,42
TBI0164,tbi_moderate,6,VID_TBI0164_6dpf,dlc_resnet50_placeholder,head|midline_1|midline_2|midline_3|midline_4|tail_tip,0.9,0.9867,1.7058,True,3.5031,5.9764,0.1243,10.7303,23.2358,39.5871,93.5049,191.5317,0.2903,1.571,2,False,placeholder_pending_replacement,42
TBI0165,tbi_moderate,4,VID_TBI0165_4dpf,dlc_resnet50_placeholder,head|midline_1|midline_2|midline_3|midline_4|tail_tip,0.9,0.9938,3.6785,True,4.4559,8.0885,0.0559,14.2996,43.7718,75.3381,124.496,277.0383,1.67,3.0359,3,False,placeholder_pending_replacement,42
TBI0165,tbi_moderate,5,VID_TBI0165_5dpf,dlc_resnet50_placeholder,head|midline_1|midline_2|midline_3|midline_4|tail_tip,0.9,0.9937,0.9449,True,2.5322,5.593,0.1207,7.5266,25.78,47.4655,74.2753,140.4059,0.0186,1.0324,1,False,placeholder_pending_replacement,42
TBI0165,tbi_moderate,6,VID_TBI0165_6dpf,dlc_resnet50_placeholder,head|midline_1|midline_2|midline_3|midline_4|tail_tip,0.9,0.9765,0.5874,True,0.6735,1.3017,0.7816,1.9211,42.1906,75.7729,50.6044,91.6152,1.2834,1.9155,2,True,placeholder_pending_replacement,42
TBI0166,tbi_moderate,4,VID_TBI0166_4dpf,dlc_resnet50_placeholder,head|midline_1|midline_2|midline_3|midline_4|tail_tip,0.9,0.9131,5.7546,True,1.5357,2.9789,0.3191,4.1377,14.4007,19.4191,18.7613,36.5081,0.0,0.1546,0,False,placeholder_pending_replacement,42
TBI0166,tbi_moderate,5,VID_TBI0166_5dpf,dlc_resnet50_placeholder,head|midline_1|midline_2|midline_3|midline_4|tail_tip,0.9,0.995,4.0336,True,1.0965,2.9305,0.3011,2.6218,14.1389,22.5815,29.2936,55.9109,0.2949,0.3248,0,False,placeholder_pending_replacement,42
TBI0166,tbi_moderate,6,VID_TBI0166_6dpf,dlc_resnet50_placeholder,head|midline_1|midline_2|midline_3|midline_4|tail_tip,0.9,0.9258,8.114,True,3.5147,6.645,0.1443,6.3045,32.7756,53.5005,79.7777,128.7643,0.2815,1.3781,1,False,placeholder_pending_replacement,42
TBI0167,tbi_moderate,4,VID_TBI0167_4dpf,dlc_resnet50_placeholder,head|midline_1|midline_2|midline_3|midline_4|tail_tip,0.9,0.995,1.3272,True,3.1772,6.668,0.1681,9.7662,30.6818,58.6683,84.6752,123.2067,0.563,1.5599,2,False,placeholder_pending_replacement,42
TBI0167,tbi_moderate,5,VID_TBI0167_5dpf,dlc_resnet50_placeholder,head|midline_1|midline_2|midline_3|midline_4|tail_tip,0.9,0.9465,0.0575,True,1.6055,4.0532,0.37,4.0829,12.2982,19.2873,46.9672,75.8348,0.0,0.2526,0,False,placeholder_pending_replacement,42
TBI0167,tbi_moderate,6,VID_TBI0167_6dpf,dlc_resnet50_placeholder,head|midline_1|midline_2|midline_3|midline_4|tail_tip,0.9,0.9603,6.7484,True,1.7314,3.6636,0.2826,5.3051,15.1127,27.6699,25.0873,51.052,0.0,0.185,0,False,placeholder_pending_replacement,42
TBI0168,tbi_moderate,4,VID_TBI0168_4dpf,dlc_resnet50_placeholder,head|midline_1|midline_2|midline_3|midline_4|tail_tip,0.9,0.96,1.4371,True,1.2443,3.0698,0.2275,4.7821,12.6826,24.735,20.3755,40.299,0.2361,0.3276,0,False,placeholder_pending_replacement,42
TBI0168,tbi_moderate,5,VID_TBI0168_5dpf,dlc_resnet50_placeholder,head|midline_1|midline_2|midline_3|midline_4|tail_tip,0.9,0.9841,3.3378,True,3.1425,8.1003,0.0748,11.3043,24.9456,46.1577,74.7037,133.8652,0.3089,1.5096,1,False,placeholder_pending_replacement,42
TBI0168,tbi_moderate,6,VID_TBI0168_6dpf,dlc_resnet50_placeholder,head|midline_1|midline_2|midline_3|midline_4|tail_tip,0.9,0.9746,3.1103,True,4.2938,8.9703,0.0294,13.7116,41.248,77.3666,130.1733,193.9932,1.7385,3.0156,3,False,placeholder_pending_replacement,42
TBI0169,tbi_moderate,4,VID_TBI0169_4dpf,dlc_resnet50_placeholder,head|midline_1|midline_2|midline_3|midline_4|tail_tip,0.9,0.9651,0.0,True,2.6099,6.1368,0.1608,9.2714,25.2334,34.3985,69.3933,120.0567,0.3747,1.1784,1,False,placeholder_pending_replacement,42
TBI0169,tbi_moderate,5,VID_TBI0169_5dpf,dlc_resnet50_placeholder,head|midline_1|midline_2|midline_3|midline_4|tail_tip,0.9,0.9752,0.2446,True,2.8267,6.0977,0.2286,8.8931,27.3175,51.7618,54.726,86.8039,0.4022,1.0783,1,False,placeholder_pending_replacement,42
TBI0169,tbi_moderate,6,VID_TBI0169_6dpf,dlc_resnet50_placeholder,head|midline_1|midline_2|midline_3|midline_4|tail_tip,0.9,0.9511,0.4464,True,2.8089,7.04,0.172,8.3093,25.6679,40.7757,75.8956,144.5405,0.351,1.191,1,False,placeholder_pending_replacement,42
TBI0170,tbi_moderate,4,VID_TBI0170_4dpf,dlc_resnet50_placeholder,head|midline_1|midline_2|midline_3|midline_4|tail_tip,0.9,0.9287,4.5734,True,1.5118,3.6367,0.2418,0.9319,14.2114,22.2723,26.321,56.8915,0.0,0.2493,0,False,placeholder_pending_replacement,42
TBI0170,tbi_moderate,5,VID_TBI0170_5dpf,dlc_resnet50_placeholder,head|midline_1|midline_2|midline_3|midline_4|tail_tip,0.9,0.9647,0.0,True,1.1812,2.103,0.256,5.901,11.8147,20.2372,27.2294,40.5261,0.0,0.264,0,False,placeholder_pending_replacement,42
TBI0170,tbi_moderate,6,VID_TBI0170_6dpf,dlc_resnet50_placeholder,head|midline_1|midline_2|midline_3|midline_4|tail_tip,0.9,0.9826,2.7784,True,1.3747,2.7192,0.258,3.5348,13.9912,21.2572,31.8833,66.0177,0.1488,0.1271,0,False,placeholder_pending_replacement,42
TBI0171,tbi_moderate,4,VID_TBI0171_4dpf,dlc_resnet50_placeholder,head|midline_1|midline_2|midline_3|midline_4|tail_tip,0.9,0.9415,3.6165,True,3.6414,6.9662,0.1669,10.1023,22.4942,31.9254,80.3609,113.8723,0.2523,1.411,1,False,placeholder_pending_replacement,42
TBI0171,tbi_moderate,5,VID_TBI0171_5dpf,dlc_resnet50_placeholder,head|midline_1|midline_2|midline_3|midline_4|tail_tip,0.9,0.9739,5.4088,True,2.8785,5.2834,0.1094,9.3701,24.0642,32.6071,82.6223,188.5552,0.622,1.4427,1,False,placeholder_pending_replacement,42
TBI0171,tbi_moderate,6,VID_TBI0171_6dpf,dlc_resnet50_placeholder,head|midline_1|midline_2|midline_3|midline_4|tail_tip,0.9,0.9511,1.486,True,1.2621,2.4964,0.2405,4.2433,10.7606,16.0631,22.3112,33.2639,0.0,0.2203,1,False,placeholder_pending_replacement,42
TBI0172,tbi_moderate,4,VID_TBI0172_4dpf,dlc_resnet50_placeholder,head|midline_1|midline_2|midline_3|midline_4|tail_tip,0.9,0.927,4.7546,True,1.3747,2.2083,0.2926,2.2343,12.9346,19.6031,34.3428,68.7693,0.0,0.1932,0,False,placeholder_pending_replacement,42
TBI0172,tbi_moderate,5,VID_TBI0172_5dpf,dlc_resnet50_placeholder,head|midline_1|midline_2|midline_3|midline_4|tail_tip,0.9,0.9752,3.8458,True,1.3673,3.1397,0.3118,5.2498,16.2497,23.6657,35.5209,56.607,0.0861,0.2444,0,False,placeholder_pending_replacement,42
TBI0172,tbi_moderate,6,VID_TBI0172_6dpf,dlc_resnet50_placeholder,head|midline_1|midline_2|midline_3|midline_4|tail_tip,0.9,0.9949,0.1905,True,1.2459,3.1119,0.2524,4.2659,8.1218,11.9389,25.7594,39.3241,0.0,0.2342,0,False,placeholder_pending_replacement,42
TBI0173,tbi_moderate,4,VID_TBI0173_4dpf,dlc_resnet50_placeholder,head|midline_1|midline_2|midline_3|midline_4|tail_tip,0.9,0.9913,2.2047,True,1.5779,3.1764,0.229,4.1255,11.2774,18.7357,42.2173,77.3126,0.1453,0.2163,0,False,placeholder_pending_replacement,42
TBI0173,tbi_moderate,5,VID_TBI0173_5dpf,dlc_resnet50_placeholder,head|midline_1|midline_2|midline_3|midline_4|tail_tip,0.9,0.9632,2.2747,True,3.0751,6.0985,0.1714,8.9345,25.8942,48.1755,62.4079,93.5767,0.3827,1.2161,1,False,placeholder_pending_replacement,42
TBI0173,tbi_moderate,6,VID_TBI0173_6dpf,dlc_resnet50_placeholder,head|midline_1|midline_2|midline_3|midline_4|tail_tip,0.9,0.9537,3.7073,True,3.01,7.3011,0.0572,9.8438,32.1939,44.3158,62.0684,105.1368,0.2426,1.4452,2,False,placeholder_pending_replacement,42
TBI0174,tbi_moderate,4,VID_TBI0174_4dpf,dlc_resnet50_placeholder,head|midline_1|midline_2|midline_3|midline_4|tail_tip,0.9,0.9709,3.5579,True,1.6503,4.4886,0.2977,4.7871,11.4845,17.89,39.1706,72.7697,0.0609,0.2025,0,False,placeholder_pending_replacement,42
TBI0174,tbi_moderate,5,VID_TBI0174_5dpf,dlc_resnet50_placeholder,head|midline_1|midline_2|midline_3|midline_4|tail_tip,0.9,0.9491,5.7142,True,0.883,2.1771,0.2185,5.2328,17.5757,29.3089,43.2493,74.6912,0.0905,0.4254,0,False,placeholder_pending_replacement,42
TBI0175,tbi_moderate,4,VID_TBI0175_4dpf,dlc_resnet50_placeholder,head|midline_1|midline_2|midline_3|midline_4|tail_tip,0.9,0.974,2.2736,True,2.8871,6.986,0.2396,8.688,26.8787,35.4525,67.6669,128.6419,0.6343,1.2136,1,False,placeholder_pending_replacement,42
TBI0175,tbi_moderate,5,VID_TBI0175_5dpf,dlc_resnet50_placeholder,head|midline_1|midline_2|midline_3|midline_4|tail_tip,0.9,0.9712,2.9878,True,2.9909,7.4937,0.0375,9.7325,30.6768,59.6711,83.5287,171.0972,0.2331,1.5578,2,False,placeholder_pending_replacement,42
TBI0175,tbi_moderate,6,VID_TBI0175_6dpf,dlc_resnet50_placeholder,head|midline_1|midline_2|midline_3|midline_4|tail_tip,0.9,0.9568,2.1354,True,3.3742,8.6352,0.0236,9.5333,29.8102,53.2288,69.8613,159.294,0.2466,1.5519,1,False,placeholder_pending_replacement,42
TBI0176,tbi_moderate,4,VID_TBI0176_4dpf,dlc_resnet50_placeholder,head|midline_1|midline_2|midline_3|midline_4|tail_tip,0.9,0.9633,3.3978,True,3.0217,7.0811,0.0994,10.8531,29.1254,40.2351,66.2681,147.0707,0.3066,1.4487,0,False,placeholder_pending_replacement,42
TBI0176,tbi_moderate,5,VID_TBI0176_5dpf,dlc_resnet50_placeholder,head|midline_1|midline_2|midline_3|midline_4|tail_tip,0.9,0.9866,0.843,True,3.5647,9.6637,0.0212,18.3261,42.8599,85.4998,106.5777,189.1822,1.754,3.0214,3,False,placeholder_pending_replacement,42
TBI0176,tbi_moderate,6,VID_TBI0176_6dpf,dlc_resnet50_placeholder,head|midline_1|midline_2|midline_3|midline_4|tail_tip,0.9,0.9532,6.3181,True,4.063,7.8263,0.0959,14.4915,43.2754,65.3022,124.5611,285.7618,1.8697,2.9758,3,False,placeholder_pending_replacement,42
TBI0177,tbi_moderate,4,VID_TBI0177_4dpf,dlc_resnet50_placeholder,head|midline_1|midline_2|midline_3|midline_4|tail_tip,0.9,0.9366,3.2276,True,3.6931,6.7474,0.1319,13.6661,44.5094,70.0258,106.6251,215.1839,1.8493,2.7171,3,False,placeholder_pending_replacement,42
TBI0177,tbi_moderate,5,VID_TBI0177_5dpf,dlc_resnet50_placeholder,head|midline_1|midline_2|midline_3|midline_4|tail_tip,0.9,0.9731,2.1455,True,1.6185,4.088,0.3397,2.2977,18.495,28.1729,27.4018,51.1117,0.0753,0.3192,0,False,placeholder_pending_replacement,42
TBI0177,tbi_moderate,6,VID_TBI0177_6dpf,dlc_resnet50_placeholder,head|midline_1|midline_2|midline_3|midline_4|tail_tip,0.9,0.9494,5.9492,True,1.5392,2.816,0.3281,5.1417,15.2762,30.4713,27.3413,61.4716,0.093,0.2148,0,False,placeholder_pending_replacement,42
TBI0178,tbi_moderate,4,VID_TBI0178_4dpf,dlc_resnet50_placeholder,head|midline_1|midline_2|midline_3|midline_4|tail_tip,0.9,0.9579,3.9556,True,3.688,7.7919,0.1367,14.292,42.3951,63.6684,115.1606,246.6471,1.8012,2.7445,1,False,placeholder_pending_replacement,42
TBI0178,tbi_moderate,5,VID_TBI0178_5dpf,dlc_resnet50_placeholder,head|midline_1|midline_2|midline_3|midline_4|tail_tip,0.9,0.7645,16.8139,False,0.0229,0.0484,0.7739,0.9047,32.2253,63.1635,35.9034,70.7429,1.0282,1.7597,2,True,placeholder_pending_replacement,42
TBI0178,tbi_moderate,6,VID_TBI0178_6dpf,dlc_resnet50_placeholder,head|midline_1|midline_2|midline_3|midline_4|tail_tip,0.9,0.9259,1.4189,True,3.2898,8.8234,0.1507,8.8494,25.2563,43.0352,71.0925,146.433,0.5445,1.3758,0,False,placeholder_pending_replacement,42
TBI0179,tbi_moderate,4,VID_TBI0179_4dpf,dlc_resnet50_placeholder,head|midline_1|midline_2|midline_3|midline_4|tail_tip,0.9,0.995,2.0921,True,1.4364,2.8113,0.3543,1.89,17.8534,31.9012,45.2362,91.8591,0.1425,0.4318,0,False,placeholder_pending_replacement,42
TBI0179,tbi_moderate,5,VID_TBI0179_5dpf,dlc_resnet50_placeholder,head|midline_1|midline_2|midline_3|midline_4|tail_tip,0.9,0.9533,5.6632,True,1.3923,2.7979,0.3075,5.6067,11.4758,20.9335,26.4444,47.6719,0.0,0.242,1,False,placeholder_pending_replacement,42
TBI0179,tbi_moderate,6,VID_TBI0179_6dpf,dlc_resnet50_placeholder,head|midline_1|midline_2|midline_3|midline_4|tail_tip,0.9,0.995,6.9411,True,1.6169,4.4557,0.2803,4.0693,16.1527,32.2425,38.9885,82.7127,0.2552,0.1926,0,False,placeholder_pending_replacement,42
TBI0180,tbi_moderate,4,VID_TBI0180_4dpf,dlc_resnet50_placeholder,head|midline_1|midline_2|midline_3|midline_4|tail_tip,0.9,0.9846,4.0582,True,4.3345,10.9245,0.0602,16.1728,41.8538,66.8212,122.9289,228.2316,2.0125,3.1825,3,False,placeholder_pending_replacement,42
TBI0180,tbi_moderate,5,VID_TBI0180_5dpf,dlc_resnet50_placeholder,head|midline_1|midline_2|midline_3|midline_4|tail_tip,0.9,0.995,3.0742,True,2.9822,5.8903,0.1864,6.1832,31.5097,41.0907,64.7082,128.2791,0.3923,1.1365,1,False,placeholder_pending_replacement,42
TBI0180,tbi_moderate,6,VID_TBI0180_6dpf,dlc_resnet50_placeholder,head|midline_1|midline_2|midline_3|midline_4|tail_tip,0.9,0.9353,0.0,True,3.1377,8.0407,0.1717,9.5977,29.5667,44.5604,64.653,145.9149,0.2973,1.3117,2,False,placeholder_pending_replacement,42
TBI0181,tbi_high,4,VID_TBI0181_4dpf,dlc_resnet50_placeholder,head|midline_1|midline_2|midline_3|midline_4|tail_tip,0.9,0.995,2.8161,True,3.4774,7.4636,0.0738,9.5705,25.359,47.6863,81.0133,131.938,0.5521,1.6097,1,False,placeholder_pending_replacement,42
TBI0181,tbi_high,5,VID_TBI0181_5dpf,dlc_resnet50_placeholder,head|midline_1|midline_2|midline_3|midline_4|tail_tip,0.9,0.9452,3.9669,True,0.6246,1.3508,0.8262,3.4419,32.9434,43.913,44.5129,63.4523,1.3092,1.7125,3,True,placeholder_pending_replacement,42
TBI0181,tbi_high,6,VID_TBI0181_6dpf,dlc_resnet50_placeholder,head|midline_1|midline_2|midline_3|midline_4|tail_tip,0.9,0.7347,18.0399,False,3.5677,5.7148,0.0656,8.3698,25.3121,45.4316,61.8562,123.4915,0.3653,1.3945,1,False,placeholder_pending_replacement,42
TBI0182,tbi_high,4,VID_TBI0182_4dpf,dlc_resnet50_placeholder,head|midline_1|midline_2|midline_3|midline_4|tail_tip,0.9,0.9628,3.2064,True,2.6897,6.0298,0.0722,5.2778,30.7551,41.5288,77.2519,135.1962,0.3656,1.2144,1,False,placeholder_pending_replacement,42
TBI0182,tbi_high,5,VID_TBI0182_5dpf,dlc_resnet50_placeholder,head|midline_1|midline_2|midline_3|midline_4|tail_tip,0.9,0.9795,1.8402,True,0.306,0.5442,0.7517,2.8349,41.2519,80.6684,23.8729,48.1107,1.5981,1.9327,2,True,placeholder_pending_replacement,42
TBI0182,tbi_high,6,VID_TBI0182_6dpf,dlc_resnet50_placeholder,head|midline_1|midline_2|midline_3|midline_4|tail_tip,0.9,0.995,4.3205,True,3.2302,8.1121,0.125,8.3557,32.44,53.9773,71.0295,129.3967,0.5247,1.4792,2,False,placeholder_pending_replacement,42
TBI0183,tbi_high,4,VID_TBI0183_4dpf,dlc_resnet50_placeholder,head|midline_1|midline_2|midline_3|midline_4|tail_tip,0.9,0.9582,2.7879,True,0.4578,1.0263,0.8635,1.4379,37.2793,66.0883,49.1758,83.0044,1.3412,2.0137,2,True,placeholder_pending_replacement,42
TBI0183,tbi_high,5,VID_TBI0183_5dpf,dlc_resnet50_placeholder,head|midline_1|midline_2|midline_3|midline_4|tail_tip,0.9,0.9511,3.409,True,1.2419,2.733,0.2653,3.6648,19.2929,30.5684,23.511,38.7864,0.073,0.2515,0,False,placeholder_pending_replacement,42
TBI0183,tbi_high,6,VID_TBI0183_6dpf,dlc_resnet50_placeholder,head|midline_1|midline_2|midline_3|midline_4|tail_tip,0.9,0.9566,0.0,True,1.8842,3.1776,0.2331,5.5424,7.3924,11.0401,30.1192,53.4629,0.2526,0.4048,1,False,placeholder_pending_replacement,42
TBI0184,tbi_high,4,VID_TBI0184_4dpf,dlc_resnet50_placeholder,head|midline_1|midline_2|midline_3|midline_4|tail_tip,0.9,0.995,1.6161,True,1.3941,2.4426,0.203,5.4364,11.7678,17.9845,32.5765,49.2632,0.3964,0.3648,0,False,placeholder_pending_replacement,42
TBI0184,tbi_high,5,VID_TBI0184_5dpf,dlc_resnet50_placeholder,head|midline_1|midline_2|midline_3|midline_4|tail_tip,0.9,0.9132,0.163,True,1.2564,2.1564,0.258,4.4488,18.8405,33.9348,31.9256,67.4898,0.0,0.1815,0,False,placeholder_pending_replacement,42
TBI0184,tbi_high,6,VID_TBI0184_6dpf,dlc_resnet50_placeholder,head|midline_1|midline_2|midline_3|midline_4|tail_tip,0.9,0.995,1.7162,True,3.4454,8.0753,0.1892,8.1076,30.455,60.5663,68.1834,126.311,0.4592,1.362,2,False,placeholder_pending_replacement,42
TBI0185,tbi_high,4,VID_TBI0185_4dpf,dlc_resnet50_placeholder,head|midline_1|midline_2|midline_3|midline_4|tail_tip,0.9,0.9199,5.5423,True,1.7636,3.8465,0.1718,4.5134,13.5176,23.8545,28.0018,60.6695,0.0,0.2218,0,False,placeholder_pending_replacement,42
TBI0185,tbi_high,5,VID_TBI0185_5dpf,dlc_resnet50_placeholder,head|midline_1|midline_2|midline_3|midline_4|tail_tip,0.9,0.9341,3.6419,True,1.4753,3.2401,0.2971,3.8071,12.6756,19.1997,47.1768,86.5397,0.0,0.171,1,False,placeholder_pending_replacement,42
TBI0185,tbi_high,6,VID_TBI0185_6dpf,dlc_resnet50_placeholder,head|midline_1|midline_2|midline_3|midline_4|tail_tip,0.9,0.9873,3.2844,True,1.6937,4.1408,0.2616,2.4396,15.7229,22.0925,28.5937,63.3794,0.0564,0.1944,0,False,placeholder_pending_replacement,42
TBI0186,tbi_high,4,VID_TBI0186_4dpf,dlc_resnet50_placeholder,head|midline_1|midline_2|midline_3|midline_4|tail_tip,0.9,0.995,2.7023,True,1.574,3.6998,0.1665,3.2629,17.0625,23.4809,36.7058,83.1089,0.2149,0.3199,0,False,placeholder_pending_replacement,42
TBI0186,tbi_high,5,VID_TBI0186_5dpf,dlc_resnet50_placeholder,head|midline_1|midline_2|midline_3|midline_4|tail_tip,0.9,0.9542,2.3806,True,1.3991,2.2719,0.2511,4.0864,18.4387,25.6791,29.6004,56.3371,0.0,0.147,0,False,placeholder_pending_replacement,42
TBI0186,tbi_high,6,VID_TBI0186_6dpf,dlc_resnet50_placeholder,head|midline_1|midline_2|midline_3|midline_4|tail_tip,0.9,0.9782,4.1817,True,1.3912,2.9553,0.2856,4.2862,17.0007,23.1431,49.7497,113.6934,0.2634,0.311,0,False,placeholder_pending_replacement,42
TBI0187,tbi_high,4,VID_TBI0187_4dpf,dlc_resnet50_placeholder,head|midline_1|midline_2|midline_3|midline_4|tail_tip,0.9,0.9529,0.8044,True,2.7589,7.512,0.1132,9.9583,29.5144,46.1833,68.1824,100.2926,0.0,1.2435,2,False,placeholder_pending_replacement,42
TBI0187,tbi_high,5,VID_TBI0187_5dpf,dlc_resnet50_placeholder,head|midline_1|midline_2|midline_3|midline_4|tail_tip,0.9,0.9725,3.8874,True,1.4451,3.8989,0.2615,3.9593,20.0799,28.8223,41.8689,91.639,0.0616,0.2148,0,False,placeholder_pending_replacement,42
TBI0187,tbi_high,6,VID_TBI0187_6dpf,dlc_resnet50_placeholder,head|midline_1|midline_2|midline_3|midline_4|tail_tip,0.9,0.9735,7.4534,True,2.7255,6.8441,0.1178,10.4515,25.4925,38.8442,66.6985,95.6644,0.1595,1.2357,2,False,placeholder_pending_replacement,42
TBI0188,tbi_high,4,VID_TBI0188_4dpf,dlc_resnet50_placeholder,head|midline_1|midline_2|midline_3|midline_4|tail_tip,0.9,0.9795,4.5654,True,3.2349,7.3973,0.0583,9.4884,29.9577,50.6365,53.1804,95.3243,0.3814,1.4272,1,False,placeholder_pending_replacement,42
TBI0188,tbi_high,5,VID_TBI0188_5dpf,dlc_resnet50_placeholder,head|midline_1|midline_2|midline_3|midline_4|tail_tip,0.9,0.9445,1.8155,True,2.9831,6.7501,0.1299,9.909,26.4826,47.6362,69.6695,98.3987,0.242,1.3065,0,False,placeholder_pending_replacement,42
TBI0188,tbi_high,6,VID_TBI0188_6dpf,dlc_resnet50_placeholder,head|midline_1|midline_2|midline_3|midline_4|tail_tip,0.9,0.9765,4.257,True,0.4048,0.9514,0.7988,2.2247,35.8804,66.6196,35.3086,61.9356,1.0269,1.6934,2,True,placeholder_pending_replacement,42
TBI0189,tbi_high,4,VID_TBI0189_4dpf,dlc_resnet50_placeholder,head|midline_1|midline_2|midline_3|midline_4|tail_tip,0.9,0.9694,0.7869,True,0.7239,1.2335,0.8589,3.3898,38.6895,71.5919,62.0688,95.616,1.1654,1.886,3,True,placeholder_pending_replacement,42
TBI0189,tbi_high,5,VID_TBI0189_5dpf,dlc_resnet50_placeholder,head|midline_1|midline_2|midline_3|midline_4|tail_tip,0.9,0.9578,2.6783,True,0.7843,1.5067,0.7744,4.0328,32.2227,45.0277,33.2264,46.5579,1.4482,1.5555,2,True,placeholder_pending_replacement,42
TBI0189,tbi_high,6,VID_TBI0189_6dpf,dlc_resnet50_placeholder,head|midline_1|midline_2|midline_3|midline_4|tail_tip,0.9,0.9266,0.0,True,2.8134,7.3566,0.1192,9.7717,32.5548,63.095,61.6485,107.5105,0.1311,1.2928,2,False,placeholder_pending_replacement,42
TBI0190,tbi_high,4,VID_TBI0190_4dpf,dlc_resnet50_placeholder,head|midline_1|midline_2|midline_3|midline_4|tail_tip,0.9,0.9587,4.0531,True,0.4161,1.1182,0.7708,2.1188,35.244,69.2491,42.7758,91.6463,1.072,1.7125,3,True,placeholder_pending_replacement,42
TBI0190,tbi_high,5,VID_TBI0190_5dpf,dlc_resnet50_placeholder,head|midline_1|midline_2|midline_3|midline_4|tail_tip,0.9,0.9367,2.3367,True,3.2815,5.4785,0.1289,9.3531,33.2564,47.0731,70.7392,160.9835,0.1989,1.4439,1,False,placeholder_pending_replacement,42
TBI0191,tbi_high,4,VID_TBI0191_4dpf,dlc_resnet50_placeholder,head|midline_1|midline_2|midline_3|midline_4|tail_tip,0.9,0.9637,1.7134,True,4.2381,11.8398,0.0227,14.5722,44.7818,61.188,102.1303,222.4301,1.5478,2.8881,3,False,placeholder_pending_replacement,42
TBI0191,tbi_high,5,VID_TBI0191_5dpf,dlc_resnet50_placeholder,head|midline_1|midline_2|midline_3|midline_4|tail_tip,0.9,0.9778,3.7858,True,4.1562,9.382,0.0854,17.0946,44.7497,60.3224,110.4985,233.3049,1.5478,2.9859,2,False,placeholder_pending_replacement,42
TBI0191,tbi_high,6,VID_TBI0191_6dpf,dlc_resnet50_placeholder,head|midline_1|midline_2|midline_3|midline_4|tail_tip,0.9,0.9477,3.9745,True,4.4491,12.3944,0.0,17.7158,48.7692,65.8142,119.7371,221.9039,1.5239,3.2971,3,False,placeholder_pending_replacement,42
TBI0192,tbi_high,4,VID_TBI0192_4dpf,dlc_resnet50_placeholder,head|midline_1|midline_2|midline_3|midline_4|tail_tip,0.9,0.994,4.9841,True,2.8442,7.5352,0.1125,7.2636,32.4611,43.3317,75.6013,141.8884,0.2034,1.2734,1,False,placeholder_pending_replacement,42
TBI0192,tbi_high,5,VID_TBI0192_5dpf,dlc_resnet50_placeholder,head|midline_1|midline_2|midline_3|midline_4|tail_tip,0.9,0.9376,4.2519,True,1.3959,2.6189,0.3134,0.8215,12.7687,23.1431,31.2127,47.9034,0.094,0.3169,0,False,placeholder_pending_replacement,42
TBI0192,tbi_high,6,VID_TBI0192_6dpf,dlc_resnet50_placeholder,head|midline_1|midline_2|midline_3|midline_4|tail_tip,0.9,0.995,1.6939,True,1.8272,4.1724,0.2859,5.7224,14.2414,20.9546,33.1106,58.0785,0.0,0.183,0,False,placeholder_pending_replacement,42
TBI0193,tbi_high,4,VID_TBI0193_4dpf,dlc_resnet50_placeholder,head|midline_1|midline_2|midline_3|midline_4|tail_tip,0.9,0.9583,4.9492,True,3.3393,8.7279,0.1216,5.9409,27.7036,50.4665,75.7632,141.3147,0.4684,1.3023,2,False,placeholder_pending_replacement,42
TBI0193,tbi_high,5,VID_TBI0193_5dpf,dlc_resnet50_placeholder,head|midline_1|midline_2|midline_3|midline_4|tail_tip,0.9,0.995,5.7422,True,1.9511,4.7052,0.2737,6.4722,9.5017,16.4813,19.1447,32.2905,0.1781,0.4362,0,False,placeholder_pending_replacement,42
TBI0193,tbi_high,6,VID_TBI0193_6dpf,dlc_resnet50_placeholder,head|midline_1|midline_2|midline_3|midline_4|tail_tip,0.9,0.9379,4.7122,True,1.6743,3.7417,0.3033,2.9231,16.9214,29.431,31.7889,50.0527,0.0,0.1753,0,False,placeholder_pending_replacement,42
TBI0194,tbi_high,4,VID_TBI0194_4dpf,dlc_resnet50_placeholder,head|midline_1|midline_2|midline_3|midline_4|tail_tip,0.9,0.9592,4.3017,True,3.0309,5.0662,0.2233,8.7435,23.818,33.0839,58.2278,101.2203,0.08,0.9741,1,False,placeholder_pending_replacement,42
TBI0194,tbi_high,5,VID_TBI0194_5dpf,dlc_resnet50_placeholder,head|midline_1|midline_2|midline_3|midline_4|tail_tip,0.9,0.995,6.2517,True,3.0908,7.2546,0.1304,9.4228,29.0501,55.6533,75.216,169.3412,0.3652,1.4183,1,False,placeholder_pending_replacement,42
TBI0195,tbi_high,4,VID_TBI0195_4dpf,dlc_resnet50_placeholder,head|midline_1|midline_2|midline_3|midline_4|tail_tip,0.9,0.9298,5.6453,True,4.6027,9.2858,0.041,14.0305,43.1384,73.1402,120.5979,171.9208,1.5243,2.9869,2,False,placeholder_pending_replacement,42
TBI0195,tbi_high,5,VID_TBI0195_5dpf,dlc_resnet50_placeholder,head|midline_1|midline_2|midline_3|midline_4|tail_tip,0.9,0.995,2.2574,True,4.0723,9.1733,0.1295,16.2413,44.3662,75.1441,126.1514,248.8166,1.7315,3.0165,1,False,placeholder_pending_replacement,42
TBI0195,tbi_high,6,VID_TBI0195_6dpf,dlc_resnet50_placeholder,head|midline_1|midline_2|midline_3|midline_4|tail_tip,0.9,0.9461,0.0,True,0.6029,1.3756,0.779,2.9026,41.7819,64.5132,52.3082,88.6774,1.304,1.8828,2,True,placeholder_pending_replacement,42
TBI0196,tbi_high,4,VID_TBI0196_4dpf,dlc_resnet50_placeholder,head|midline_1|midline_2|midline_3|midline_4|tail_tip,0.9,0.8961,1.0624,False,0.3499,0.7287,0.7447,1.9702,43.5118,58.724,38.7006,59.7432,1.2078,1.8623,3,True,placeholder_pending_replacement,42
TBI0196,tbi_high,5,VID_TBI0196_5dpf,dlc_resnet50_placeholder,head|midline_1|midline_2|midline_3|midline_4|tail_tip,0.9,0.9284,4.7083,True,0.7657,1.9769,0.7446,0.131,39.2895,56.906,48.2381,93.1296,1.172,1.8521,2,True,placeholder_pending_replacement,42
TBI0196,tbi_high,6,VID_TBI0196_6dpf,dlc_resnet50_placeholder,head|midline_1|midline_2|midline_3|midline_4|tail_tip,0.9,0.957,2.2923,True,4.2244,7.664,0.0283,17.0031,44.4101,67.1938,116.9587,200.4093,1.9979,3.2458,3,False,placeholder_pending_replacement,42
TBI0197,tbi_high,4,VID_TBI0197_4dpf,dlc_resnet50_placeholder,head|midline_1|midline_2|midline_3|midline_4|tail_tip,0.9,0.9543,7.8396,True,1.9689,5.1531,0.3672,4.2215,15.9964,20.9158,40.6485,79.4707,0.0,0.3001,0,False,placeholder_pending_replacement,42
TBI0197,tbi_high,5,VID_TBI0197_5dpf,dlc_resnet50_placeholder,head|midline_1|midline_2|midline_3|midline_4|tail_tip,0.9,0.9542,0.0,True,1.7222,2.9893,0.2545,5.5145,15.7736,21.2781,36.8238,68.3933,0.0,0.1967,0,False,placeholder_pending_replacement,42
TBI0197,tbi_high,6,VID_TBI0197_6dpf,dlc_resnet50_placeholder,head|midline_1|midline_2|midline_3|midline_4|tail_tip,0.9,0.942,3.6835,True,3.5272,8.4589,0.1435,8.6724,25.1247,36.1072,68.1935,104.3356,0.2847,1.3179,2,False,placeholder_pending_replacement,42
TBI0198,tbi_high,4,VID_TBI0198_4dpf,dlc_resnet50_placeholder,head|midline_1|midline_2|midline_3|midline_4|tail_tip,0.9,0.9446,2.2065,True,3.5127,8.1011,0.1751,9.3133,23.8731,39.0845,55.7901,97.8864,0.4905,1.2867,1,False,placeholder_pending_replacement,42
TBI0198,tbi_high,5,VID_TBI0198_5dpf,dlc_resnet50_placeholder,head|midline_1|midline_2|midline_3|midline_4|tail_tip,0.9,0.9577,0.4982,True,3.4461,7.7651,0.1468,10.7585,26.7518,38.9432,70.3932,151.881,0.5412,1.5387,1,False,placeholder_pending_replacement,42
TBI0198,tbi_high,6,VID_TBI0198_6dpf,dlc_resnet50_placeholder,head|midline_1|midline_2|midline_3|midline_4|tail_tip,0.9,0.9411,3.4119,True,0.5183,1.4095,0.7217,0.0,33.4658,66.7113,55.5292,83.8585,1.4469,1.9216,2,True,placeholder_pending_replacement,42
TBI0199,tbi_high,4,VID_TBI0199_4dpf,dlc_resnet50_placeholder,head|midline_1|midline_2|midline_3|midline_4|tail_tip,0.9,0.9494,2.1728,True,3.0663,8.2472,0.1318,9.7228,29.4232,46.9774,70.8894,140.8156,0.1591,1.3399,1,False,placeholder_pending_replacement,42
TBI0199,tbi_high,5,VID_TBI0199_5dpf,dlc_resnet50_placeholder,head|midline_1|midline_2|midline_3|midline_4|tail_tip,0.9,0.9844,2.3144,True,2.7792,7.2062,0.1824,8.8114,26.1684,41.8248,69.6511,143.7852,0.2247,1.1295,1,False,placeholder_pending_replacement,42
TBI0199,tbi_high,6,VID_TBI0199_6dpf,dlc_resnet50_placeholder,head|midline_1|midline_2|midline_3|midline_4|tail_tip,0.9,0.9325,1.7008,True,3.3421,5.9039,0.0922,9.4841,20.5313,35.7334,64.3973,138.2754,0.349,1.3077,1,False,placeholder_pending_replacement,42
TBI0200,tbi_high,4,VID_TBI0200_4dpf,dlc_resnet50_placeholder,head|midline_1|midline_2|midline_3|midline_4|tail_tip,0.9,0.7849,16.9225,False,1.9385,3.7769,0.2846,1.524,8.9506,12.8547,32.782,66.1033,0.0,0.3247,0,False,placeholder_pending_replacement,42
TBI0200,tbi_high,5,VID_TBI0200_5dpf,dlc_resnet50_placeholder,head|midline_1|midline_2|midline_3|midline_4|tail_tip,0.9,0.9261,1.2546,True,3.2207,5.7299,0.1762,9.0312,28.177,51.8067,69.112,123.4872,0.2696,1.2863,2,False,placeholder_pending_replacement,42
TBI0200,tbi_high,6,VID_TBI0200_6dpf,dlc_resnet50_placeholder,head|midline_1|midline_2|midline_3|midline_4|tail_tip,0.9,0.9687,2.3431,True,3.3204,5.6445,0.0579,7.6391,30.0359,59.3726,71.18,114.2555,0.436,1.4694,1,False,placeholder_pending_replacement,42
TBI0201,tbi_high,4,VID_TBI0201_4dpf,dlc_resnet50_placeholder,head|midline_1|midline_2|midline_3|midline_4|tail_tip,0.9,0.9623,3.6878,True,3.1485,6.2083,0.209,9.0902,29.3569,39.2117,70.1206,149.2401,0.2694,1.2611,1,False,placeholder_pending_replacement,42
TBI0201,tbi_high,5,VID_TBI0201_5dpf,dlc_resnet50_placeholder,head|midline_1|midline_2|midline_3|midline_4|tail_tip,0.9,0.9887,3.0612,True,2.8876,8.0443,0.1558,9.1301,30.5704,47.4536,70.4108,153.4121,0.5983,1.4038,2,False,placeholder_pending_replacement,42
TBI0201,tbi_high,6,VID_TBI0201_6dpf,dlc_resnet50_placeholder,head|midline_1|midline_2|midline_3|midline_4|tail_tip,0.9,0.9808,5.6931,True,4.1958,8.0853,0.0107,16.5107,42.7868,84.765,134.1595,215.5129,1.7986,3.2423,3,False,placeholder_pending_replacement,42
TBI0202,tbi_high,4,VID_TBI0202_4dpf,dlc_resnet50_placeholder,head|midline_1|midline_2|midline_3|midline_4|tail_tip,0.9,0.9623,0.0,True,2.5448,6.3058,0.1596,10.1651,30.8251,55.7578,75.9128,118.4064,0.5049,1.3913,1,False,placeholder_pending_replacement,42
TBI0202,tbi_high,5,VID_TBI0202_5dpf,dlc_resnet50_placeholder,head|midline_1|midline_2|midline_3|midline_4|tail_tip,0.9,0.9649,0.0,True,3.1564,8.0115,0.0651,9.0798,27.8312,44.3444,63.8063,111.3431,0.3146,1.3855,1,False,placeholder_pending_replacement,42
TBI0202,tbi_high,6,VID_TBI0202_6dpf,dlc_resnet50_placeholder,head|midline_1|midline_2|midline_3|midline_4|tail_tip,0.9,0.995,2.7024,True,0.6641,1.3026,0.7834,4.4012,31.8381,47.1722,34.8457,79.5045,0.8603,1.419,2,True,placeholder_pending_replacement,42
TBI0203,tbi_high,4,VID_TBI0203_4dpf,dlc_resnet50_placeholder,head|midline_1|midline_2|midline_3|midline_4|tail_tip,0.9,0.9505,6.3394,True,3.9694,8.259,0.0124,15.2791,44.8056,82.8907,123.3379,254.9492,2.0702,3.1845,3,False,placeholder_pending_replacement,42
TBI0203,tbi_high,5,VID_TBI0203_5dpf,dlc_resnet50_placeholder,head|midline_1|midline_2|midline_3|midline_4|tail_tip,0.9,0.9685,2.1635,True,0.02,0.0453,0.8282,0.9257,34.6695,58.1332,43.7235,93.8993,1.1379,1.9477,2,True,placeholder_pending_replacement,42
TBI0203,tbi_high,6,VID_TBI0203_6dpf,dlc_resnet50_placeholder,head|midline_1|midline_2|midline_3|midline_4|tail_tip,0.9,0.9569,0.0,True,0.1717,0.455,0.7309,2.8521,37.8107,66.8948,42.9361,66.4484,1.0874,1.724,3,True,placeholder_pending_replacement,42
TBI0204,tbi_high,4,VID_TBI0204_4dpf,dlc_resnet50_placeholder,head|midline_1|midline_2|midline_3|midline_4|tail_tip,0.9,0.9147,1.3355,True,1.63,3.9854,0.2612,2.5687,15.0609,25.4781,39.0381,87.1845,0.0,0.1662,0,False,placeholder_pending_replacement,42
TBI0204,tbi_high,5,VID_TBI0204_5dpf,dlc_resnet50_placeholder,head|midline_1|midline_2|midline_3|midline_4|tail_tip,0.9,0.9441,0.8962,True,1.2532,2.581,0.2266,5.4616,14.0828,20.6517,26.6306,44.2492,0.1083,0.2642,0,False,placeholder_pending_replacement,42
TBI0204,tbi_high,6,VID_TBI0204_6dpf,dlc_resnet50_placeholder,head|midline_1|midline_2|midline_3|midline_4|tail_tip,0.9,0.9441,4.1931,True,0.8256,2.0461,0.1919,3.6573,18.0681,25.122,47.1021,74.6589,0.0,0.4206,0,False,placeholder_pending_replacement,42
TBI0205,tbi_high,4,VID_TBI0205_4dpf,dlc_resnet50_placeholder,head|midline_1|midline_2|midline_3|midline_4|tail_tip,0.9,0.995,0.3475,True,3.4117,6.8868,0.112,6.5382,27.3278,54.1774,75.8422,123.9097,0.4047,1.335,2,False,placeholder_pending_replacement,42
TBI0205,tbi_high,5,VID_TBI0205_5dpf,dlc_resnet50_placeholder,head|midline_1|midline_2|midline_3|midline_4|tail_tip,0.9,0.9363,4.4111,True,3.3057,5.8675,0.1329,9.5207,22.658,35.4385,53.994,123.685,0.1098,1.1475,1,False,placeholder_pending_replacement,42
TBI0205,tbi_high,6,VID_TBI0205_6dpf,dlc_resnet50_placeholder,head|midline_1|midline_2|midline_3|midline_4|tail_tip,0.9,0.9267,7.2507,True,0.6166,1.1458,0.7323,0.5833,35.314,68.6418,34.799,59.7149,1.0091,1.6429,2,True,placeholder_pending_replacement,42
TBI0206,tbi_high,4,VID_TBI0206_4dpf,dlc_resnet50_placeholder,head|midline_1|midline_2|midline_3|midline_4|tail_tip,0.9,0.9608,5.353,True,2.6643,5.892,0.1464,8.0994,26.2322,45.7585,70.858,136.1934,0.2905,1.1391,1,False,placeholder_pending_replacement,42
TBI0206,tbi_high,5,VID_TBI0206_5dpf,dlc_resnet50_placeholder,head|midline_1|midline_2|midline_3|midline_4|tail_tip,0.9,0.995,1.3287,True,2.7197,6.0492,0.1262,9.4431,28.4897,42.4542,58.3157,101.8889,0.371,1.239,2,False,placeholder_pending_replacement,42
TBI0206,tbi_high,6,VID_TBI0206_6dpf,dlc_resnet50_placeholder,head|midline_1|midline_2|midline_3|midline_4|tail_tip,0.9,0.9727,2.5529,True,3.4629,9.3454,0.1131,11.4603,23.7769,36.3759,63.3306,128.3215,0.472,1.5065,0,False,placeholder_pending_replacement,42
TBI0207,tbi_high,4,VID_TBI0207_4dpf,dlc_resnet50_placeholder,head|midline_1|midline_2|midline_3|midline_4|tail_tip,0.9,0.9635,4.2849,True,4.4186,7.7814,0.0,14.6615,45.2014,68.0324,121.8173,240.0059,1.9398,3.2126,2,False,placeholder_pending_replacement,42
TBI0207,tbi_high,5,VID_TBI0207_5dpf,dlc_resnet50_placeholder,head|midline_1|midline_2|midline_3|midline_4|tail_tip,0.9,0.9807,4.7765,True,1.7091,4.1598,0.2966,3.6859,14.019,26.5564,37.5836,80.9705,0.1214,0.1563,0,False,placeholder_pending_replacement,42
TBI0207,tbi_high,6,VID_TBI0207_6dpf,dlc_resnet50_placeholder,head|midline_1|midline_2|midline_3|midline_4|tail_tip,0.9,0.9388,6.6904,True,3.0041,5.876,0.14,11.2784,29.6608,39.8477,77.6785,111.6725,0.6061,1.5971,1,False,placeholder_pending_replacement,42
TBI0208,tbi_high,4,VID_TBI0208_4dpf,dlc_resnet50_placeholder,head|midline_1|midline_2|midline_3|midline_4|tail_tip,0.9,0.7422,18.7056,False,2.8817,5.2574,0.1642,8.5554,27.3067,51.0848,79.2862,112.0912,0.221,1.2334,2,False,placeholder_pending_replacement,42
TBI0208,tbi_high,5,VID_TBI0208_5dpf,dlc_resnet50_placeholder,head|midline_1|midline_2|midline_3|midline_4|tail_tip,0.9,0.9214,2.0491,True,2.8545,5.2145,0.1126,8.343,30.0684,53.1456,76.3556,160.6781,0.0,1.2322,1,False,placeholder_pending_replacement,42
TBI0208,tbi_high,6,VID_TBI0208_6dpf,dlc_resnet50_placeholder,head|midline_1|midline_2|midline_3|midline_4|tail_tip,0.9,0.995,3.0558,True,0.232,0.4148,0.8245,2.3524,38.5557,72.1578,38.3749,75.8525,1.1889,1.8697,3,True,placeholder_pending_replacement,42
TBI0209,tbi_high,4,VID_TBI0209_4dpf,dlc_resnet50_placeholder,head|midline_1|midline_2|midline_3|midline_4|tail_tip,0.9,0.9794,2.3808,True,3.4037,7.8791,0.1044,8.2073,31.1136,59.8671,73.3297,135.7325,0.3105,1.4518,1,False,placeholder_pending_replacement,42
TBI0209,tbi_high,5,VID_TBI0209_5dpf,dlc_resnet50_placeholder,head|midline_1|midline_2|midline_3|midline_4|tail_tip,0.9,0.952,1.3862,True,2.6826,5.4081,0.0916,10.119,28.2327,38.8247,73.2092,126.0869,0.5136,1.442,1,False,placeholder_pending_replacement,42
TBI0209,tbi_high,6,VID_TBI0209_6dpf,dlc_resnet50_placeholder,head|midline_1|midline_2|midline_3|midline_4|tail_tip,0.9,0.9506,1.51,True,3.0193,5.8203,0.1816,11.6444,24.719,32.3813,78.1559,131.8665,0.5588,1.4757,1,False,placeholder_pending_replacement,42
TBI0210,tbi_high,4,VID_TBI0210_4dpf,dlc_resnet50_placeholder,head|midline_1|midline_2|midline_3|midline_4|tail_tip,0.9,0.9724,3.6383,True,1.1942,3.1161,0.1923,5.5475,11.4959,19.5898,34.6667,72.1355,0.1126,0.3478,0,False,placeholder_pending_replacement,42
TBI0210,tbi_high,5,VID_TBI0210_5dpf,dlc_resnet50_placeholder,head|midline_1|midline_2|midline_3|midline_4|tail_tip,0.9,0.9591,0.62,True,3.0467,7.3824,0.1017,7.6985,29.2505,46.6089,63.9568,113.537,0.1046,1.1969,1,False,placeholder_pending_replacement,42
TBI0210,tbi_high,6,VID_TBI0210_6dpf,dlc_resnet50_placeholder,head|midline_1|midline_2|midline_3|midline_4|tail_tip,0.9,0.9702,2.7443,True,1.208,2.9233,0.1898,5.1431,20.2063,27.7855,29.9386,44.9673,0.1567,0.3981,0,False,placeholder_pending_replacement,42
TBI0211,tbi_high,4,VID_TBI0211_4dpf,dlc_resnet50_placeholder,head|midline_1|midline_2|midline_3|midline_4|tail_tip,0.9,0.9644,2.0066,True,3.157,6.5598,0.117,10.8417,29.1856,54.7436,78.0493,112.8231,0.2363,1.503,2,False,placeholder_pending_replacement,42
TBI0211,tbi_high,5,VID_TBI0211_5dpf,dlc_resnet50_placeholder,head|midline_1|midline_2|midline_3|midline_4|tail_tip,0.9,0.995,5.2868,True,3.3041,8.2694,0.1813,9.9376,29.5394,54.3983,58.1006,116.9959,0.3476,1.3311,1,False,placeholder_pending_replacement,42
TBI0211,tbi_high,6,VID_TBI0211_6dpf,dlc_resnet50_placeholder,head|midline_1|midline_2|midline_3|midline_4|tail_tip,0.9,0.9693,0.8271,True,1.5896,2.8329,0.2637,5.0141,12.9186,18.2149,33.8167,70.753,0.0,0.1009,0,False,placeholder_pending_replacement,42
TBI0212,tbi_high,4,VID_TBI0212_4dpf,dlc_resnet50_placeholder,head|midline_1|midline_2|midline_3|midline_4|tail_tip,0.9,0.9768,0.0,True,3.257,6.8246,0.2395,9.9136,24.9625,47.9777,71.2492,130.1871,0.379,1.2631,2,False,placeholder_pending_replacement,42
TBI0212,tbi_high,5,VID_TBI0212_5dpf,dlc_resnet50_placeholder,head|midline_1|midline_2|midline_3|midline_4|tail_tip,0.9,0.9312,1.1424,True,2.8251,7.3479,0.0639,11.8513,29.9863,49.6557,66.4606,98.6271,0.6209,1.6258,1,False,placeholder_pending_replacement,42
TBI0213,tbi_high,4,VID_TBI0213_4dpf,dlc_resnet50_placeholder,head|midline_1|midline_2|midline_3|midline_4|tail_tip,0.9,0.995,5.6729,True,0.196,0.3884,0.8203,1.784,38.8663,62.642,38.1252,81.235,1.1498,1.8945,2,True,placeholder_pending_replacement,42
TBI0213,tbi_high,5,VID_TBI0213_5dpf,dlc_resnet50_placeholder,head|midline_1|midline_2|midline_3|midline_4|tail_tip,0.9,0.9789,5.5546,True,3.8491,8.6912,0.1119,16.7968,48.668,65.1621,121.88,248.8459,1.4305,2.9678,3,False,placeholder_pending_replacement,42
TBI0213,tbi_high,6,VID_TBI0213_6dpf,dlc_resnet50_placeholder,head|midline_1|midline_2|midline_3|midline_4|tail_tip,0.9,0.9484,1.0039,True,3.6367,6.7343,0.1237,5.3671,25.8468,51.3989,64.9947,91.9326,0.2451,1.1604,1,False,placeholder_pending_replacement,42
TBI0214,tbi_high,4,VID_TBI0214_4dpf,dlc_resnet50_placeholder,head|midline_1|midline_2|midline_3|midline_4|tail_tip,0.9,0.9894,2.6131,True,3.2833,9.1441,0.1317,10.0907,25.0736,48.3045,79.9958,160.3167,0.4302,1.4777,1,False,placeholder_pending_replacement,42
TBI0214,tbi_high,5,VID_TBI0214_5dpf,dlc_resnet50_placeholder,head|midline_1|midline_2|midline_3|midline_4|tail_tip,0.9,0.9909,4.4543,True,0.4302,1.1422,0.8436,3.7952,36.5644,64.952,41.4581,95.0796,0.9207,1.6668,2,True,placeholder_pending_replacement,42
TBI0214,tbi_high,6,VID_TBI0214_6dpf,dlc_resnet50_placeholder,head|midline_1|midline_2|midline_3|midline_4|tail_tip,0.9,0.995,3.0206,True,0.713,1.9784,0.7783,1.7276,34.1674,56.3662,40.6079,75.9624,1.2389,1.7061,2,True,placeholder_pending_replacement,42
TBI0215,tbi_high,4,VID_TBI0215_4dpf,dlc_resnet50_placeholder,head|midline_1|midline_2|midline_3|midline_4|tail_tip,0.9,0.9501,3.9342,True,1.694,2.9484,0.226,2.9177,15.1265,19.8913,46.0019,86.3365,0.3716,0.3685,0,False,placeholder_pending_replacement,42
TBI0215,tbi_high,5,VID_TBI0215_5dpf,dlc_resnet50_placeholder,head|midline_1|midline_2|midline_3|midline_4|tail_tip,0.9,0.9497,4.7068,True,2.863,4.6595,0.164,8.4703,26.6509,42.2089,82.0331,154.8383,0.1306,1.2003,0,False,placeholder_pending_replacement,42
TBI0216,tbi_high,4,VID_TBI0216_4dpf,dlc_resnet50_placeholder,head|midline_1|midline_2|midline_3|midline_4|tail_tip,0.9,0.9861,4.63,True,3.0434,7.3564,0.0709,9.4958,30.1482,41.0463,67.6635,144.7298,0.6489,1.5512,1,False,placeholder_pending_replacement,42
TBI0216,tbi_high,5,VID_TBI0216_5dpf,dlc_resnet50_placeholder,head|midline_1|midline_2|midline_3|midline_4|tail_tip,0.9,0.9477,3.0147,True,4.2471,11.5836,0.0164,17.8835,48.1242,91.4543,120.8354,249.609,1.6131,3.2704,3,False,placeholder_pending_replacement,42
TBI0216,tbi_high,6,VID_TBI0216_6dpf,dlc_resnet50_placeholder,head|midline_1|midline_2|midline_3|midline_4|tail_tip,0.9,0.935,9.2412,True,0.5448,1.4558,0.7444,2.7874,38.9431,74.5683,50.6286,99.4866,1.4091,1.8378,2,True,placeholder_pending_replacement,42
TBI0217,tbi_high,4,VID_TBI0217_4dpf,dlc_resnet50_placeholder,head|midline_1|midline_2|midline_3|midline_4|tail_tip,0.9,0.9943,3.9227,True,3.074,8.3485,0.0332,10.0113,29.4651,54.1329,64.1219,120.8646,0.3949,1.5139,1,False,placeholder_pending_replacement,42
TBI0217,tbi_high,5,VID_TBI0217_5dpf,dlc_resnet50_placeholder,head|midline_1|midline_2|midline_3|midline_4|tail_tip,0.9,0.995,1.8508,True,3.1777,5.224,0.1963,8.5893,29.8288,56.7413,72.5282,151.2931,0.3362,1.2989,1,False,placeholder_pending_replacement,42
TBI0217,tbi_high,6,VID_TBI0217_6dpf,dlc_resnet50_placeholder,head|midline_1|midline_2|midline_3|midline_4|tail_tip,0.9,0.9843,5.7177,True,2.8709,6.1714,0.0893,8.2326,27.6971,37.4156,71.2226,106.3218,0.3164,1.2926,2,False,placeholder_pending_replacement,42
TBI0218,tbi_high,4,VID_TBI0218_4dpf,dlc_resnet50_placeholder,head|midline_1|midline_2|midline_3|midline_4|tail_tip,0.9,0.9438,6.2936,True,2.8783,7.4917,0.1239,8.6649,30.4002,44.3557,64.9696,142.3405,0.4059,1.3147,1,False,placeholder_pending_replacement,42
TBI0218,tbi_high,5,VID_TBI0218_5dpf,dlc_resnet50_placeholder,head|midline_1|midline_2|midline_3|midline_4|tail_tip,0.9,0.9704,4.1214,True,0.4825,1.2194,0.786,2.494,34.6814,49.6795,48.3612,98.5122,1.0121,1.6998,3,True,placeholder_pending_replacement,42
TBI0219,tbi_high,4,VID_TBI0219_4dpf,dlc_resnet50_placeholder,head|midline_1|midline_2|midline_3|midline_4|tail_tip,0.9,0.9371,2.4743,True,3.896,9.9936,0.1223,17.0182,42.7683,56.5354,112.8074,163.7159,1.9187,2.9878,3,False,placeholder_pending_replacement,42
TBI0219,tbi_high,5,VID_TBI0219_5dpf,dlc_resnet50_placeholder,head|midline_1|midline_2|midline_3|midline_4|tail_tip,0.9,0.9372,4.8208,True,0.1597,0.2629,0.7608,2.9186,34.9369,69.8545,38.1167,63.6683,0.9069,1.6216,2,True,placeholder_pending_replacement,42
TBI0219,tbi_high,6,VID_TBI0219_6dpf,dlc_resnet50_placeholder,head|midline_1|midline_2|midline_3|midline_4|tail_tip,0.9,0.9799,5.9736,True,0.6219,1.4693,0.7593,3.829,37.8253,68.1141,52.5431,112.4297,1.1784,1.6975,3,True,placeholder_pending_replacement,42
TBI0220,tbi_high,4,VID_TBI0220_4dpf,dlc_resnet50_placeholder,head|midline_1|midline_2|midline_3|midline_4|tail_tip,0.9,0.9664,0.8827,True,4.249,7.5756,0.0464,13.704,44.1244,68.0663,120.7447,181.3381,1.675,2.9563,3,False,placeholder_pending_replacement,42
TBI0220,tbi_high,5,VID_TBI0220_5dpf,dlc_resnet50_placeholder,head|midline_1|midline_2|midline_3|midline_4|tail_tip,0.9,0.9374,0.8079,True,4.1514,6.9765,0.1277,16.5705,46.8403,76.4791,120.1539,214.0543,1.8453,3.0969,2,False,placeholder_pending_replacement,42
TBI0220,tbi_high,6,VID_TBI0220_6dpf,dlc_resnet50_placeholder,head|midline_1|midline_2|midline_3|midline_4|tail_tip,0.9,0.7259,20.9319,False,3.3606,6.4188,0.1462,9.8844,23.9193,44.9572,67.4241,149.8569,0.0,1.2277,1,False,placeholder_pending_replacement,42
TBI0221,tbi_high,4,VID_TBI0221_4dpf,dlc_resnet50_placeholder,head|midline_1|midline_2|midline_3|midline_4|tail_tip,0.9,0.9657,3.9007,True,3.64,6.7426,0.0714,6.992,27.754,53.6191,69.9356,123.9486,0.5256,1.4683,1,False,placeholder_pending_replacement,42
TBI0221,tbi_high,5,VID_TBI0221_5dpf,dlc_resnet50_placeholder,head|midline_1|midline_2|midline_3|midline_4|tail_tip,0.9,0.9791,1.214,True,0.2873,0.7518,0.8234,1.6656,35.8967,64.2698,40.5521,67.5794,1.222,1.8748,2,True,placeholder_pending_replacement,42
TBI0221,tbi_high,6,VID_TBI0221_6dpf,dlc_resnet50_placeholder,head|midline_1|midline_2|midline_3|midline_4|tail_tip,0.9,0.9765,8.1326,True,0.3933,0.8119,0.6859,3.3233,33.1639,65.5697,55.2458,108.7088,1.3336,1.6759,2,True,placeholder_pending_replacement,42
TBI0222,tbi_high,4,VID_TBI0222_4dpf,dlc_resnet50_placeholder,head|midline_1|midline_2|midline_3|midline_4|tail_tip,0.9,0.9323,1.6863,True,3.0198,6.1223,0.1647,10.8067,28.0705,53.1935,81.705,161.0717,0.3157,1.4453,2,False,placeholder_pending_replacement,42
TBI0222,tbi_high,5,VID_TBI0222_5dpf,dlc_resnet50_placeholder,head|midline_1|midline_2|midline_3|midline_4|tail_tip,0.9,0.9589,0.1653,True,4.9115,12.1793,0.0,13.4178,42.934,84.4394,129.94,256.408,1.7325,3.1877,2,False,placeholder_pending_replacement,42
TBI0222,tbi_high,6,VID_TBI0222_6dpf,dlc_resnet50_placeholder,head|midline_1|midline_2|midline_3|midline_4|tail_tip,0.9,0.9353,0.3914,True,2.5098,7.001,0.156,9.4768,29.9288,51.8713,66.333,105.3382,0.5371,1.2888,1,False,placeholder_pending_replacement,42
TBI0223,tbi_high,4,VID_TBI0223_4dpf,dlc_resnet50_placeholder,head|midline_1|midline_2|midline_3|midline_4|tail_tip,0.9,0.9856,0.6161,True,3.5816,10.0138,0.0583,15.9578,43.81,78.0085,128.0424,192.842,1.9455,3.0566,2,False,placeholder_pending_replacement,42
TBI0223,tbi_high,5,VID_TBI0223_5dpf,dlc_resnet50_placeholder,head|midline_1|midline_2|midline_3|midline_4|tail_tip,0.9,0.9729,1.8238,True,4.429,10.7472,0.1063,13.9768,46.7379,68.0008,134.4391,297.2701,1.9655,3.1595,1,False,placeholder_pending_replacement,42
TBI0223,tbi_high,6,VID_TBI0223_6dpf,dlc_resnet50_placeholder,head|midline_1|midline_2|midline_3|midline_4|tail_tip,0.9,0.9879,0.0,True,4.3389,9.6912,0.0823,13.598,45.1648,85.4967,122.4085,245.2728,1.8602,3.0153,3,False,placeholder_pending_replacement,42
TBI0224,tbi_high,4,VID_TBI0224_4dpf,dlc_resnet50_placeholder,head|midline_1|midline_2|midline_3|midline_4|tail_tip,0.9,0.9545,1.131,True,3.0288,5.4885,0.2167,10.3067,26.8185,44.3142,89.4569,185.6565,0.1746,1.3358,1,False,placeholder_pending_replacement,42
TBI0225,tbi_high,4,VID_TBI0225_4dpf,dlc_resnet50_placeholder,head|midline_1|midline_2|midline_3|midline_4|tail_tip,0.9,0.995,4.7197,True,1.3709,2.1997,0.2185,5.7758,16.6469,21.8834,29.7206,53.6966,0.0763,0.2804,0,False,placeholder_pending_replacement,42
TBI0225,tbi_high,5,VID_TBI0225_5dpf,dlc_resnet50_placeholder,head|midline_1|midline_2|midline_3|midline_4|tail_tip,0.9,0.995,2.9656,True,1.4457,3.1571,0.2112,3.5,16.1226,21.1416,38.0218,59.226,0.0623,0.2116,0,False,placeholder_pending_replacement,42
TBI0225,tbi_high,6,VID_TBI0225_6dpf,dlc_resnet50_placeholder,head|midline_1|midline_2|midline_3|midline_4|tail_tip,0.9,0.9479,0.7765,True,1.456,3.8245,0.1995,2.3945,14.6899,22.5367,39.2462,88.8841,0.0215,0.2545,0,False,placeholder_pending_replacement,42
TBI0226,tbi_high,4,VID_TBI0226_4dpf,dlc_resnet50_placeholder,head|midline_1|midline_2|midline_3|midline_4|tail_tip,0.9,0.9918,0.0,True,1.6167,4.2579,0.22,3.1021,19.3458,36.6004,30.9423,63.5721,0.0,0.2187,0,False,placeholder_pending_replacement,42
TBI0227,tbi_high,4,VID_TBI0227_4dpf,dlc_resnet50_placeholder,head|midline_1|midline_2|midline_3|midline_4|tail_tip,0.9,0.995,0.0,True,3.0864,7.3859,0.1209,9.9083,29.9843,51.214,61.9539,116.1998,0.5715,1.4611,1,False,placeholder_pending_replacement,42
TBI0227,tbi_high,5,VID_TBI0227_5dpf,dlc_resnet50_placeholder,head|midline_1|midline_2|midline_3|midline_4|tail_tip,0.9,0.9349,6.0652,True,0.7249,1.1942,0.8193,1.802,34.563,63.6682,40.6563,71.0555,1.264,1.7635,3,True,placeholder_pending_replacement,42
TBI0227,tbi_high,6,VID_TBI0227_6dpf,dlc_resnet50_placeholder,head|midline_1|midline_2|midline_3|midline_4|tail_tip,0.9,0.9436,0.6835,True,4.5332,7.5949,0.0897,16.6785,42.1226,67.2629,114.8367,210.5957,1.7397,3.0822,2,False,placeholder_pending_replacement,42
TBI0228,tbi_high,4,VID_TBI0228_4dpf,dlc_resnet50_placeholder,head|midline_1|midline_2|midline_3|midline_4|tail_tip,0.9,0.9529,0.8317,True,2.9308,6.9171,0.1303,7.8233,26.5371,40.7039,66.047,142.0137,0.2352,1.1564,1,False,placeholder_pending_replacement,42
TBI0228,tbi_high,5,VID_TBI0228_5dpf,dlc_resnet50_placeholder,head|midline_1|midline_2|midline_3|midline_4|tail_tip,0.9,0.7745,13.4918,False,3.8752,10.5521,0.0923,15.5556,47.3712,75.4623,115.3704,253.8319,1.4067,2.8593,2,False,placeholder_pending_replacement,42
TBI0228,tbi_high,6,VID_TBI0228_6dpf,dlc_resnet50_placeholder,head|midline_1|midline_2|midline_3|midline_4|tail_tip,0.9,0.9489,2.5846,True,0.6295,1.6794,0.7796,3.8092,36.0862,53.1068,40.6363,88.3253,1.2168,1.6341,3,True,placeholder_pending_replacement,42
TBI0229,tbi_high,4,VID_TBI0229_4dpf,dlc_resnet50_placeholder,head|midline_1|midline_2|midline_3|midline_4|tail_tip,0.9,0.9453,6.0739,True,0.0862,0.1682,0.7423,1.4406,38.3606,73.6232,44.2464,93.0515,1.2356,1.9001,3,True,placeholder_pending_replacement,42
TBI0229,tbi_high,5,VID_TBI0229_5dpf,dlc_resnet50_placeholder,head|midline_1|midline_2|midline_3|midline_4|tail_tip,0.9,0.9173,4.0293,True,1.2297,2.8288,0.8282,2.6706,37.7267,67.7476,55.7163,111.9014,0.9947,1.6733,3,True,placeholder_pending_replacement,42
TBI0229,tbi_high,6,VID_TBI0229_6dpf,dlc_resnet50_placeholder,head|midline_1|midline_2|midline_3|midline_4|tail_tip,0.9,0.964,0.0,True,4.9554,10.1734,0.1739,14.8567,45.5596,59.9492,118.0416,258.7833,1.6942,3.0299,3,False,placeholder_pending_replacement,42
TBI0230,tbi_high,4,VID_TBI0230_4dpf,dlc_resnet50_placeholder,head|midline_1|midline_2|midline_3|midline_4|tail_tip,0.9,0.9547,2.0626,True,3.6066,8.9909,0.1741,10.8632,29.961,58.9529,74.9348,149.0193,0.7509,1.6958,2,False,placeholder_pending_replacement,42
TBI0230,tbi_high,5,VID_TBI0230_5dpf,dlc_resnet50_placeholder,head|midline_1|midline_2|midline_3|midline_4|tail_tip,0.9,0.9331,2.5401,True,2.9798,5.3405,0.1767,9.9506,27.6162,45.353,62.8871,135.6278,0.179,1.2101,1,False,placeholder_pending_replacement,42
TBI0230,tbi_high,6,VID_TBI0230_6dpf,dlc_resnet50_placeholder,head|midline_1|midline_2|midline_3|midline_4|tail_tip,0.9,0.964,5.5051,True,3.3655,5.4979,0.0746,7.9084,27.3289,36.5688,82.437,142.9482,0.5292,1.5268,1,False,placeholder_pending_replacement,42
TBI0231,tbi_high,4,VID_TBI0231_4dpf,dlc_resnet50_placeholder,head|midline_1|midline_2|midline_3|midline_4|tail_tip,0.9,0.9318,0.0,True,2.7672,5.6184,0.1365,7.3944,25.8441,34.0877,73.5449,123.0346,0.2712,1.1362,2,False,placeholder_pending_replacement,42
TBI0231,tbi_high,5,VID_TBI0231_5dpf,dlc_resnet50_placeholder,head|midline_1|midline_2|midline_3|midline_4|tail_tip,0.9,0.9508,2.3524,True,0.3204,0.5129,0.9115,2.6378,33.7511,65.1619,34.6364,64.0053,1.5284,1.9499,3,True,placeholder_pending_replacement,42
TBI0231,tbi_high,6,VID_TBI0231_6dpf,dlc_resnet50_placeholder,head|midline_1|midline_2|midline_3|midline_4|tail_tip,0.9,0.9242,4.3479,True,4.5362,9.1061,0.1496,13.4661,40.3478,67.561,122.9366,207.733,1.8163,2.8772,3,False,placeholder_pending_replacement,42
TBI0232,tbi_high,4,VID_TBI0232_4dpf,dlc_resnet50_placeholder,head|midline_1|midline_2|midline_3|midline_4|tail_tip,0.9,0.995,4.2754,True,0.7231,1.4395,0.2329,3.8452,13.6082,22.0221,52.0425,84.2287,0.0,0.3508,0,False,placeholder_pending_replacement,42
TBI0232,tbi_high,5,VID_TBI0232_5dpf,dlc_resnet50_placeholder,head|midline_1|midline_2|midline_3|midline_4|tail_tip,0.9,0.995,3.3715,True,2.6951,7.3357,0.1256,7.2486,27.5581,48.7711,77.1794,172.5876,0.5087,1.2554,1,False,placeholder_pending_replacement,42
TBI0232,tbi_high,6,VID_TBI0232_6dpf,dlc_resnet50_placeholder,head|midline_1|midline_2|midline_3|midline_4|tail_tip,0.9,0.9804,3.7349,True,4.9415,13.7508,0.0592,15.2427,39.0169,63.7641,111.1762,235.5003,1.8236,3.0782,2,False,placeholder_pending_replacement,42
TBI0233,tbi_high,4,VID_TBI0233_4dpf,dlc_resnet50_placeholder,head|midline_1|midline_2|midline_3|midline_4|tail_tip,0.9,0.9038,2.0838,True,1.0385,2.792,0.8248,2.801,37.172,51.4492,38.0765,87.0255,0.8693,1.5458,2,True,placeholder_pending_replacement,42
TBI0233,tbi_high,5,VID_TBI0233_5dpf,dlc_resnet50_placeholder,head|midline_1|midline_2|midline_3|midline_4|tail_tip,0.9,0.9462,3.9752,True,3.9326,9.8679,0.0168,14.6236,44.5411,60.4181,120.918,207.9667,1.4664,2.9151,3,False,placeholder_pending_replacement,42
TBI0233,tbi_high,6,VID_TBI0233_6dpf,dlc_resnet50_placeholder,head|midline_1|midline_2|midline_3|midline_4|tail_tip,0.9,0.9931,3.1394,True,4.0534,10.4761,0.1159,14.9564,44.3759,69.0015,100.142,223.8164,1.9016,2.8594,3,False,placeholder_pending_replacement,42
TBI0234,tbi_high,4,VID_TBI0234_4dpf,dlc_resnet50_placeholder,head|midline_1|midline_2|midline_3|midline_4|tail_tip,0.9,0.9652,3.8146,True,1.6956,2.9985,0.2451,3.9241,12.9559,17.423,35.9038,60.5887,0.0296,0.1147,0,False,placeholder_pending_replacement,42
TBI0234,tbi_high,5,VID_TBI0234_5dpf,dlc_resnet50_placeholder,head|midline_1|midline_2|midline_3|midline_4|tail_tip,0.9,0.9142,4.0521,True,3.315,6.275,0.1099,9.1138,27.1193,36.0835,82.4202,178.8864,0.686,1.5898,1,False,placeholder_pending_replacement,42
TBI0234,tbi_high,6,VID_TBI0234_6dpf,dlc_resnet50_placeholder,head|midline_1|midline_2|midline_3|midline_4|tail_tip,0.9,0.9767,2.074,True,2.8188,4.5273,0.0456,9.5625,27.4788,46.7855,66.2905,115.388,0.1958,1.3345,1,False,placeholder_pending_replacement,42
TBI0235,tbi_high,4,VID_TBI0235_4dpf,dlc_resnet50_placeholder,head|midline_1|midline_2|midline_3|midline_4|tail_tip,0.9,0.9543,0.0,True,1.5454,2.9721,0.2975,3.7088,13.7044,26.4643,28.3092,41.9127,0.1878,0.1394,0,False,placeholder_pending_replacement,42
TBI0235,tbi_high,5,VID_TBI0235_5dpf,dlc_resnet50_placeholder,head|midline_1|midline_2|midline_3|midline_4|tail_tip,0.9,0.9925,3.6363,True,1.4494,3.6135,0.3386,4.0108,21.2617,40.513,36.8214,68.2069,0.0,0.253,1,False,placeholder_pending_replacement,42
TBI0235,tbi_high,6,VID_TBI0235_6dpf,dlc_resnet50_placeholder,head|midline_1|midline_2|midline_3|midline_4|tail_tip,0.9,0.9895,3.4007,True,1.6465,3.7287,0.268,1.4039,18.9878,34.7119,29.0574,56.3503,0.0,0.2673,1,False,placeholder_pending_replacement,42
TBI0236,tbi_high,4,VID_TBI0236_4dpf,dlc_resnet50_placeholder,head|midline_1|midline_2|midline_3|midline_4|tail_tip,0.9,0.9572,0.22,True,3.2492,5.7975,0.0884,8.7493,29.3997,42.2358,72.0897,135.4203,0.4579,1.4819,1,False,placeholder_pending_replacement,42
TBI0236,tbi_high,5,VID_TBI0236_5dpf,dlc_resnet50_placeholder,head|midline_1|midline_2|midline_3|midline_4|tail_tip,0.9,0.9379,3.3923,True,2.9876,5.1912,0.1552,9.1777,27.8595,51.0053,60.7548,112.6189,0.0831,1.1537,1,False,placeholder_pending_replacement,42
TBI0236,tbi_high,6,VID_TBI0236_6dpf,dlc_resnet50_placeholder,head|midline_1|midline_2|midline_3|midline_4|tail_tip,0.9,0.9584,1.4561,True,2.8547,5.7485,0.1927,9.8916,31.174,54.1445,68.4684,130.1032,0.2668,1.2834,1,False,placeholder_pending_replacement,42
TBI0237,tbi_high,4,VID_TBI0237_4dpf,dlc_resnet50_placeholder,head|midline_1|midline_2|midline_3|midline_4|tail_tip,0.9,0.9493,1.8083,True,1.5663,4.0098,0.2574,3.2385,16.7347,22.8067,10.1318,14.939,0.2722,0.3272,0,False,placeholder_pending_replacement,42
TBI0237,tbi_high,5,VID_TBI0237_5dpf,dlc_resnet50_placeholder,head|midline_1|midline_2|midline_3|midline_4|tail_tip,0.9,0.9644,1.921,True,1.5932,4.1379,0.3074,6.1207,13.1409,18.6102,38.6438,84.9643,0.1336,0.2698,0,False,placeholder_pending_replacement,42
TBI0237,tbi_high,6,VID_TBI0237_6dpf,dlc_resnet50_placeholder,head|midline_1|midline_2|midline_3|midline_4|tail_tip,0.9,0.995,6.9203,True,1.8503,4.3147,0.2659,3.2566,17.4817,30.4753,23.7452,35.5997,0.0,0.2159,0,False,placeholder_pending_replacement,42
TBI0238,tbi_high,4,VID_TBI0238_4dpf,dlc_resnet50_placeholder,head|midline_1|midline_2|midline_3|midline_4|tail_tip,0.9,0.9719,3.7342,True,2.8081,4.9228,0.1192,8.5748,30.337,44.168,77.7842,131.7575,0.2615,1.3278,1,False,placeholder_pending_replacement,42
TBI0238,tbi_high,5,VID_TBI0238_5dpf,dlc_resnet50_placeholder,head|midline_1|midline_2|midline_3|midline_4|tail_tip,0.9,0.9064,1.4012,True,3.3999,7.499,0.124,7.537,30.0281,46.9078,83.479,124.1838,0.5562,1.5147,1,False,placeholder_pending_replacement,42
TBI0238,tbi_high,6,VID_TBI0238_6dpf,dlc_resnet50_placeholder,head|midline_1|midline_2|midline_3|midline_4|tail_tip,0.9,0.9546,2.9016,True,3.3698,5.4182,0.1781,8.4203,28.089,37.6287,68.2103,134.3316,0.4373,1.3302,1,False,placeholder_pending_replacement,42
TBI0239,tbi_high,4,VID_TBI0239_4dpf,dlc_resnet50_placeholder,head|midline_1|midline_2|midline_3|midline_4|tail_tip,0.9,0.9732,0.8806,True,1.8915,4.8225,0.3361,1.7223,13.5467,23.3628,26.8417,56.4997,0.107,0.3503,0,False,placeholder_pending_replacement,42
TBI0239,tbi_high,5,VID_TBI0239_5dpf,dlc_resnet50_placeholder,head|midline_1|midline_2|midline_3|midline_4|tail_tip,0.9,0.995,7.7851,True,1.7795,4.1726,0.2987,5.0958,12.5709,16.6692,35.2712,50.25,0.1381,0.2321,0,False,placeholder_pending_replacement,42
TBI0239,tbi_high,6,VID_TBI0239_6dpf,dlc_resnet50_placeholder,head|midline_1|midline_2|midline_3|midline_4|tail_tip,0.9,0.995,2.9182,True,3.155,6.4648,0.1205,10.1792,29.1441,43.0918,82.2706,175.0412,0.2755,1.4991,1,False,placeholder_pending_replacement,42
TBI0240,tbi_high,4,VID_TBI0240_4dpf,dlc_resnet50_placeholder,head|midline_1|midline_2|midline_3|midline_4|tail_tip,0.9,0.9936,1.8298,True,4.1841,8.736,0.0293,15.7658,44.7177,87.9727,114.5501,262.2288,1.7559,3.0776,3,False,placeholder_pending_replacement,42
TBI0240,tbi_high,5,VID_TBI0240_5dpf,dlc_resnet50_placeholder,head|midline_1|midline_2|midline_3|midline_4|tail_tip,0.9,0.995,2.1107,True,0.4848,1.23,0.6959,1.0722,35.7761,59.4249,38.1454,57.8942,1.0973,1.6568,3,True,placeholder_pending_replacement,42
TBI0240,tbi_high,6,VID_TBI0240_6dpf,dlc_resnet50_placeholder,head|midline_1|midline_2|midline_3|midline_4|tail_tip,0.9,0.9151,4.3255,True,3.1891,7.9624,0.0168,7.2434,30.6608,42.5961,72.2877,166.2605,0.2898,1.4371,1,False,placeholder_pending_replacement,42
