fish_id,group,batch,clutch_id,plate_id,well_id,tbi_dpf,dpf,days_post_tbi,hours_post_tbi,n_weight_drops,nominal_peak_pressure_kpa,measured_peak_pressure_kpa,cumulative_pressure_burden_kpa_hits,channel,electrode_target,electrode_impedance_mohm,rms_noise_mv,electrode_shift_pct,qc_pass,sampling_rate_hz,recording_duration_min,artifact_fraction,lfp_mean_uv,lfp_variance_uv2,lfp_skewness,lfp_kurtosis,lfp_fourth_power_mean_uv4,lfp_seizure_event_rate_per_h,lfp_ica_complexity,is_synthetic
LZTBI-0001,sham,1,CL01,P01,A01,3,4,1,24,0,0,0.0,0.0,1,forebrain,2.97,0.0168,1.3,True,3000,30,0.0135,-0.5861,359.0364,0.3018,2.7405,240223.8569,0,0.9563,False
LZTBI-0001,sham,1,CL01,P01,A01,3,5,2,48,0,0,0.0,0.0,1,forebrain,2.91,0.0184,11.0,True,3000,30,0.0335,2.7482,495.3128,0.1468,2.8547,481580.7695,0,0.9161,False
LZTBI-0001,sham,1,CL01,P01,A01,3,6,3,72,0,0,0.0,0.0,1,forebrain,3.07,0.0171,11.1,True,3000,30,0.0275,1.4191,423.1103,0.0945,2.9871,500349.2672,0,0.8907,False
LZTBI-0002,tbi_moderate,1,CL01,P01,A02,3,4,1,24,1,214,201.6,201.6,2,forebrain,3.11,0.0246,12.6,True,3000,30,0.0393,1.5842,1001.7893,0.1304,3.6912,3379053.8763,0,0.8501,False
LZTBI-0002,tbi_moderate,1,CL01,P01,A02,3,5,2,48,1,214,201.6,201.6,2,forebrain,3.09,0.0135,4.2,True,3000,30,0.02,2.0386,423.4173,0.1824,3.7525,637586.9519,0,0.8289,False
LZTBI-0002,tbi_moderate,1,CL01,P01,A02,3,6,3,72,1,214,201.6,201.6,2,forebrain,3.11,0.0248,3.7,True,3000,30,0.0191,3.8251,1518.1022,0.6473,5.3097,10664462.9678,0,0.7874,False
LZTBI-0003,tbi_high,1,CL01,P01,A03,3,4,1,24,1,318,333.7,333.7,3,forebrain,3.16,0.0176,11.6,True,3000,30,0.0315,8.1073,848.721,0.5987,7.3759,4657419.647,0,0.5331,False
LZTBI-0003,tbi_high,1,CL01,P01,A03,3,5,2,48,1,318,333.7,333.7,3,forebrain,3.17,0.0163,12.0,True,3000,30,0.0233,8.2339,1058.2671,1.113,6.6727,6940689.9314,0,0.5258,False
LZTBI-0003,tbi_high,1,CL01,P01,A03,3,6,3,72,1,318,333.7,333.7,3,forebrain,3.16,0.017,3.8,True,3000,30,0.0143,7.6564,1423.0841,0.9441,7.7021,13821692.9713,0,0.441,False
LZTBI-0004,tbi_moderate,1,CL01,P01,A04,3,4,1,24,1,214,201.6,201.6,4,forebrain,2.93,0.0232,8.9,True,3000,30,0.0219,3.3558,1256.1451,-0.0442,4.8624,6398373.7916,0,0.6853,False
LZTBI-0005,tbi_low,1,CL01,P01,A05,3,4,1,24,1,112,117.1,117.1,5,forebrain,2.77,0.0151,4.0,True,3000,30,0.0127,1.8389,574.6922,0.5201,4.5079,1400555.4346,0,0.7703,False
LZTBI-0005,tbi_low,1,CL01,P01,A05,3,5,2,48,1,112,117.1,117.1,5,forebrain,2.76,0.0174,11.2,True,3000,30,0.0355,6.169,773.286,0.597,5.3991,2586488.8101,0,0.6713,False
LZTBI-0005,tbi_low,1,CL01,P01,A05,3,6,3,72,1,112,117.1,117.1,5,forebrain,2.85,0.0138,14.7,True,3000,30,0.0274,7.496,645.0333,0.5712,6.1867,2175125.9657,0,0.5724,False
LZTBI-0006,sham,1,CL01,P01,A06,3,4,1,24,0,0,0.0,0.0,6,forebrain,3.03,0.0125,2.1,True,3000,30,0.0132,-0.4118,248.0322,-0.0555,2.9262,122413.2723,0,0.9683,False
LZTBI-0006,sham,1,CL01,P01,A06,3,5,2,48,0,0,0.0,0.0,6,forebrain,3.04,0.0174,14.7,True,3000,30,0.0245,2.1951,442.7411,0.6795,3.1105,530319.4488,0,0.9784,False
LZTBI-0006,sham,1,CL01,P01,A06,3,6,3,72,0,0,0.0,0.0,6,forebrain,2.95,0.0133,11.0,True,3000,30,0.0295,1.0421,218.7567,0.1832,3.5685,124785.8007,0,0.8993,False
LZTBI-0007,tbi_moderate,1,CL01,P01,A07,3,4,1,24,1,214,201.6,201.6,7,forebrain,3.24,0.0164,25.4,True,3000,30,0.0171,1.39,533.6966,0.7319,4.265,1063374.8237,0,0.8389,False
LZTBI-0007,tbi_moderate,1,CL01,P01,A07,3,5,2,48,1,214,201.6,201.6,7,forebrain,3.26,0.0175,5.8,True,3000,30,0.0377,4.0946,551.5409,0.2562,3.9168,1125451.4414,0,0.7797,False
LZTBI-0007,tbi_moderate,1,CL01,P01,A07,3,6,3,72,1,214,201.6,201.6,7,forebrain,3.26,0.0171,0.9,True,3000,30,0.0291,2.8384,647.8373,0.2755,4.265,1875954.2637,0,0.7486,False
LZTBI-0008,tbi_low,1,CL01,P01,A08,3,4,1,24,1,112,117.1,117.1,8,forebrain,2.73,0.0224,8.7,True,3000,30,0.0175,2.6233,927.2101,0.2666,3.8119,2228450.9692,0,0.8366,False
LZTBI-0008,tbi_low,1,CL01,P01,A08,3,5,2,48,1,112,117.1,117.1,8,forebrain,2.74,0.0141,14.1,True,3000,30,0.0264,4.2166,448.8472,0.5776,5.278,961132.5399,0,0.6822,False
LZTBI-0008,tbi_low,1,CL01,P01,A08,3,6,3,72,1,112,117.1,117.1,8,forebrain,2.76,0.0261,1.1,True,3000,30,0.0346,8.7666,1704.9876,0.5611,5.5181,15472472.4373,0,0.6725,False
LZTBI-0009,tbi_high,1,CL01,P01,A09,3,4,1,24,1,318,333.7,333.7,9,forebrain,2.89,0.022,1.8,True,3000,30,0.0282,8.7921,1640.714,0.6772,6.7424,18601634.4596,0,0.4365,False
LZTBI-0009,tbi_high,1,CL01,P01,A09,3,5,2,48,1,318,333.7,333.7,9,forebrain,2.87,0.0085,7.6,True,3000,30,0.0191,8.5707,1426.5512,0.9757,8.9876,14213706.6732,4,0.4169,False
LZTBI-0009,tbi_high,1,CL01,P01,A09,3,6,3,72,1,318,333.7,333.7,9,forebrain,2.96,0.0218,5.2,True,3000,30,0.0162,9.8052,2445.4604,1.3389,8.7504,41895580.7735,2,0.4169,False
LZTBI-0010,sham,1,CL01,P01,A10,3,4,1,24,0,0,0.0,0.0,10,forebrain,2.68,0.0199,2.7,True,3000,30,0.0147,2.5139,506.3325,-0.1996,3.441,836775.4425,0,0.9215,False
LZTBI-0010,sham,1,CL01,P01,A10,3,5,2,48,0,0,0.0,0.0,10,forebrain,2.74,0.0168,6.0,True,3000,30,0.0351,-0.8897,340.1751,-0.0405,3.0534,327389.2489,0,0.9271,False
LZTBI-0010,sham,1,CL01,P01,A10,3,6,3,72,0,0,0.0,0.0,10,forebrain,2.83,0.0187,19.0,True,3000,30,0.0267,0.6994,543.7386,-0.462,3.9807,1105815.0434,0,0.9341,False
LZTBI-0011,tbi_high,1,CL01,P01,B01,3,4,1,24,1,318,333.7,333.7,11,forebrain,3.15,0.0188,16.6,True,3000,30,0.032,4.2596,1193.2697,0.6785,5.0249,6657610.3006,0,0.5753,False
LZTBI-0011,tbi_high,1,CL01,P01,B01,3,5,2,48,1,318,333.7,333.7,11,forebrain,3.04,0.011,9.8,True,3000,30,0.0128,6.9419,479.0595,0.9437,6.5261,1078015.1345,0,0.5447,False
LZTBI-0011,tbi_high,1,CL01,P01,B01,3,6,3,72,1,318,333.7,333.7,11,forebrain,3.38,0.0183,10.1,True,3000,30,0.012,7.336,1809.1017,0.7174,8.4073,27817850.3354,2,0.3901,False
LZTBI-0012,sham,1,CL01,P01,B02,3,4,1,24,0,0,0.0,0.0,12,forebrain,3.22,0.0222,3.3,True,3000,30,0.0318,0.9059,745.1676,0.0725,3.7831,1897059.2933,0,0.9224,False
LZTBI-0012,sham,1,CL01,P01,B02,3,5,2,48,0,0,0.0,0.0,12,forebrain,3.18,0.0159,13.2,True,3000,30,0.0222,2.9365,409.8945,-0.0834,4.7557,730145.5259,0,0.902,False
LZTBI-0012,sham,1,CL01,P01,B02,3,6,3,72,0,0,0.0,0.0,12,forebrain,3.21,0.0219,16.8,True,3000,30,0.0246,3.9261,896.669,0.4726,3.3491,2120082.9186,0,0.8426,False
LZTBI-0013,sham,1,CL01,P01,B03,3,4,1,24,0,0,0.0,0.0,13,forebrain,2.84,0.0159,12.1,True,3000,30,0.0316,1.3099,460.0786,0.1816,4.1539,761701.7646,0,0.8372,False
LZTBI-0013,sham,1,CL01,P01,B03,3,5,2,48,0,0,0.0,0.0,13,forebrain,2.9,0.0213,14.6,True,3000,30,0.0101,1.9613,822.1844,0.8729,3.9523,2451620.2202,0,0.9078,False
LZTBI-0013,sham,1,CL01,P01,B03,3,6,3,72,0,0,0.0,0.0,13,forebrain,2.96,0.0148,3.6,True,3000,30,0.0165,6.3282,535.5953,0.2596,4.3639,1276045.7806,0,0.8171,False
LZTBI-0014,tbi_moderate,1,CL01,P01,B04,3,4,1,24,1,214,201.6,201.6,14,forebrain,3.09,0.0165,1.7,True,3000,30,0.0226,3.9784,590.0623,0.6505,4.0638,1395990.0792,0,0.8066,False
LZTBI-0014,tbi_moderate,1,CL01,P01,B04,3,5,2,48,1,214,201.6,201.6,14,forebrain,3.03,0.0189,18.1,True,3000,30,0.0155,4.7032,706.0188,0.509,4.6311,2189507.474,0,0.8726,False
LZTBI-0014,tbi_moderate,1,CL01,P01,B04,3,6,3,72,1,214,201.6,201.6,14,forebrain,2.96,0.0158,7.4,True,3000,30,0.0364,4.0216,510.3017,0.5241,5.2478,1309343.5184,0,0.777,False
LZTBI-0015,tbi_moderate,1,CL01,P01,B05,3,4,1,24,1,214,201.6,201.6,15,forebrain,2.82,0.0173,1.6,True,3000,30,0.0181,6.0377,778.2437,0.8043,4.6033,2059645.8741,0,0.652,False
LZTBI-0015,tbi_moderate,1,CL01,P01,B05,3,5,2,48,1,214,201.6,201.6,15,forebrain,2.87,0.0166,20.7,True,3000,30,0.0278,7.9113,784.5968,0.3393,4.9693,2538941.3534,0,0.5498,False
LZTBI-0015,tbi_moderate,1,CL01,P01,B05,3,6,3,72,1,214,201.6,201.6,15,forebrain,2.77,0.016,16.0,True,3000,30,0.0293,7.1694,944.1022,0.79,6.5468,4302261.3368,0,0.5699,False
LZTBI-0016,tbi_moderate,1,CL01,P01,B06,3,4,1,24,1,214,201.6,201.6,16,forebrain,2.94,0.023,13.1,True,3000,30,0.0096,7.9655,1347.2791,0.4118,5.4271,7275374.01,0,0.6496,False
LZTBI-0016,tbi_moderate,1,CL01,P01,B06,3,5,2,48,1,214,201.6,201.6,16,forebrain,2.98,0.0153,9.8,True,3000,30,0.0304,9.4316,678.4483,1.1412,6.029,2772435.0174,0,0.5626,False
LZTBI-0016,tbi_moderate,1,CL01,P01,B06,3,6,3,72,1,214,201.6,201.6,16,forebrain,2.92,0.0235,11.7,True,3000,30,0.0273,4.4279,1561.981,1.0329,5.887,13694894.6206,0,0.4955,False
LZTBI-0017,tbi_high,1,CL01,P01,B07,3,4,1,24,1,318,333.7,333.7,1,forebrain,2.99,0.0192,18.6,True,3000,30,0.0324,4.2615,866.926,0.809,4.6609,3215752.7349,0,0.738,False
LZTBI-0017,tbi_high,1,CL01,P01,B07,3,5,2,48,1,318,333.7,333.7,1,forebrain,2.94,0.0125,9.8,True,3000,30,0.0141,8.0311,499.4072,0.949,6.0241,1467742.7829,0,0.6761,False
LZTBI-0017,tbi_high,1,CL01,P01,B07,3,6,3,72,1,318,333.7,333.7,1,forebrain,2.91,0.0188,7.5,True,3000,30,0.023,9.0496,1304.0675,0.8026,6.6172,10669654.6593,0,0.538,False
LZTBI-0018,tbi_moderate,1,CL01,P01,B08,3,4,1,24,1,214,201.6,201.6,2,forebrain,2.83,0.0156,1.6,True,3000,30,0.0206,5.5524,558.9721,0.6062,4.246,1077482.6763,0,0.7824,False
LZTBI-0018,tbi_moderate,1,CL01,P01,B08,3,5,2,48,1,214,201.6,201.6,2,forebrain,2.89,0.0225,9.9,True,3000,30,0.038,6.8232,1356.2173,0.7416,4.7922,7134140.9579,0,0.6047,False
LZTBI-0019,tbi_low,1,CL01,P01,B09,3,4,1,24,1,112,117.1,117.1,3,forebrain,2.72,0.0154,3.4,True,3000,30,0.0293,6.3555,579.4992,0.8336,5.584,1425253.4791,0,0.768,False
LZTBI-0019,tbi_low,1,CL01,P01,B09,3,5,2,48,1,112,117.1,117.1,3,forebrain,2.82,0.0174,26.1,True,3000,30,0.0102,6.1974,773.2554,0.5937,5.7074,3189914.2142,0,0.6957,False
LZTBI-0019,tbi_low,1,CL01,P01,B09,3,6,3,72,1,112,117.1,117.1,3,forebrain,2.58,0.0141,19.4,True,3000,30,0.0195,9.0844,1689.1364,0.6247,7.756,20975160.7782,4,0.5484,False
LZTBI-0020,tbi_high,1,CL01,P01,B10,3,4,1,24,1,318,333.7,333.7,4,forebrain,3.17,0.0169,8.2,True,3000,30,0.0154,10.392,1515.2391,1.3253,8.004,18847875.2161,2,0.4774,False
LZTBI-0020,tbi_high,1,CL01,P01,B10,3,5,2,48,1,318,333.7,333.7,4,forebrain,3.08,0.0167,13.6,True,3000,30,0.0248,8.976,1892.699,1.1465,8.8192,23224101.8269,2,0.4268,False
LZTBI-0020,tbi_high,1,CL01,P01,B10,3,6,3,72,1,318,333.7,333.7,4,forebrain,3.32,0.0155,25.3,True,3000,30,0.022,11.2697,1602.7404,1.3148,8.3959,21479240.8139,2,0.3476,False
LZTBI-0021,tbi_low,1,CL01,P01,C01,3,4,1,24,1,112,117.1,117.1,5,forebrain,3.14,0.0169,16.3,True,3000,30,0.0335,2.9465,687.7701,0.3773,5.3279,2469354.2927,0,0.674,False
LZTBI-0021,tbi_low,1,CL01,P01,C01,3,5,2,48,1,112,117.1,117.1,5,forebrain,3.11,0.0175,18.5,True,3000,30,0.0242,5.4129,1185.637,0.5223,5.5092,6327652.8025,2,0.5713,False
LZTBI-0022,tbi_low,1,CL01,P01,C02,3,4,1,24,1,112,117.1,117.1,6,forebrain,2.85,0.0085,6.1,True,3000,30,0.0208,-2.0066,150.0,0.1398,2.7211,100000.0,0,0.9171,False
LZTBI-0022,tbi_low,1,CL01,P01,C02,3,5,2,48,1,112,117.1,117.1,6,forebrain,2.92,0.0214,8.9,True,3000,30,0.0285,4.8018,609.3438,0.1523,2.7204,974196.98,0,0.995,False
LZTBI-0022,tbi_low,1,CL01,P01,C02,3,6,3,72,1,112,117.1,117.1,6,forebrain,2.98,0.0085,13.5,True,3000,30,0.0352,4.3825,179.3366,0.1817,3.6379,100000.0,0,0.824,False
LZTBI-0023,tbi_moderate,1,CL01,P01,C03,3,4,1,24,1,214,201.6,201.6,7,forebrain,2.92,0.0198,4.3,True,3000,30,0.0264,4.843,821.0666,0.0963,4.6241,2717902.13,0,0.7898,False
LZTBI-0023,tbi_moderate,1,CL01,P01,C03,3,5,2,48,1,214,201.6,201.6,7,forebrain,3.06,0.0153,16.7,True,3000,30,0.0155,3.8701,474.9655,0.3832,4.1151,905270.8797,0,0.8798,False
LZTBI-0023,tbi_moderate,1,CL01,P01,C03,3,6,3,72,1,214,201.6,201.6,7,forebrain,2.74,0.0183,21.3,True,3000,30,0.0167,5.3858,642.8058,0.6016,5.323,2246201.1712,0,0.7617,False
LZTBI-0024,tbi_high,1,CL01,P01,C04,3,4,1,24,1,318,333.7,333.7,8,forebrain,3.17,0.0156,4.0,True,3000,30,0.0185,7.0957,1546.3731,0.5006,7.4156,13725345.8502,2,0.5092,False
LZTBI-0024,tbi_high,1,CL01,P01,C04,3,5,2,48,1,318,333.7,333.7,8,forebrain,3.09,0.0172,7.9,True,3000,30,0.0276,8.2909,1243.2679,1.044,7.8901,9144674.688,0,0.3928,False
LZTBI-0024,tbi_high,1,CL01,P01,C04,3,6,3,72,1,318,333.7,333.7,8,forebrain,3.31,0.0147,8.3,True,3000,30,0.0249,12.3177,2739.9627,1.1596,9.3525,56101447.5224,6,0.226,False
LZTBI-0025,tbi_moderate,1,CL01,P01,C05,3,4,1,24,1,214,201.6,201.6,9,forebrain,3.08,0.0235,17.8,True,3000,30,0.013,4.2283,1240.1145,0.7573,5.0744,7802555.1789,0,0.7046,False
LZTBI-0025,tbi_moderate,1,CL01,P01,C05,3,5,2,48,1,214,201.6,201.6,9,forebrain,2.99,0.0143,7.6,True,3000,30,0.0295,7.7826,1369.9323,0.719,6.8347,10242198.4822,2,0.482,False
LZTBI-0025,tbi_moderate,1,CL01,P01,C05,3,6,3,72,1,214,201.6,201.6,9,forebrain,2.88,0.0235,2.5,True,3000,30,0.021,5.7479,1973.3252,0.9479,6.8342,26848276.7192,0,0.6181,False
LZTBI-0026,tbi_moderate,1,CL01,P01,C06,3,4,1,24,1,214,201.6,201.6,10,forebrain,3.12,0.0157,8.5,True,3000,30,0.0313,1.6134,360.1132,0.1617,3.6797,448117.6533,0,0.9173,False
LZTBI-0026,tbi_moderate,1,CL01,P01,C06,3,5,2,48,1,214,201.6,201.6,10,forebrain,2.96,0.0207,12.1,True,3000,30,0.0339,3.317,896.9104,0.2859,4.1359,2966101.1266,0,0.8009,False
LZTBI-0027,tbi_high,1,CL01,P01,C07,3,4,1,24,1,318,333.7,333.7,11,forebrain,2.7,0.0199,10.7,True,3000,30,0.0321,5.9913,1369.0639,0.9752,6.1346,11371794.3426,0,0.5372,False
LZTBI-0027,tbi_high,1,CL01,P01,C07,3,5,2,48,1,318,333.7,333.7,11,forebrain,2.71,0.0113,10.7,True,3000,30,0.0233,10.1173,745.2296,0.6472,6.9499,2984724.1663,0,0.5231,False
LZTBI-0027,tbi_high,1,CL01,P01,C07,3,6,3,72,1,318,333.7,333.7,11,forebrain,2.76,0.0206,8.7,True,3000,30,0.0181,9.6739,2106.4203,0.9749,8.8274,28442284.5738,2,0.507,False
LZTBI-0028,tbi_low,1,CL01,P01,C08,3,4,1,24,1,112,117.1,117.1,12,forebrain,2.73,0.0186,5.9,True,3000,30,0.0252,1.9319,463.3724,-0.117,3.5073,563843.6935,0,0.8914,False
LZTBI-0028,tbi_low,1,CL01,P01,C08,3,5,2,48,1,112,117.1,117.1,12,forebrain,2.84,0.0125,2.7,True,3000,30,0.028,3.7673,238.8561,0.0807,2.4291,121469.4613,0,0.8957,False
LZTBI-0028,tbi_low,1,CL01,P01,C08,3,6,3,72,1,112,117.1,117.1,12,forebrain,2.52,0.0179,4.9,True,3000,30,0.0261,2.0629,518.1652,0.4366,3.1888,729362.5936,0,0.9551,False
LZTBI-0029,tbi_low,1,CL01,P01,C09,3,4,1,24,1,112,117.1,117.1,13,forebrain,3.05,0.0191,18.7,True,3000,30,0.0347,0.3941,656.0523,0.3115,3.4307,1203519.5964,0,0.8248,False
LZTBI-0029,tbi_low,1,CL01,P01,C09,3,5,2,48,1,112,117.1,117.1,13,forebrain,3.11,0.0125,7.4,True,3000,30,0.0301,0.9338,402.1473,0.4055,5.434,781705.7499,0,0.7502,False
LZTBI-0029,tbi_low,1,CL01,P01,C09,3,6,3,72,1,112,117.1,117.1,13,forebrain,3.17,0.0185,1.9,True,3000,30,0.0254,4.9531,797.209,0.5011,5.3052,3399629.1128,0,0.6637,False
LZTBI-0030,sham,1,CL01,P01,C10,3,4,1,24,0,0,0.0,0.0,14,forebrain,2.85,0.0118,8.7,True,3000,30,0.0329,4.4158,276.975,0.0787,3.0631,212733.9338,0,0.9544,False
LZTBI-0030,sham,1,CL01,P01,C10,3,5,2,48,0,0,0.0,0.0,14,forebrain,2.84,0.019,8.1,True,3000,30,0.0283,0.0264,471.5404,-0.3154,2.4657,498600.2709,0,0.9241,False
LZTBI-0030,sham,1,CL01,P01,C10,3,6,3,72,0,0,0.0,0.0,14,forebrain,2.92,0.0102,3.1,True,3000,30,0.0188,1.4869,150.0,-0.1987,3.0599,100000.0,0,0.9499,False
LZTBI-0031,tbi_moderate,1,CL01,P01,D01,3,4,1,24,1,214,201.6,201.6,15,forebrain,2.89,0.0162,1.0,True,3000,30,0.0378,1.1031,452.8101,0.0157,3.8816,665892.034,0,0.8465,False
LZTBI-0031,tbi_moderate,1,CL01,P01,D01,3,5,2,48,1,214,201.6,201.6,15,forebrain,2.9,0.0182,18.4,True,3000,30,0.0177,2.3114,597.3685,0.2333,4.5479,1331843.926,0,0.9434,False
LZTBI-0032,sham,1,CL01,P01,D02,3,4,1,24,0,0,0.0,0.0,16,forebrain,2.75,0.0195,22.1,True,3000,30,0.0299,2.9672,730.729,0.4902,3.7831,1800503.2166,0,0.7713,False
LZTBI-0032,sham,1,CL01,P01,D02,3,5,2,48,0,0,0.0,0.0,16,forebrain,2.64,0.0107,4.4,True,3000,30,0.0235,5.1098,239.5346,0.1341,4.1209,198667.5247,0,0.8813,False
LZTBI-0032,sham,1,CL01,P01,D02,3,6,3,72,0,0,0.0,0.0,16,forebrain,2.54,0.0194,2.0,True,3000,30,0.0171,4.8478,722.1768,0.3492,4.6635,2250021.8491,0,0.7568,False
LZTBI-0033,tbi_moderate,1,CL01,P01,D03,3,4,1,24,1,214,201.6,201.6,1,forebrain,3.17,0.0178,16.8,True,3000,30,0.03,5.0317,799.8533,0.6381,4.2946,2352588.8908,0,0.619,False
LZTBI-0033,tbi_moderate,1,CL01,P01,D03,3,5,2,48,1,214,201.6,201.6,1,forebrain,3.16,0.0118,11.2,True,3000,30,0.0122,6.3083,983.7484,0.8931,6.582,5832569.7735,2,0.5379,False
LZTBI-0033,tbi_moderate,1,CL01,P01,D03,3,6,3,72,1,214,201.6,201.6,1,forebrain,3.14,0.0296,11.1,True,3000,30,0.0097,6.5215,2240.3509,0.7017,5.7921,25544347.4373,0,0.6258,False
LZTBI-0034,tbi_moderate,1,CL01,P01,D04,3,4,1,24,1,214,201.6,201.6,2,forebrain,3.0,0.0166,11.2,True,3000,30,0.0291,-1.2105,455.5959,-0.1478,3.1605,601386.3938,0,0.9362,False
LZTBI-0034,tbi_moderate,1,CL01,P01,D04,3,5,2,48,1,214,201.6,201.6,2,forebrain,2.93,0.0172,2.9,True,3000,30,0.0208,2.8921,525.3714,0.3224,4.0573,977902.527,0,0.9304,False
LZTBI-0034,tbi_moderate,1,CL01,P01,D04,3,6,3,72,1,214,201.6,201.6,2,forebrain,3.1,0.0157,1.3,True,3000,30,0.0162,-0.3333,421.8433,0.72,3.5067,592706.407,0,0.8703,False
LZTBI-0035,sham,1,CL01,P01,D05,3,4,1,24,0,0,0.0,0.0,3,forebrain,2.99,0.0256,20.2,True,3000,30,0.033,0.0498,974.1568,-0.0213,4.1262,3885157.8183,0,0.9476,False
LZTBI-0035,sham,1,CL01,P01,D05,3,5,2,48,0,0,0.0,0.0,3,forebrain,2.97,0.0129,4.6,True,3000,30,0.014,2.8425,304.5383,0.2132,3.9233,363513.4221,0,0.912,False
LZTBI-0035,sham,1,CL01,P01,D05,3,6,3,72,0,0,0.0,0.0,3,forebrain,2.97,0.0256,8.8,True,3000,30,0.0338,-0.6676,978.9345,0.5634,3.9948,3418536.2601,0,0.8609,False
LZTBI-0036,sham,1,CL01,P01,D06,3,4,1,24,0,0,0.0,0.0,4,forebrain,2.73,0.0146,7.1,True,3000,30,0.0271,2.0699,393.4926,0.3741,4.0741,608352.6242,0,0.8328,False
LZTBI-0036,sham,1,CL01,P01,D06,3,5,2,48,0,0,0.0,0.0,4,forebrain,2.67,0.0221,4.1,True,3000,30,0.0197,1.2513,781.5966,0.3277,3.9737,2169677.6678,0,0.8014,False
LZTBI-0036,sham,1,CL01,P01,D06,3,6,3,72,0,0,0.0,0.0,4,forebrain,2.63,0.0152,25.0,True,3000,30,0.0126,0.2752,469.9277,0.0304,3.8652,889485.2111,0,0.8794,False
LZTBI-0037,tbi_low,1,CL01,P01,D07,3,4,1,24,1,112,117.1,117.1,5,forebrain,2.83,0.0219,2.1,True,3000,30,0.0283,1.5662,656.6777,-0.1576,3.344,1265201.7651,0,0.8813,False
LZTBI-0037,tbi_low,1,CL01,P01,D07,3,5,2,48,1,112,117.1,117.1,5,forebrain,2.83,0.0159,20.4,True,3000,30,0.0366,0.4381,360.2605,-0.2241,2.8449,363463.1763,0,0.8725,False
LZTBI-0037,tbi_low,1,CL01,P01,D07,3,6,3,72,1,112,117.1,117.1,5,forebrain,2.9,0.022,16.0,True,3000,30,0.0275,2.7514,774.3914,0.1655,3.7584,2101968.7819,0,0.8436,False
LZTBI-0038,tbi_low,1,CL01,P01,D08,3,4,1,24,1,112,117.1,117.1,6,forebrain,3.36,0.014,0.8,True,3000,30,0.0295,2.9261,534.0627,0.7375,5.4023,1264187.1086,0,0.6536,False
LZTBI-0038,tbi_low,1,CL01,P01,D08,3,5,2,48,1,112,117.1,117.1,6,forebrain,3.04,0.0175,15.8,True,3000,30,0.0241,3.5237,694.6256,0.1864,5.1709,2239570.0014,0,0.6674,False
LZTBI-0038,tbi_low,1,CL01,P01,D08,3,6,3,72,1,112,117.1,117.1,6,forebrain,3.04,0.0149,18.9,True,3000,30,0.0229,5.0282,633.8345,0.7501,5.4606,2036912.0485,0,0.7271,False
LZTBI-0039,sham,1,CL01,P01,D09,3,4,1,24,0,0,0.0,0.0,7,forebrain,2.92,0.017,18.6,True,3000,30,0.0261,0.089,400.5604,-0.4924,3.3145,475770.9796,0,0.82,False
LZTBI-0039,sham,1,CL01,P01,D09,3,5,2,48,0,0,0.0,0.0,7,forebrain,2.95,0.0165,15.0,True,3000,30,0.0341,3.9734,336.2672,-0.1866,2.4529,188608.5629,0,0.9572,False
LZTBI-0039,sham,1,CL01,P01,D09,3,6,3,72,0,0,0.0,0.0,7,forebrain,2.46,0.0175,10.0,True,3000,30,0.0136,-2.4324,436.9916,-0.0255,3.1517,519408.6446,0,0.9244,False
LZTBI-0040,tbi_low,1,CL01,P01,D10,3,4,1,24,1,112,117.1,117.1,8,forebrain,2.99,0.0218,18.2,True,3000,30,0.0367,3.9732,997.2879,0.6289,5.4566,4680116.2759,0,0.7654,False
LZTBI-0040,tbi_low,1,CL01,P01,D10,3,5,2,48,1,112,117.1,117.1,8,forebrain,3.01,0.0085,3.9,True,3000,30,0.0167,6.6434,712.9531,0.6,6.6999,3328470.2108,2,0.5952,False
LZTBI-0040,tbi_low,1,CL01,P01,D10,3,6,3,72,1,112,117.1,117.1,8,forebrain,3.01,0.0221,1.2,True,3000,30,0.0434,8.4183,1522.4838,0.9739,6.1709,12535728.6791,0,0.5165,False
LZTBI-0041,tbi_high,1,CL02,P01,E01,3,4,1,24,1,318,333.7,333.7,9,forebrain,3.04,0.0194,7.7,True,3000,30,0.0285,8.9126,1973.7448,1.3059,7.2452,24036314.7695,2,0.4293,False
LZTBI-0041,tbi_high,1,CL02,P01,E01,3,5,2,48,1,318,333.7,333.7,9,forebrain,3.11,0.0155,7.8,True,3000,30,0.0215,8.2106,1950.5779,1.1891,9.2511,26930044.5832,4,0.3578,False
LZTBI-0041,tbi_high,1,CL02,P01,E01,3,6,3,72,1,318,333.7,333.7,9,forebrain,2.93,0.0177,3.1,True,3000,30,0.0166,7.6188,1669.1398,1.1773,9.0704,23477502.8721,2,0.342,False
LZTBI-0042,tbi_high,1,CL02,P01,E02,3,4,1,24,1,318,333.7,333.7,10,forebrain,3.14,0.0191,1.3,True,3000,30,0.0293,9.3106,2175.1037,0.5477,7.8283,25184819.4196,4,0.4688,False
LZTBI-0042,tbi_high,1,CL02,P01,E02,3,5,2,48,1,318,333.7,333.7,10,forebrain,3.15,0.0107,15.2,True,3000,30,0.0331,5.7617,693.5655,0.7358,7.0752,2703230.5639,0,0.442,False
LZTBI-0042,tbi_high,1,CL02,P01,E02,3,6,3,72,1,318,333.7,333.7,10,forebrain,3.06,0.0186,11.7,True,3000,30,0.0304,11.176,2130.9678,0.867,7.7173,29686021.0779,2,0.4187,False
LZTBI-0043,tbi_high,1,CL02,P01,E03,3,4,1,24,1,318,333.7,333.7,11,forebrain,3.29,0.013,5.5,True,3000,30,0.0309,3.285,323.3746,0.567,4.1404,391137.2811,0,0.8733,False
LZTBI-0043,tbi_high,1,CL02,P01,E03,3,5,2,48,1,318,333.7,333.7,11,forebrain,3.33,0.0185,8.8,True,3000,30,0.0218,2.9363,690.8643,0.3181,4.8606,2233410.7411,0,0.6582,False
LZTBI-0043,tbi_high,1,CL02,P01,E03,3,6,3,72,1,318,333.7,333.7,11,forebrain,3.34,0.0145,18.5,True,3000,30,0.0119,6.9053,1105.3863,0.8507,6.3843,7198571.551,2,0.632,False
LZTBI-0044,tbi_low,1,CL02,P01,E04,3,4,1,24,1,112,117.1,117.1,12,forebrain,3.09,0.0121,1.1,True,3000,30,0.0376,1.4328,376.6353,0.7226,5.1233,574409.1348,0,0.737,False
LZTBI-0044,tbi_low,1,CL02,P01,E04,3,5,2,48,1,112,117.1,117.1,12,forebrain,3.08,0.0191,11.7,True,3000,30,0.0133,8.7371,1550.1639,0.6761,6.3552,14839622.2746,2,0.5688,False
LZTBI-0044,tbi_low,1,CL02,P01,E04,3,6,3,72,1,112,117.1,117.1,12,forebrain,3.05,0.0132,14.8,True,3000,30,0.0176,6.2722,550.7986,0.9083,4.6332,1260716.381,0,0.6803,False
LZTBI-0045,tbi_moderate,1,CL02,P01,E05,3,4,1,24,1,214,201.6,201.6,13,forebrain,3.14,0.0158,4.3,True,3000,30,0.0344,6.0023,617.0122,0.287,4.7327,1614537.6989,0,0.6249,False
LZTBI-0045,tbi_moderate,1,CL02,P01,E05,3,5,2,48,1,214,201.6,201.6,13,forebrain,3.14,0.0186,0.5,True,3000,30,0.0218,5.0198,910.5813,0.4573,4.9886,3966985.4931,0,0.6424,False
LZTBI-0045,tbi_moderate,1,CL02,P01,E05,3,6,3,72,1,214,201.6,201.6,13,forebrain,3.08,0.0148,10.5,True,3000,30,0.0273,7.443,569.1378,0.6253,4.4548,1474895.3508,0,0.7389,False
LZTBI-0046,tbi_low,1,CL02,P01,E06,3,4,1,24,1,112,117.1,117.1,14,forebrain,2.85,0.0232,10.2,True,3000,30,0.035,-2.382,658.7549,0.0099,2.7067,975429.3497,0,0.8784,False
LZTBI-0046,tbi_low,1,CL02,P01,E06,3,5,2,48,1,112,117.1,117.1,14,forebrain,2.85,0.0147,15.7,True,3000,30,0.0144,0.1256,320.7434,-0.293,2.2802,224054.3605,0,0.9596,False
LZTBI-0046,tbi_low,1,CL02,P01,E06,3,6,3,72,1,112,117.1,117.1,14,forebrain,2.9,0.0226,13.1,True,3000,30,0.0169,2.7105,749.1574,-0.024,3.3329,1557614.8218,0,0.9194,False
LZTBI-0047,tbi_high,1,CL02,P01,E07,3,4,1,24,1,318,333.7,333.7,15,forebrain,3.29,0.0246,18.0,True,3000,30,0.0356,4.2726,2108.6613,0.9072,6.7188,24701341.5186,2,0.568,False
LZTBI-0047,tbi_high,1,CL02,P01,E07,3,5,2,48,1,318,333.7,333.7,15,forebrain,3.37,0.0137,1.2,True,3000,30,0.0256,7.483,877.5109,0.702,5.3917,3699943.8515,0,0.5253,False
LZTBI-0047,tbi_high,1,CL02,P01,E07,3,6,3,72,1,318,333.7,333.7,15,forebrain,3.44,0.0241,8.1,True,3000,30,0.0147,9.0271,3086.3136,1.0323,8.948,59190004.7268,4,0.3631,False
LZTBI-0048,tbi_high,1,CL02,P01,E08,3,4,1,24,1,318,333.7,333.7,16,forebrain,3.03,0.0248,0.8,True,3000,30,0.0189,11.761,3006.7471,1.1921,9.4453,79938421.7248,4,0.3626,False
LZTBI-0048,tbi_high,1,CL02,P01,E08,3,5,2,48,1,318,333.7,333.7,16,forebrain,3.1,0.0132,9.3,True,3000,30,0.0291,9.3315,1017.7272,1.2149,6.5643,5742817.27,0,0.439,False
LZTBI-0048,tbi_high,1,CL02,P01,E08,3,6,3,72,1,318,333.7,333.7,16,forebrain,3.14,0.0254,20.0,True,3000,30,0.0384,9.917,2884.9907,1.3951,7.7833,54921470.322,2,0.4031,False
LZTBI-0049,tbi_low,1,CL02,P01,E09,3,4,1,24,1,112,117.1,117.1,1,forebrain,2.46,0.0238,1.5,True,3000,30,0.0158,2.0497,695.3533,-0.0853,2.05,923749.5357,0,0.993,False
LZTBI-0049,tbi_low,1,CL02,P01,E09,3,5,2,48,1,112,117.1,117.1,1,forebrain,2.96,0.0143,5.4,True,3000,30,0.0085,0.9755,314.2719,-0.2104,3.1175,271366.2607,0,0.8241,False
LZTBI-0049,tbi_low,1,CL02,P01,E09,3,6,3,72,1,112,117.1,117.1,1,forebrain,2.61,0.0247,2.3,True,3000,30,0.038,1.2046,886.9776,0.0373,4.5967,2655555.9371,0,0.8538,False
LZTBI-0050,tbi_moderate,1,CL02,P01,E10,3,4,1,24,1,214,201.6,201.6,2,forebrain,3.08,0.0247,7.9,True,3000,30,0.029,5.6962,1313.1064,0.1962,5.3136,9233725.3427,0,0.7353,False
LZTBI-0050,tbi_moderate,1,CL02,P01,E10,3,5,2,48,1,214,201.6,201.6,2,forebrain,2.95,0.0138,2.5,True,3000,30,0.0182,6.3287,506.7432,0.3962,5.153,1091008.1599,0,0.7551,False
LZTBI-0051,sham,1,CL02,P01,F01,3,4,1,24,0,0,0.0,0.0,3,forebrain,2.77,0.0127,8.0,True,3000,30,0.0287,0.0306,294.6952,-0.3658,4.8682,388635.032,0,0.7948,False
LZTBI-0051,sham,1,CL02,P01,F01,3,5,2,48,0,0,0.0,0.0,3,forebrain,2.89,0.0187,13.0,True,3000,30,0.0372,3.2107,630.4144,0.0928,4.3957,1688198.6965,0,0.7721,False
LZTBI-0051,sham,1,CL02,P01,F01,3,6,3,72,0,0,0.0,0.0,3,forebrain,2.55,0.0138,23.7,True,3000,30,0.0267,3.8346,412.3046,0.6425,5.0734,809047.2144,0,0.7366,False
LZTBI-0052,tbi_low,1,CL02,P01,F02,3,4,1,24,1,112,117.1,117.1,4,forebrain,3.01,0.0199,5.2,True,3000,30,0.0281,2.9705,876.5698,-0.0139,4.2223,3507089.6994,0,0.8353,False
LZTBI-0052,tbi_low,1,CL02,P01,F02,3,5,2,48,1,112,117.1,117.1,4,forebrain,2.98,0.0162,15.9,True,3000,30,0.0186,5.9465,1102.4901,0.6958,6.0279,7507991.8273,2,0.6532,False
LZTBI-0052,tbi_low,1,CL02,P01,F02,3,6,3,72,1,112,117.1,117.1,4,forebrain,3.39,0.0212,20.2,True,3000,30,0.0168,5.4511,1264.47,0.8962,6.5041,9760815.839,0,0.6277,False
LZTBI-0053,tbi_high,1,CL02,P01,F03,3,4,1,24,1,318,333.7,333.7,5,forebrain,2.97,0.0207,23.0,True,3000,30,0.0232,1.6291,867.9806,-0.0585,4.7713,2590294.9571,0,0.871,False
LZTBI-0053,tbi_high,1,CL02,P01,F03,3,5,2,48,1,318,333.7,333.7,5,forebrain,3.01,0.0088,11.4,True,3000,30,0.0307,3.0374,204.6357,0.567,4.0153,184998.1933,0,0.759,False
LZTBI-0053,tbi_high,1,CL02,P01,F03,3,6,3,72,1,318,333.7,333.7,5,forebrain,3.03,0.021,8.6,True,3000,30,0.0098,4.3333,1171.3043,0.3127,5.8155,8644047.2814,0,0.6462,False
LZTBI-0054,tbi_moderate,1,CL02,P01,F04,3,4,1,24,1,214,201.6,201.6,6,forebrain,3.13,0.0162,7.3,True,3000,30,0.0184,2.3966,554.7657,0.2772,4.0328,1053513.5105,0,0.809,False
LZTBI-0054,tbi_moderate,1,CL02,P01,F04,3,5,2,48,1,214,201.6,201.6,6,forebrain,3.09,0.021,3.4,True,3000,30,0.0085,5.3625,1052.9794,0.4815,5.5465,6409177.9246,0,0.7718,False
LZTBI-0054,tbi_moderate,1,CL02,P01,F04,3,6,3,72,1,214,201.6,201.6,6,forebrain,3.03,0.0085,13.4,True,3000,30,0.0258,5.048,809.4034,0.5814,6.4388,4371824.2813,2,0.6273,False
LZTBI-0055,tbi_low,1,CL02,P01,F05,3,4,1,24,1,112,117.1,117.1,7,forebrain,3.03,0.0149,10.8,True,3000,30,0.0223,4.3659,483.0631,-0.0206,3.5164,726870.659,0,0.7371,False
LZTBI-0055,tbi_low,1,CL02,P01,F05,3,5,2,48,1,112,117.1,117.1,7,forebrain,2.98,0.0185,5.0,True,3000,30,0.0305,1.7894,882.4345,0.1176,5.4327,4372186.1529,0,0.6899,False
LZTBI-0055,tbi_low,1,CL02,P01,F05,3,6,3,72,1,112,117.1,117.1,7,forebrain,3.15,0.0167,2.4,True,3000,30,0.0315,1.5424,769.372,0.2226,5.0062,2925968.919,0,0.7295,False
LZTBI-0056,tbi_moderate,1,CL02,P01,F06,3,4,1,24,1,214,201.6,201.6,8,forebrain,3.06,0.0148,4.2,True,3000,30,0.0237,7.3576,1706.657,0.8595,7.7647,19521397.5784,4,0.518,False
LZTBI-0056,tbi_moderate,1,CL02,P01,F06,3,5,2,48,1,214,201.6,201.6,8,forebrain,3.08,0.0207,10.8,True,3000,30,0.0126,7.8,1830.347,0.5292,7.1796,22222375.6957,2,0.4152,False
LZTBI-0056,tbi_moderate,1,CL02,P01,F06,3,6,3,72,1,214,201.6,201.6,8,forebrain,3.44,0.0139,10.6,True,3000,30,0.0151,8.3438,816.0158,0.2272,6.8506,4404188.049,0,0.5523,False
LZTBI-0057,tbi_high,1,CL02,P01,F07,3,4,1,24,1,318,333.7,333.7,9,forebrain,3.27,0.0195,25.4,True,3000,30,0.016,7.1527,1641.2157,1.1928,7.1375,19657613.7326,2,0.47,False
LZTBI-0057,tbi_high,1,CL02,P01,F07,3,5,2,48,1,318,333.7,333.7,9,forebrain,3.16,0.0154,6.4,True,3000,30,0.026,8.8976,1532.3869,0.8942,7.0722,14827803.7563,2,0.4385,False
LZTBI-0057,tbi_high,1,CL02,P01,F07,3,6,3,72,1,318,333.7,333.7,9,forebrain,3.05,0.0212,8.6,True,3000,30,0.0349,11.8594,2806.85,1.4643,8.8882,62062065.6673,4,0.3132,False
LZTBI-0058,sham,1,CL02,P01,F08,3,4,1,24,0,0,0.0,0.0,10,forebrain,3.0,0.0116,7.1,True,3000,30,0.0099,1.0417,248.5719,-0.0181,2.782,137334.3815,0,0.9924,False
LZTBI-0058,sham,1,CL02,P01,F08,3,5,2,48,0,0,0.0,0.0,10,forebrain,3.01,0.0173,2.9,True,3000,30,0.0317,1.605,380.5751,-0.1205,3.2395,333227.7459,0,0.9859,False
LZTBI-0058,sham,1,CL02,P01,F08,3,6,3,72,0,0,0.0,0.0,10,forebrain,3.04,0.0123,14.3,True,3000,30,0.0255,0.4022,169.5193,0.4192,3.1859,100000.0,0,0.9924,False
LZTBI-0059,sham,1,CL02,P01,F09,3,4,1,24,0,0,0.0,0.0,11,forebrain,3.28,0.0158,12.4,True,3000,30,0.0202,0.8636,461.886,0.0182,4.0209,882487.7695,0,0.8771,False
LZTBI-0059,sham,1,CL02,P01,F09,3,5,2,48,0,0,0.0,0.0,11,forebrain,3.21,0.0214,15.2,True,3000,30,0.0301,1.1075,691.2128,0.2112,4.0658,1674571.9473,0,0.9071,False
LZTBI-0059,sham,1,CL02,P01,F09,3,6,3,72,0,0,0.0,0.0,11,forebrain,3.35,0.0163,3.4,True,3000,30,0.025,-1.504,530.4817,-0.1307,4.3941,921001.8593,0,0.8094,False
LZTBI-0060,tbi_moderate,1,CL02,P01,F10,3,4,1,24,1,214,201.6,201.6,12,forebrain,3.1,0.0106,9.9,True,3000,30,0.0247,8.6811,1436.6257,1.0061,7.4589,13504567.4433,4,0.5433,False
LZTBI-0060,tbi_moderate,1,CL02,P01,F10,3,5,2,48,1,214,201.6,201.6,12,forebrain,3.14,0.0203,3.9,True,3000,30,0.0333,5.3183,1073.1729,0.3455,5.55,5485645.8999,0,0.6517,False
LZTBI-0060,tbi_moderate,1,CL02,P01,F10,3,6,3,72,1,214,201.6,201.6,12,forebrain,2.97,0.0118,6.7,True,3000,30,0.0243,6.964,1058.6938,1.25,5.8094,5200518.98,2,0.5272,False
LZTBI-0061,tbi_high,1,CL02,P01,G01,3,4,1,24,1,318,333.7,333.7,13,forebrain,2.76,0.0165,0.9,True,3000,30,0.0148,7.3391,720.1251,0.549,5.1879,2331828.3346,0,0.7567,False
LZTBI-0061,tbi_high,1,CL02,P01,G01,3,5,2,48,1,318,333.7,333.7,13,forebrain,2.7,0.0189,4.8,True,3000,30,0.0337,8.5883,947.6289,1.3291,6.156,5064967.3836,0,0.6186,False
LZTBI-0061,tbi_high,1,CL02,P01,G01,3,6,3,72,1,318,333.7,333.7,13,forebrain,2.67,0.0158,18.9,True,3000,30,0.0238,6.6997,959.4398,0.9971,7.1513,6829503.7512,0,0.5695,False
LZTBI-0062,tbi_low,1,CL02,P01,G02,3,4,1,24,1,112,117.1,117.1,14,forebrain,2.92,0.0139,2.7,True,3000,30,0.0241,6.7095,425.4356,-0.1051,4.4302,864959.6434,0,0.8232,False
LZTBI-0062,tbi_low,1,CL02,P01,G02,3,5,2,48,1,112,117.1,117.1,14,forebrain,3.02,0.0243,7.7,True,3000,30,0.0337,1.6227,1029.891,0.0429,3.423,4097061.5023,0,0.7783,False
LZTBI-0062,tbi_low,1,CL02,P01,G02,3,6,3,72,1,112,117.1,117.1,14,forebrain,3.11,0.0131,12.8,True,3000,30,0.0146,4.1413,418.0564,0.3685,4.6456,762157.0046,0,0.7392,False
LZTBI-0063,sham,1,CL02,P01,G03,3,4,1,24,0,0,0.0,0.0,15,forebrain,3.43,0.0194,17.1,True,3000,30,0.0212,0.9985,637.4059,-0.223,3.6125,1729088.6137,0,0.8028,False
LZTBI-0063,sham,1,CL02,P01,G03,3,5,2,48,0,0,0.0,0.0,15,forebrain,3.02,0.0111,6.2,True,3000,30,0.0112,1.6629,285.2964,-0.1693,4.4411,312448.8095,0,0.8768,False
LZTBI-0064,sham,1,CL02,P01,G04,3,4,1,24,0,0,0.0,0.0,16,forebrain,3.06,0.0144,4.5,True,3000,30,0.0149,1.6282,402.4563,0.4551,3.8656,545634.7865,0,0.8443,False
LZTBI-0064,sham,1,CL02,P01,G04,3,5,2,48,0,0,0.0,0.0,16,forebrain,3.11,0.0235,8.7,True,3000,30,0.024,4.3954,1020.9646,0.2504,4.1955,4342476.1227,0,0.8416,False
LZTBI-0064,sham,1,CL02,P01,G04,3,6,3,72,0,0,0.0,0.0,16,forebrain,2.93,0.0154,7.2,True,3000,30,0.0286,1.9455,516.8545,0.5252,3.8939,1100951.8015,0,0.8163,False
LZTBI-0065,sham,1,CL02,P01,G05,3,4,1,24,0,0,0.0,0.0,1,forebrain,3.11,0.0243,1.1,True,3000,30,0.0137,1.2857,933.3682,0.0072,3.1674,2467950.2625,0,0.8252,False
LZTBI-0065,sham,1,CL02,P01,G05,3,5,2,48,0,0,0.0,0.0,1,forebrain,3.04,0.0138,9.8,True,3000,30,0.0285,0.5736,313.8678,0.35,3.5698,324133.5156,0,0.9091,False
LZTBI-0065,sham,1,CL02,P01,G05,3,6,3,72,0,0,0.0,0.0,1,forebrain,2.96,0.0241,12.2,True,3000,30,0.0197,3.6133,979.3421,0.1379,2.8353,2592775.4879,0,0.8501,False
LZTBI-0066,tbi_high,1,CL02,P01,G06,3,4,1,24,1,318,333.7,333.7,2,forebrain,3.06,0.0169,3.1,True,3000,30,0.0377,4.4631,1106.3839,0.798,6.0317,7549321.4417,2,0.6391,False
LZTBI-0066,tbi_high,1,CL02,P01,G06,3,5,2,48,1,318,333.7,333.7,2,forebrain,2.97,0.018,12.6,True,3000,30,0.0165,3.4331,1014.0579,0.6386,6.0964,6968106.0603,0,0.6601,False
LZTBI-0066,tbi_high,1,CL02,P01,G06,3,6,3,72,1,318,333.7,333.7,2,forebrain,2.89,0.0161,11.5,True,3000,30,0.0233,4.8167,748.6606,0.5281,5.0842,2681334.7412,0,0.6763,False
LZTBI-0067,tbi_moderate,1,CL02,P01,G07,3,4,1,24,1,214,201.6,201.6,3,forebrain,3.09,0.0206,1.5,True,3000,30,0.0116,5.4632,1036.5019,0.7271,5.8454,4349073.8965,0,0.66,False
LZTBI-0067,tbi_moderate,1,CL02,P01,G07,3,5,2,48,1,214,201.6,201.6,3,forebrain,3.15,0.0093,13.3,True,3000,30,0.0301,6.5761,672.5769,0.9436,6.7745,2762087.6691,2,0.5399,False
LZTBI-0067,tbi_moderate,1,CL02,P01,G07,3,6,3,72,1,214,201.6,201.6,3,forebrain,2.97,0.0203,15.9,True,3000,30,0.0283,9.2999,1191.425,0.7842,6.1325,9769953.9729,0,0.5698,False
LZTBI-0068,sham,1,CL02,P01,G08,3,4,1,24,0,0,0.0,0.0,4,forebrain,2.84,0.0104,3.0,True,3000,30,0.0411,4.4955,200.9849,-0.248,3.6554,125257.5961,0,0.7852,False
LZTBI-0068,sham,1,CL02,P01,G08,3,5,2,48,0,0,0.0,0.0,4,forebrain,2.81,0.0205,3.4,True,3000,30,0.0197,5.7614,773.7346,0.0016,4.206,2233717.8653,0,0.9012,False
LZTBI-0068,sham,1,CL02,P01,G08,3,6,3,72,0,0,0.0,0.0,4,forebrain,2.96,0.0125,4.6,True,3000,30,0.0251,0.0244,383.3024,-0.3199,3.8675,512608.113,0,0.7883,False
LZTBI-0069,tbi_high,1,CL02,P01,G09,3,4,1,24,1,318,333.7,333.7,5,forebrain,2.69,0.0171,0.5,True,3000,30,0.0277,9.0422,1278.1888,1.0122,7.0827,10257224.6936,0,0.4639,False
LZTBI-0069,tbi_high,1,CL02,P01,G09,3,5,2,48,1,318,333.7,333.7,5,forebrain,2.69,0.0161,14.0,True,3000,30,0.0167,5.9041,1188.9422,0.6568,6.8596,7234784.8123,0,0.4439,False
LZTBI-0069,tbi_high,1,CL02,P01,G09,3,6,3,72,1,318,333.7,333.7,5,forebrain,2.72,0.0171,10.0,True,3000,30,0.0326,9.1593,1234.2747,1.3591,7.4684,12162574.0481,0,0.4514,False
LZTBI-0070,tbi_high,1,CL02,P01,G10,3,4,1,24,1,318,333.7,333.7,6,forebrain,2.83,0.0225,2.8,True,3000,30,0.022,3.0292,888.5727,0.1187,4.7578,2995847.1029,0,0.8093,False
LZTBI-0070,tbi_high,1,CL02,P01,G10,3,5,2,48,1,318,333.7,333.7,6,forebrain,2.74,0.015,22.1,True,3000,30,0.0099,5.7308,478.5143,0.9483,4.5949,942069.8004,0,0.7732,False
LZTBI-0070,tbi_high,1,CL02,P01,G10,3,6,3,72,1,318,333.7,333.7,6,forebrain,3.01,0.0256,11.9,True,3000,30,0.0148,5.8114,2454.6597,0.6436,7.5236,33779031.8079,4,0.5375,False
LZTBI-0071,sham,1,CL02,P01,H01,3,4,1,24,0,0,0.0,0.0,7,forebrain,3.19,0.0142,5.5,True,3000,30,0.0314,-0.4419,272.8481,-0.2205,3.7746,274218.868,0,0.8264,False
LZTBI-0071,sham,1,CL02,P01,H01,3,5,2,48,0,0,0.0,0.0,7,forebrain,3.15,0.0179,0.4,True,3000,30,0.0395,-1.9002,556.3764,0.2831,3.1425,1064448.0152,0,0.8183,False
LZTBI-0071,sham,1,CL02,P01,H01,3,6,3,72,0,0,0.0,0.0,7,forebrain,3.09,0.0154,22.5,True,3000,30,0.0187,0.8631,445.644,0.0862,4.1757,711599.5736,0,0.7989,False
LZTBI-0072,sham,1,CL02,P01,H02,3,4,1,24,0,0,0.0,0.0,8,forebrain,3.12,0.0194,18.9,True,3000,30,0.021,4.6716,644.7722,0.3929,4.0681,1475415.2084,0,0.788,False
LZTBI-0072,sham,1,CL02,P01,H02,3,5,2,48,0,0,0.0,0.0,8,forebrain,3.23,0.0164,0.6,True,3000,30,0.0155,4.0777,497.1224,0.0264,3.9927,971470.1215,0,0.8419,False
LZTBI-0072,sham,1,CL02,P01,H02,3,6,3,72,0,0,0.0,0.0,8,forebrain,3.33,0.0181,7.9,True,3000,30,0.0378,3.9347,682.0209,-0.0143,4.569,1882065.4859,0,0.7657,False
LZTBI-0073,tbi_low,1,CL02,P01,H03,3,4,1,24,1,112,117.1,117.1,9,forebrain,3.08,0.0283,21.5,True,3000,30,0.0243,0.8367,1247.389,-0.0782,3.9933,5662212.3108,0,0.8965,False
LZTBI-0073,tbi_low,1,CL02,P01,H03,3,5,2,48,1,112,117.1,117.1,9,forebrain,3.04,0.0125,5.3,True,3000,30,0.0329,3.9602,368.9301,0.258,4.1156,544596.1449,0,0.7585,False
LZTBI-0073,tbi_low,1,CL02,P01,H03,3,6,3,72,1,112,117.1,117.1,9,forebrain,3.1,0.0275,7.5,True,3000,30,0.0335,3.4984,1345.9502,0.1237,5.1087,10704350.6959,0,0.771,False
LZTBI-0074,tbi_low,1,CL02,P01,H04,3,4,1,24,1,112,117.1,117.1,10,forebrain,2.86,0.0166,5.5,True,3000,30,0.0345,-1.3027,391.5406,0.1966,3.77,504172.3851,0,0.9222,False
LZTBI-0074,tbi_low,1,CL02,P01,H04,3,5,2,48,1,112,117.1,117.1,10,forebrain,2.93,0.017,8.2,True,3000,30,0.0264,3.1675,455.0602,-0.2728,3.6033,641536.9571,0,0.8961,False
LZTBI-0074,tbi_low,1,CL02,P01,H04,3,6,3,72,1,112,117.1,117.1,10,forebrain,2.79,0.0157,6.4,True,3000,30,0.0211,3.9529,825.7213,0.4472,4.8342,3433958.8771,2,0.8522,False
LZTBI-0075,sham,1,CL02,P01,H05,3,4,1,24,0,0,0.0,0.0,11,forebrain,2.53,0.0175,19.3,True,3000,30,0.0258,2.9831,388.7426,0.2955,2.6889,379114.7019,0,0.9542,False
LZTBI-0075,sham,1,CL02,P01,H05,3,5,2,48,0,0,0.0,0.0,11,forebrain,2.6,0.0148,4.1,True,3000,30,0.0345,-0.2497,269.1033,-0.2029,3.1688,217561.9171,0,0.9487,False
LZTBI-0075,sham,1,CL02,P01,H05,3,6,3,72,0,0,0.0,0.0,11,forebrain,2.68,0.0185,0.5,True,3000,30,0.0145,-1.0145,422.7995,-0.1583,3.644,629098.3835,0,0.8917,False
LZTBI-0076,tbi_high,1,CL02,P01,H06,3,4,1,24,1,318,333.7,333.7,12,forebrain,3.04,0.0245,4.4,True,3000,30,0.0285,9.6002,2069.4298,0.7944,7.535,22421108.0145,0,0.5447,False
LZTBI-0076,tbi_high,1,CL02,P01,H06,3,5,2,48,1,318,333.7,333.7,12,forebrain,2.99,0.0138,12.6,True,3000,30,0.0213,13.1754,2785.2504,1.5477,10.2128,89294738.7345,6,0.2687,False
LZTBI-0076,tbi_high,1,CL02,P01,H06,3,6,3,72,1,318,333.7,333.7,12,forebrain,2.93,0.0237,14.5,True,3000,30,0.0133,9.6517,2755.9106,0.89,7.073,54942641.8512,2,0.3625,False
LZTBI-0077,tbi_moderate,1,CL02,P01,H07,3,4,1,24,1,214,201.6,201.6,13,forebrain,2.82,0.0169,20.4,True,3000,30,0.0433,6.3902,865.6223,0.6864,5.9624,4354761.7225,0,0.6621,False
LZTBI-0077,tbi_moderate,1,CL02,P01,H07,3,5,2,48,1,214,201.6,201.6,13,forebrain,2.87,0.0171,5.4,True,3000,30,0.021,9.6406,946.9933,0.8125,6.0086,5024010.9598,0,0.6051,False
LZTBI-0077,tbi_moderate,1,CL02,P01,H07,3,6,3,72,1,214,201.6,201.6,13,forebrain,2.76,0.0179,7.4,True,3000,30,0.0131,10.4167,2722.557,1.5627,9.7334,58251094.4798,6,0.3693,False
LZTBI-0078,tbi_high,1,CL02,P01,H08,3,4,1,24,1,318,333.7,333.7,14,forebrain,3.24,0.0134,12.9,True,3000,30,0.033,5.7432,626.1827,0.6568,6.3278,2548231.3486,0,0.5356,False
LZTBI-0078,tbi_high,1,CL02,P01,H08,3,5,2,48,1,318,333.7,333.7,14,forebrain,3.25,0.0247,8.3,True,3000,30,0.0221,7.2674,2071.3803,0.9429,6.952,28855361.2874,0,0.4637,False
LZTBI-0078,tbi_high,1,CL02,P01,H08,3,6,3,72,1,318,333.7,333.7,14,forebrain,3.15,0.0134,8.9,True,3000,30,0.023,8.2497,2019.1536,1.403,9.5193,36213269.6491,4,0.3626,False
LZTBI-0079,tbi_low,1,CL02,P01,H09,3,4,1,24,1,112,117.1,117.1,15,forebrain,2.84,0.014,13.4,True,3000,30,0.0378,8.7053,496.3582,0.1557,4.7098,1055267.4797,0,0.6875,False
LZTBI-0079,tbi_low,1,CL02,P01,H09,3,5,2,48,1,112,117.1,117.1,15,forebrain,2.92,0.0242,18.3,True,3000,30,0.0166,6.264,1660.483,0.8468,6.3308,15153489.3126,0,0.6292,False
LZTBI-0079,tbi_low,1,CL02,P01,H09,3,6,3,72,1,112,117.1,117.1,15,forebrain,2.99,0.0136,12.9,True,3000,30,0.0225,7.3507,792.0987,0.7439,6.2433,3501761.2289,0,0.4539,False
LZTBI-0080,tbi_low,1,CL02,P01,H10,3,4,1,24,1,112,117.1,117.1,16,forebrain,3.27,0.0166,2.1,True,3000,30,0.0283,4.7904,798.2534,0.1477,5.5624,3293031.5019,0,0.6117,False
LZTBI-0080,tbi_low,1,CL02,P01,H10,3,5,2,48,1,112,117.1,117.1,16,forebrain,3.24,0.0175,23.6,True,3000,30,0.0072,4.3764,1238.6509,1.0145,5.6518,9250292.4268,2,0.5897,False
LZTBI-0080,tbi_low,1,CL02,P01,H10,3,6,3,72,1,112,117.1,117.1,16,forebrain,3.19,0.015,4.0,True,3000,30,0.0185,3.3417,510.9616,0.3597,4.7163,1097716.8753,0,0.7335,False
LZTBI-0081,sham,2,CL03,P02,A01,3,4,1,24,0,0,0.0,0.0,1,forebrain,3.42,0.0277,4.0,True,3000,30,0.0241,4.074,1289.7231,0.1477,4.6341,8603798.4218,0,0.8014,False
LZTBI-0081,sham,2,CL03,P02,A01,3,5,2,48,0,0,0.0,0.0,1,forebrain,3.57,0.0125,7.2,True,3000,30,0.0144,2.426,351.9143,0.2015,4.2825,474953.9803,0,0.8409,False
LZTBI-0081,sham,2,CL03,P02,A01,3,6,3,72,0,0,0.0,0.0,1,forebrain,3.18,0.0304,5.3,True,3000,30,0.0191,1.8691,1754.2022,0.25,4.7043,15538811.096,0,0.7325,False
LZTBI-0082,tbi_high,2,CL03,P02,A02,3,4,1,24,1,318,313.9,313.9,2,forebrain,3.29,0.0085,24.8,True,3000,30,0.0138,7.3564,391.1355,0.665,5.9793,901569.6569,0,0.5777,False
LZTBI-0082,tbi_high,2,CL03,P02,A02,3,5,2,48,1,318,313.9,313.9,2,forebrain,3.29,0.0217,12.3,True,3000,30,0.0251,7.4467,1676.8734,1.1453,7.3293,19230307.7868,0,0.5571,False
LZTBI-0082,tbi_high,2,CL03,P02,A02,3,6,3,72,1,318,313.9,313.9,2,forebrain,3.2,0.0085,0.4,True,3000,30,0.0282,7.4038,1144.415,0.6494,7.6042,7917281.1657,2,0.3937,False
LZTBI-0083,tbi_low,2,CL03,P02,A03,3,4,1,24,1,112,114.0,114.0,3,forebrain,2.76,0.0207,18.0,True,3000,30,0.0397,1.8415,821.1949,0.4937,4.0165,2252145.3645,0,0.9013,False
LZTBI-0083,tbi_low,2,CL03,P02,A03,3,5,2,48,1,112,114.0,114.0,3,forebrain,2.69,0.0093,8.1,True,3000,30,0.0302,4.7091,236.1184,0.5298,4.8816,202097.6996,0,0.7942,False
LZTBI-0083,tbi_low,2,CL03,P02,A03,3,6,3,72,1,112,114.0,114.0,3,forebrain,2.63,0.0203,17.8,True,3000,30,0.0197,9.1355,939.3121,0.4119,4.9964,4405469.8406,0,0.6873,False
LZTBI-0084,tbi_high,2,CL03,P02,A04,3,4,1,24,1,318,313.9,313.9,4,forebrain,3.33,0.0242,6.9,True,3000,30,0.0333,5.8887,1563.1531,0.9487,5.6566,12947842.4273,0,0.6607,False
LZTBI-0084,tbi_high,2,CL03,P02,A04,3,5,2,48,1,318,313.9,313.9,4,forebrain,3.3,0.0137,2.8,True,3000,30,0.0382,5.9253,1097.5769,1.3578,7.0507,7625334.4875,2,0.5066,False
LZTBI-0084,tbi_high,2,CL03,P02,A04,3,6,3,72,1,318,313.9,313.9,4,forebrain,3.24,0.0242,25.3,True,3000,30,0.0149,6.8034,2004.4427,1.3366,6.7671,22544628.5751,0,0.5083,False
LZTBI-0085,tbi_low,2,CL03,P02,A05,3,4,1,24,1,112,114.0,114.0,5,forebrain,2.91,0.0147,11.6,True,3000,30,0.0158,4.7192,983.5701,0.3133,5.7825,3885321.5272,2,0.6928,False
LZTBI-0085,tbi_low,2,CL03,P02,A05,3,5,2,48,1,112,114.0,114.0,5,forebrain,2.85,0.0233,16.0,True,3000,30,0.0084,6.6178,1452.5282,0.3845,5.5972,10407626.9728,0,0.5288,False
LZTBI-0085,tbi_low,2,CL03,P02,A05,3,6,3,72,1,112,114.0,114.0,5,forebrain,3.03,0.0144,21.8,True,3000,30,0.0386,8.8799,1183.4428,0.6927,6.8129,8096163.0307,2,0.482,False
LZTBI-0086,tbi_moderate,2,CL03,P02,A06,3,4,1,24,1,214,214.9,214.9,6,forebrain,3.09,0.0184,0.4,True,3000,30,0.0176,3.3129,1070.7127,0.5751,6.6425,5227412.2298,0,0.6396,False
LZTBI-0086,tbi_moderate,2,CL03,P02,A06,3,5,2,48,1,214,214.9,214.9,6,forebrain,3.08,0.0127,22.4,True,3000,30,0.0261,6.5563,508.325,0.6099,6.0456,1360479.0056,0,0.6113,False
LZTBI-0086,tbi_moderate,2,CL03,P02,A06,3,6,3,72,1,214,214.9,214.9,6,forebrain,3.03,0.0175,17.3,True,3000,30,0.0371,9.3728,1087.1114,0.9775,7.0552,6330139.62,0,0.473,False
LZTBI-0087,tbi_low,2,CL03,P02,A07,3,4,1,24,1,112,114.0,114.0,7,forebrain,3.19,0.0145,7.0,True,3000,30,0.0425,1.576,369.4118,-0.0551,3.566,506874.7352,0,0.8864,False
LZTBI-0087,tbi_low,2,CL03,P02,A07,3,5,2,48,1,112,114.0,114.0,7,forebrain,3.2,0.0176,4.7,True,3000,30,0.037,2.0129,586.6693,0.0828,3.5657,1130364.4229,0,0.8072,False
LZTBI-0087,tbi_low,2,CL03,P02,A07,3,6,3,72,1,112,114.0,114.0,7,forebrain,3.18,0.0137,12.0,True,3000,30,0.0143,5.4777,429.232,0.3888,5.1236,866859.8989,0,0.8155,False
LZTBI-0088,tbi_high,2,CL03,P02,A08,3,4,1,24,1,318,313.9,313.9,8,forebrain,2.98,0.0144,8.6,True,3000,30,0.0153,8.7235,704.4948,0.9756,5.9263,2549360.5805,0,0.5074,False
LZTBI-0088,tbi_high,2,CL03,P02,A08,3,5,2,48,1,318,313.9,313.9,8,forebrain,3.03,0.0179,11.8,True,3000,30,0.0265,9.7334,1429.8091,1.2735,7.3609,13396637.8737,0,0.4029,False
LZTBI-0088,tbi_high,2,CL03,P02,A08,3,6,3,72,1,318,313.9,313.9,8,forebrain,3.07,0.0158,3.2,True,3000,30,0.037,9.7245,1190.9051,1.0374,8.7064,9636487.7817,0,0.4015,False
LZTBI-0089,tbi_moderate,2,CL03,P02,A09,3,4,1,24,1,214,214.9,214.9,9,forebrain,2.97,0.0085,6.8,True,3000,30,0.0246,5.1882,261.4379,0.552,4.7169,260231.0131,0,0.7459,False
LZTBI-0089,tbi_moderate,2,CL03,P02,A09,3,5,2,48,1,214,214.9,214.9,9,forebrain,2.94,0.0211,6.6,True,3000,30,0.0167,6.0784,1095.7131,0.767,5.4098,5977980.0974,0,0.6858,False
LZTBI-0089,tbi_moderate,2,CL03,P02,A09,3,6,3,72,1,214,214.9,214.9,9,forebrain,3.13,0.0085,3.1,True,3000,30,0.011,7.6162,911.9224,0.7986,6.5854,5926352.8214,2,0.5557,False
LZTBI-0090,tbi_low,2,CL03,P02,A10,3,4,1,24,1,112,114.0,114.0,10,forebrain,2.76,0.0191,20.7,True,3000,30,0.0117,3.9251,726.0109,0.1635,4.5122,1802344.4804,0,0.8563,False
LZTBI-0090,tbi_low,2,CL03,P02,A10,3,5,2,48,1,112,114.0,114.0,10,forebrain,2.76,0.0156,0.7,True,3000,30,0.0346,5.6078,581.8644,0.7483,4.3353,1525491.94,0,0.7361,False
LZTBI-0090,tbi_low,2,CL03,P02,A10,3,6,3,72,1,112,114.0,114.0,10,forebrain,2.77,0.0206,6.4,True,3000,30,0.0294,8.0278,1612.6571,0.6135,6.2415,16672162.8976,2,0.5935,False
LZTBI-0091,tbi_high,2,CL03,P02,B01,3,4,1,24,1,318,313.9,313.9,11,forebrain,3.0,0.016,5.3,True,3000,30,0.0215,14.6899,3306.7876,1.3544,9.8464,97609129.1351,8,0.2485,False
LZTBI-0091,tbi_high,2,CL03,P02,B01,3,5,2,48,1,318,313.9,313.9,11,forebrain,2.98,0.021,9.9,True,3000,30,0.0305,10.6865,2446.5138,1.1849,8.7967,52868533.4236,2,0.3857,False
LZTBI-0091,tbi_high,2,CL03,P02,B01,3,6,3,72,1,318,313.9,313.9,11,forebrain,3.07,0.0166,11.3,True,3000,30,0.028,8.5839,1358.1384,1.0322,7.9771,13293682.195,0,0.3696,False
LZTBI-0092,sham,2,CL03,P02,B02,3,4,1,24,0,0,0.0,0.0,12,forebrain,3.22,0.0173,1.4,True,3000,30,0.0145,0.8407,510.5242,-0.3137,4.372,946165.0152,0,0.937,False
LZTBI-0092,sham,2,CL03,P02,B02,3,5,2,48,0,0,0.0,0.0,12,forebrain,3.21,0.0156,24.4,True,3000,30,0.0304,2.1871,429.5582,0.529,3.615,699913.7267,0,0.8503,False
LZTBI-0092,sham,2,CL03,P02,B02,3,6,3,72,0,0,0.0,0.0,12,forebrain,3.17,0.0167,13.4,True,3000,30,0.035,0.1889,402.1658,0.205,3.9848,720261.241,0,0.7678,False
LZTBI-0093,tbi_high,2,CL03,P02,B03,3,4,1,24,1,318,313.9,313.9,13,forebrain,2.97,0.0204,9.3,True,3000,30,0.031,8.2439,1748.3574,0.7467,6.066,15317009.093,2,0.4266,False
LZTBI-0093,tbi_high,2,CL03,P02,B03,3,5,2,48,1,318,313.9,313.9,13,forebrain,3.1,0.0093,4.6,True,3000,30,0.0342,7.8225,841.5525,0.5053,7.4096,4541251.6699,2,0.5236,False
LZTBI-0093,tbi_high,2,CL03,P02,B03,3,6,3,72,1,318,313.9,313.9,13,forebrain,3.2,0.0206,10.9,True,3000,30,0.0386,9.76,2103.9312,0.3792,8.7362,36552910.6796,2,0.3566,False
LZTBI-0094,tbi_high,2,CL03,P02,B04,3,4,1,24,1,318,313.9,313.9,14,forebrain,2.86,0.0155,12.5,True,3000,30,0.031,9.4534,820.399,0.6388,6.4875,3649711.0881,0,0.5168,False
LZTBI-0094,tbi_high,2,CL03,P02,B04,3,5,2,48,1,318,313.9,313.9,14,forebrain,2.86,0.018,8.5,True,3000,30,0.0239,11.7755,2627.475,1.5988,9.1153,62298788.1121,4,0.3483,False
LZTBI-0094,tbi_high,2,CL03,P02,B04,3,6,3,72,1,318,313.9,313.9,14,forebrain,2.88,0.0142,8.0,True,3000,30,0.0167,6.5362,1598.4364,1.4688,9.1319,20274244.8773,2,0.329,False
LZTBI-0095,tbi_moderate,2,CL03,P02,B05,3,4,1,24,1,214,214.9,214.9,15,forebrain,2.91,0.0217,25.5,True,3000,30,0.0123,5.6009,1518.8274,0.6187,6.1528,12908153.4155,0,0.6024,False
LZTBI-0095,tbi_moderate,2,CL03,P02,B05,3,5,2,48,1,214,214.9,214.9,15,forebrain,2.93,0.0085,8.1,True,3000,30,0.019,7.7114,765.4146,0.7827,7.2655,3055520.7578,2,0.4443,False
LZTBI-0095,tbi_moderate,2,CL03,P02,B05,3,6,3,72,1,214,214.9,214.9,15,forebrain,2.92,0.0214,7.0,True,3000,30,0.0252,9.1721,2417.4961,0.9469,7.6677,47034794.3259,4,0.4312,False
LZTBI-0096,tbi_low,2,CL03,P02,B06,3,4,1,24,1,112,114.0,114.0,16,forebrain,3.06,0.0136,1.6,True,3000,30,0.0103,-2.2321,326.5751,-0.0934,3.0942,279591.2795,0,0.995,False
LZTBI-0096,tbi_low,2,CL03,P02,B06,3,5,2,48,1,112,114.0,114.0,16,forebrain,3.12,0.0184,13.1,True,3000,30,0.0322,2.3835,438.5048,0.354,4.1627,678788.5244,0,0.9288,False
LZTBI-0096,tbi_low,2,CL03,P02,B06,3,6,3,72,1,112,114.0,114.0,16,forebrain,2.96,0.0147,15.7,True,3000,30,0.0281,-0.8091,720.1028,0.1179,3.6389,1910628.5306,2,0.7489,False
LZTBI-0097,tbi_moderate,2,CL03,P02,B07,3,4,1,24,1,214,214.9,214.9,1,forebrain,2.91,0.0244,6.1,True,3000,30,0.0309,3.0568,1230.397,0.7683,4.7548,7324692.9313,0,0.6982,False
LZTBI-0097,tbi_moderate,2,CL03,P02,B07,3,5,2,48,1,214,214.9,214.9,1,forebrain,2.81,0.0135,7.4,True,3000,30,0.0396,6.621,533.5507,0.7487,4.9376,1347474.4376,0,0.6787,False
LZTBI-0097,tbi_moderate,2,CL03,P02,B07,3,6,3,72,1,214,214.9,214.9,1,forebrain,2.74,0.0249,14.8,True,3000,30,0.0193,5.612,1593.4691,0.3961,6.3597,14777074.1414,0,0.6412,False
LZTBI-0098,sham,2,CL03,P02,B08,3,4,1,24,0,0,0.0,0.0,2,forebrain,3.16,0.017,9.3,True,3000,30,0.0171,2.4739,559.3745,0.5006,2.2382,657178.2444,0,0.8897,False
LZTBI-0098,sham,2,CL03,P02,B08,3,5,2,48,0,0,0.0,0.0,2,forebrain,3.17,0.0175,11.2,True,3000,30,0.0076,1.5536,522.4072,0.0308,3.7768,953364.1034,0,0.8633,False
LZTBI-0098,sham,2,CL03,P02,B08,3,6,3,72,0,0,0.0,0.0,2,forebrain,3.16,0.0168,16.3,True,3000,30,0.0284,1.2911,426.4608,-0.2215,2.9136,491428.0057,0,0.843,False
LZTBI-0099,tbi_low,2,CL03,P02,B09,3,4,1,24,1,112,114.0,114.0,3,forebrain,2.99,0.016,18.3,True,3000,30,0.0216,1.2575,454.4665,-0.1982,4.7025,781129.7864,0,0.8545,False
LZTBI-0099,tbi_low,2,CL03,P02,B09,3,5,2,48,1,112,114.0,114.0,3,forebrain,2.96,0.0201,12.2,True,3000,30,0.0307,4.0002,950.1927,0.5859,4.7704,3545259.5492,0,0.678,False
LZTBI-0099,tbi_low,2,CL03,P02,B09,3,6,3,72,1,112,114.0,114.0,3,forebrain,3.08,0.0166,11.8,True,3000,30,0.029,4.7651,587.894,0.4394,4.0896,1322719.57,0,0.6918,False
LZTBI-0100,tbi_moderate,2,CL03,P02,B10,3,4,1,24,1,214,214.9,214.9,4,forebrain,3.01,0.0254,1.6,True,3000,30,0.0167,5.0987,1270.8931,0.4867,3.6437,4332576.9426,0,0.8064,False
LZTBI-0101,tbi_high,2,CL03,P02,C01,3,4,1,24,1,318,313.9,313.9,5,forebrain,3.23,0.0136,0.4,True,3000,30,0.0101,10.9115,1861.5369,0.8864,8.5822,28983335.714,4,0.3322,False
LZTBI-0101,tbi_high,2,CL03,P02,C01,3,5,2,48,1,318,313.9,313.9,5,forebrain,3.21,0.0242,12.8,True,3000,30,0.0175,6.0098,1850.5977,0.9748,7.0563,20720238.0325,0,0.4093,False
LZTBI-0101,tbi_high,2,CL03,P02,C01,3,6,3,72,1,318,313.9,313.9,5,forebrain,3.18,0.0142,14.8,True,3000,30,0.0257,13.7149,1677.5972,1.4787,8.4026,23355005.2687,2,0.3123,False
LZTBI-0102,tbi_low,2,CL03,P02,C02,3,4,1,24,1,112,114.0,114.0,6,forebrain,3.02,0.0185,8.6,True,3000,30,0.0335,0.1602,740.4179,0.2924,4.2504,2385524.5201,0,0.8449,False
LZTBI-0102,tbi_low,2,CL03,P02,C02,3,5,2,48,1,112,114.0,114.0,6,forebrain,3.06,0.0129,15.5,True,3000,30,0.0274,5.2243,367.2005,0.1649,4.5575,496491.7211,0,0.7925,False
LZTBI-0102,tbi_low,2,CL03,P02,C02,3,6,3,72,1,112,114.0,114.0,6,forebrain,3.11,0.0188,2.2,True,3000,30,0.0214,6.481,691.0081,0.7063,4.9283,2482612.2602,0,0.7617,False
LZTBI-0103,sham,2,CL03,P02,C03,3,4,1,24,0,0,0.0,0.0,7,forebrain,2.74,0.026,5.3,True,3000,30,0.0175,2.362,990.5967,0.3994,3.8649,3029253.9653,0,0.8618,False
LZTBI-0103,sham,2,CL03,P02,C03,3,5,2,48,0,0,0.0,0.0,7,forebrain,2.76,0.0127,4.1,True,3000,30,0.0365,3.5733,296.4953,0.1467,3.0847,271738.2524,0,0.9103,False
LZTBI-0103,sham,2,CL03,P02,C03,3,6,3,72,0,0,0.0,0.0,7,forebrain,2.8,0.0233,6.1,True,3000,30,0.0285,2.0884,770.6517,0.473,2.5126,1447524.4657,0,0.8964,False
LZTBI-0104,sham,2,CL03,P02,C04,3,4,1,24,0,0,0.0,0.0,8,forebrain,3.02,0.0119,7.5,True,3000,30,0.0353,2.0903,279.5,-0.2152,3.613,277469.4171,0,0.8102,False
LZTBI-0104,sham,2,CL03,P02,C04,3,5,2,48,0,0,0.0,0.0,8,forebrain,3.07,0.0279,3.7,True,3000,30,0.0261,-1.3263,1154.1131,0.4152,3.1547,3688711.2878,0,0.9141,False
LZTBI-0104,sham,2,CL03,P02,C04,3,6,3,72,0,0,0.0,0.0,8,forebrain,2.97,0.0115,4.8,True,3000,30,0.023,2.4808,296.3791,0.1895,3.9567,339025.4265,0,0.7677,False
LZTBI-0105,tbi_low,2,CL03,P02,C05,3,4,1,24,1,112,114.0,114.0,9,forebrain,2.66,0.0259,8.2,True,3000,30,0.0273,4.3285,1685.1073,0.4234,5.2367,15546474.9285,0,0.6579,False
LZTBI-0105,tbi_low,2,CL03,P02,C05,3,5,2,48,1,112,114.0,114.0,9,forebrain,2.63,0.0125,4.1,True,3000,30,0.0357,5.5834,495.016,0.2983,6.0685,1283106.7232,0,0.6501,False
LZTBI-0105,tbi_low,2,CL03,P02,C05,3,6,3,72,1,112,114.0,114.0,9,forebrain,2.62,0.0277,14.9,True,3000,30,0.0155,3.4597,2309.3777,1.142,5.9087,25497758.8808,0,0.5302,False
LZTBI-0106,sham,2,CL03,P02,C06,3,4,1,24,0,0,0.0,0.0,10,forebrain,3.1,0.0085,19.8,True,3000,30,0.0092,-0.0277,197.6181,0.2466,3.0392,100040.0533,0,0.8762,False
LZTBI-0106,sham,2,CL03,P02,C06,3,5,2,48,0,0,0.0,0.0,10,forebrain,3.13,0.0211,5.9,True,3000,30,0.0291,-1.0479,765.9293,0.0589,3.9442,2278824.0618,0,0.8977,False
LZTBI-0106,sham,2,CL03,P02,C06,3,6,3,72,0,0,0.0,0.0,10,forebrain,3.15,0.0085,2.4,True,3000,30,0.0198,2.0014,150.0,0.0694,3.4889,100000.0,0,0.7906,False
LZTBI-0107,sham,2,CL03,P02,C07,3,4,1,24,0,0,0.0,0.0,11,forebrain,2.97,0.0178,6.6,True,3000,30,0.014,0.7616,446.9225,-0.0773,2.9969,575532.2109,0,0.8505,False
LZTBI-0107,sham,2,CL03,P02,C07,3,5,2,48,0,0,0.0,0.0,11,forebrain,2.55,0.0147,15.6,True,3000,30,0.0217,1.5984,313.0668,0.4102,2.5628,196304.5614,0,0.9316,False
LZTBI-0107,sham,2,CL03,P02,C07,3,6,3,72,0,0,0.0,0.0,11,forebrain,3.02,0.0177,10.5,True,3000,30,0.0244,1.5957,502.9121,0.031,4.1075,862669.6552,0,0.8858,False
LZTBI-0108,tbi_low,2,CL03,P02,C08,3,4,1,24,1,112,114.0,114.0,12,forebrain,3.0,0.0113,6.9,True,3000,30,0.0308,0.8581,209.0299,0.3103,3.634,132433.2913,0,0.8048,False
LZTBI-0108,tbi_low,2,CL03,P02,C08,3,5,2,48,1,112,114.0,114.0,12,forebrain,3.04,0.0181,19.8,True,3000,30,0.02,-0.9471,411.6951,-0.1962,2.6301,386558.9102,0,0.9647,False
LZTBI-0108,tbi_low,2,CL03,P02,C08,3,6,3,72,1,112,114.0,114.0,12,forebrain,2.95,0.0113,9.6,True,3000,30,0.0222,1.9016,265.8424,0.5084,4.0581,233333.6032,0,0.8979,False
LZTBI-0109,tbi_low,2,CL03,P02,C09,3,4,1,24,1,112,114.0,114.0,13,forebrain,2.81,0.0206,11.7,True,3000,30,0.0224,0.5851,757.1705,0.156,4.3673,2196305.8466,0,0.7799,False
LZTBI-0109,tbi_low,2,CL03,P02,C09,3,5,2,48,1,112,114.0,114.0,13,forebrain,2.75,0.0153,2.8,True,3000,30,0.0294,5.4973,484.7114,0.5907,3.2035,723252.0353,0,0.7375,False
LZTBI-0109,tbi_low,2,CL03,P02,C09,3,6,3,72,1,112,114.0,114.0,13,forebrain,2.72,0.0219,18.0,True,3000,30,0.036,0.658,900.9853,0.2759,4.1931,3023397.8439,0,0.7613,False
LZTBI-0110,tbi_moderate,2,CL03,P02,C10,3,4,1,24,1,214,214.9,214.9,14,forebrain,3.18,0.0151,7.5,True,3000,30,0.0357,9.3932,1286.761,1.1512,8.0538,9067862.5173,2,0.3969,False
LZTBI-0110,tbi_moderate,2,CL03,P02,C10,3,5,2,48,1,214,214.9,214.9,14,forebrain,3.11,0.0229,5.6,True,3000,30,0.0185,8.8647,3130.5913,1.269,8.9243,80770057.0605,6,0.465,False
LZTBI-0110,tbi_moderate,2,CL03,P02,C10,3,6,3,72,1,214,214.9,214.9,14,forebrain,3.28,0.0155,2.1,True,3000,30,0.018,8.5298,1122.2081,1.1519,8.4138,8567545.5427,0,0.4469,False
LZTBI-0111,tbi_moderate,2,CL03,P02,D01,3,4,1,24,1,214,214.9,214.9,15,forebrain,3.02,0.0138,3.4,True,3000,30,0.0094,7.0342,805.5951,0.5266,5.4143,3234570.7046,0,0.5202,False
LZTBI-0111,tbi_moderate,2,CL03,P02,D01,3,5,2,48,1,214,214.9,214.9,15,forebrain,3.0,0.0241,11.0,True,3000,30,0.0314,7.9248,2120.2521,0.4233,6.2724,23392485.6066,2,0.5918,False
LZTBI-0111,tbi_moderate,2,CL03,P02,D01,3,6,3,72,1,214,214.9,214.9,15,forebrain,2.96,0.0139,13.8,True,3000,30,0.0251,10.9406,1122.9677,0.7823,6.3997,7437252.3885,2,0.4896,False
LZTBI-0112,sham,2,CL03,P02,D02,3,4,1,24,0,0,0.0,0.0,16,forebrain,3.09,0.0143,21.2,True,3000,30,0.0182,-2.7748,260.4166,-0.0616,2.9423,138001.5473,0,0.9164,False
LZTBI-0112,sham,2,CL03,P02,D02,3,5,2,48,0,0,0.0,0.0,16,forebrain,3.03,0.0187,9.0,True,3000,30,0.029,-0.0223,456.7696,-0.0359,3.0602,637031.5333,0,0.9896,False
LZTBI-0112,sham,2,CL03,P02,D02,3,6,3,72,0,0,0.0,0.0,16,forebrain,2.97,0.0117,4.4,True,3000,30,0.0119,-1.0677,160.3499,0.0159,2.9485,100000.0,0,0.908,False
LZTBI-0113,tbi_high,2,CL03,P02,D03,3,4,1,24,1,318,313.9,313.9,1,forebrain,3.0,0.0196,15.3,True,3000,30,0.0188,9.2129,2114.0188,0.9001,7.465,27403489.1164,4,0.5021,False
LZTBI-0113,tbi_high,2,CL03,P02,D03,3,5,2,48,1,318,313.9,313.9,1,forebrain,3.11,0.0106,1.6,True,3000,30,0.0338,6.5968,778.0071,0.1001,5.8878,3424111.2181,0,0.605,False
LZTBI-0113,tbi_high,2,CL03,P02,D03,3,6,3,72,1,318,313.9,313.9,1,forebrain,2.82,0.0199,2.0,True,3000,30,0.0402,12.5176,3599.8176,1.2835,8.8879,127975628.4714,6,0.269,False
LZTBI-0114,tbi_moderate,2,CL03,P02,D04,3,4,1,24,1,214,214.9,214.9,2,forebrain,3.0,0.0157,10.0,True,3000,30,0.02,6.8305,701.9548,0.2043,5.9399,2866203.1069,0,0.5464,False
LZTBI-0114,tbi_moderate,2,CL03,P02,D04,3,5,2,48,1,214,214.9,214.9,2,forebrain,3.02,0.0209,0.6,True,3000,30,0.0259,6.1352,1315.7393,0.4233,6.0053,9841906.5787,0,0.5694,False
LZTBI-0114,tbi_moderate,2,CL03,P02,D04,3,6,3,72,1,214,214.9,214.9,2,forebrain,2.92,0.016,3.1,True,3000,30,0.0359,8.6195,1467.371,1.4165,8.523,15927954.8617,2,0.4667,False
LZTBI-0115,sham,2,CL03,P02,D05,3,4,1,24,0,0,0.0,0.0,3,forebrain,2.89,0.0181,10.1,True,3000,30,0.0149,0.5647,509.3714,-0.3577,2.5358,480016.6595,0,0.8492,False
LZTBI-0115,sham,2,CL03,P02,D05,3,5,2,48,0,0,0.0,0.0,3,forebrain,2.94,0.014,24.7,True,3000,30,0.0356,2.9015,297.6721,0.1559,3.4196,226064.5546,0,0.8025,False
LZTBI-0115,sham,2,CL03,P02,D05,3,6,3,72,0,0,0.0,0.0,3,forebrain,3.02,0.0176,4.6,True,3000,30,0.0282,3.9974,503.6256,0.1957,3.6266,818308.516,0,0.8125,False
LZTBI-0116,sham,2,CL03,P02,D06,3,4,1,24,0,0,0.0,0.0,4,forebrain,3.1,0.0169,6.9,True,3000,30,0.0205,1.3848,413.0788,-0.0386,2.3977,347067.075,0,0.9264,False
LZTBI-0116,sham,2,CL03,P02,D06,3,5,2,48,0,0,0.0,0.0,4,forebrain,3.03,0.0174,11.3,True,3000,30,0.0325,1.0543,449.2229,-0.3362,3.6967,557839.3006,0,0.967,False
LZTBI-0117,tbi_moderate,2,CL03,P02,D07,3,4,1,24,1,214,214.9,214.9,5,forebrain,2.82,0.0125,11.4,True,3000,30,0.0224,6.7007,952.6039,0.299,6.3782,5264063.3035,0,0.602,False
LZTBI-0117,tbi_moderate,2,CL03,P02,D07,3,5,2,48,1,214,214.9,214.9,5,forebrain,2.79,0.0187,1.5,True,3000,30,0.0182,6.8031,1931.3172,1.0525,7.7595,25557300.2123,2,0.4579,False
LZTBI-0117,tbi_moderate,2,CL03,P02,D07,3,6,3,72,1,214,214.9,214.9,5,forebrain,2.9,0.0109,2.8,True,3000,30,0.0355,7.8137,906.5229,0.7738,7.8046,5573874.6491,0,0.5118,False
LZTBI-0118,sham,2,CL03,P02,D08,3,4,1,24,0,0,0.0,0.0,6,forebrain,3.12,0.0289,1.6,True,3000,30,0.0246,-2.3802,1083.5262,-0.397,3.1669,3613486.7558,0,0.9655,False
LZTBI-0118,sham,2,CL03,P02,D08,3,5,2,48,0,0,0.0,0.0,6,forebrain,3.07,0.0121,11.6,True,3000,30,0.0368,0.3632,245.399,-0.174,2.9849,194647.6088,0,0.929,False
LZTBI-0118,sham,2,CL03,P02,D08,3,6,3,72,0,0,0.0,0.0,6,forebrain,3.19,0.0277,22.1,True,3000,30,0.0331,0.7678,1097.7014,0.0344,3.3178,3426766.2604,0,0.9559,False
LZTBI-0119,sham,2,CL03,P02,D09,3,4,1,24,0,0,0.0,0.0,7,forebrain,2.96,0.0174,7.5,True,3000,30,0.0288,2.8862,597.7142,0.1711,4.1635,1308613.8337,0,0.7949,False
LZTBI-0119,sham,2,CL03,P02,D09,3,5,2,48,0,0,0.0,0.0,7,forebrain,2.99,0.017,23.1,True,3000,30,0.0125,4.9757,585.4713,0.325,3.9884,1253241.0594,0,0.8114,False
LZTBI-0119,sham,2,CL03,P02,D09,3,6,3,72,0,0,0.0,0.0,7,forebrain,3.03,0.0167,3.9,True,3000,30,0.0321,-1.3792,545.3255,0.9065,3.6777,1001677.7403,0,0.8457,False
LZTBI-0120,sham,2,CL03,P02,D10,3,4,1,24,0,0,0.0,0.0,8,forebrain,3.26,0.0225,13.3,True,3000,30,0.0177,0.838,696.1346,0.0539,3.5556,1431748.6302,0,0.8377,False
LZTBI-0120,sham,2,CL03,P02,D10,3,5,2,48,0,0,0.0,0.0,8,forebrain,3.27,0.0163,15.3,True,3000,30,0.0401,-0.2916,471.6194,0.425,3.2721,731749.8398,0,0.8999,False
LZTBI-0120,sham,2,CL03,P02,D10,3,6,3,72,0,0,0.0,0.0,8,forebrain,3.25,0.0223,1.3,True,3000,30,0.034,2.8655,916.4391,0.2506,4.4373,3734642.5407,0,0.8862,False
LZTBI-0121,tbi_moderate,2,CL04,P02,E01,3,4,1,24,1,214,214.9,214.9,9,forebrain,3.15,0.0195,11.9,True,3000,30,0.0305,9.4411,1580.2718,0.9309,6.9424,19867425.8757,2,0.5247,False
LZTBI-0121,tbi_moderate,2,CL04,P02,E01,3,5,2,48,1,214,214.9,214.9,9,forebrain,3.16,0.0124,3.2,True,3000,30,0.0128,6.9346,1172.0576,1.6782,7.3402,8265960.4176,2,0.4968,False
LZTBI-0121,tbi_moderate,2,CL04,P02,E01,3,6,3,72,1,214,214.9,214.9,9,forebrain,3.07,0.02,7.4,True,3000,30,0.011,11.585,2675.0007,0.4684,9.1242,63765825.3934,4,0.2561,False
LZTBI-0122,tbi_moderate,2,CL04,P02,E02,3,4,1,24,1,214,214.9,214.9,10,forebrain,2.91,0.0186,6.7,True,3000,30,0.0305,3.6417,820.7512,-0.0542,5.0667,2368214.0517,0,0.76,False
LZTBI-0122,tbi_moderate,2,CL04,P02,E02,3,5,2,48,1,214,214.9,214.9,10,forebrain,2.82,0.013,7.3,True,3000,30,0.0177,10.5264,1199.584,1.027,6.5021,9740819.8038,2,0.4356,False
LZTBI-0122,tbi_moderate,2,CL04,P02,E02,3,6,3,72,1,214,214.9,214.9,10,forebrain,3.06,0.0192,3.8,True,3000,30,0.0242,8.5358,1272.2657,0.9429,7.6886,10031929.0818,0,0.4504,False
LZTBI-0123,tbi_moderate,2,CL04,P02,E03,3,4,1,24,1,214,214.9,214.9,11,forebrain,3.45,0.0113,8.4,True,3000,30,0.0359,0.0972,268.4982,0.4557,4.3498,280944.1432,0,0.9118,False
LZTBI-0123,tbi_moderate,2,CL04,P02,E03,3,5,2,48,1,214,214.9,214.9,11,forebrain,3.38,0.0198,13.7,True,3000,30,0.0135,5.218,781.3222,0.0903,4.1394,2601372.4672,0,0.7461,False
LZTBI-0123,tbi_moderate,2,CL04,P02,E03,3,6,3,72,1,214,214.9,214.9,11,forebrain,3.29,0.0102,2.0,True,3000,30,0.0241,1.3029,243.2815,0.3965,3.9589,214640.4058,0,0.7916,False
LZTBI-0124,tbi_low,2,CL04,P02,E04,3,4,1,24,1,112,114.0,114.0,12,forebrain,2.71,0.0145,6.5,True,3000,30,0.0203,2.4648,514.934,0.7702,4.6325,1145370.5444,0,0.6966,False
LZTBI-0124,tbi_low,2,CL04,P02,E04,3,5,2,48,1,112,114.0,114.0,12,forebrain,2.57,0.0218,15.2,True,3000,30,0.0126,5.72,1225.4911,0.3639,4.3331,5615816.7869,0,0.6661,False
LZTBI-0124,tbi_low,2,CL04,P02,E04,3,6,3,72,1,112,114.0,114.0,12,forebrain,2.99,0.0152,4.2,True,3000,30,0.0321,9.3163,1148.1066,0.8797,6.9252,9117152.0755,2,0.5166,False
LZTBI-0125,tbi_high,2,CL04,P02,E05,3,4,1,24,1,318,313.9,313.9,13,forebrain,3.4,0.0233,1.4,True,3000,30,0.0281,8.5889,3128.5175,0.9487,8.3913,73024414.6974,4,0.3356,False
LZTBI-0125,tbi_high,2,CL04,P02,E05,3,5,2,48,1,318,313.9,313.9,13,forebrain,3.37,0.0136,13.8,True,3000,30,0.0373,9.9711,1827.7656,1.214,9.7479,29689514.6444,4,0.3096,False
LZTBI-0125,tbi_high,2,CL04,P02,E05,3,6,3,72,1,318,313.9,313.9,13,forebrain,3.35,0.0215,10.7,True,3000,30,0.035,8.8284,2020.223,0.8017,7.2365,26283151.7915,0,0.4092,False
LZTBI-0126,tbi_high,2,CL04,P02,E06,3,4,1,24,1,318,313.9,313.9,14,forebrain,3.09,0.0127,18.6,True,3000,30,0.0393,2.6453,438.8184,0.4733,4.6847,712953.5352,0,0.6684,False
LZTBI-0126,tbi_high,2,CL04,P02,E06,3,5,2,48,1,318,313.9,313.9,14,forebrain,3.12,0.0185,9.5,True,3000,30,0.0286,2.798,924.4772,0.3379,5.201,3512650.7569,0,0.5504,False
LZTBI-0126,tbi_high,2,CL04,P02,E06,3,6,3,72,1,318,313.9,313.9,14,forebrain,3.01,0.01,12.0,True,3000,30,0.0289,7.7021,837.6297,0.5102,7.4555,4667100.3151,2,0.514,False
LZTBI-0127,tbi_low,2,CL04,P02,E07,3,4,1,24,1,112,114.0,114.0,15,forebrain,3.34,0.0117,13.1,True,3000,30,0.0115,2.6828,407.4825,-0.0146,3.947,540840.2041,0,0.8361,False
LZTBI-0127,tbi_low,2,CL04,P02,E07,3,5,2,48,1,112,114.0,114.0,15,forebrain,3.29,0.0192,2.6,True,3000,30,0.0216,-0.5472,668.3064,-0.0491,3.2278,1199558.6559,0,0.8189,False
LZTBI-0127,tbi_low,2,CL04,P02,E07,3,6,3,72,1,112,114.0,114.0,15,forebrain,3.22,0.0126,9.0,True,3000,30,0.0309,1.0569,375.4562,0.0648,5.1026,674547.349,0,0.7687,False
LZTBI-0128,tbi_moderate,2,CL04,P02,E08,3,4,1,24,1,214,214.9,214.9,16,forebrain,3.17,0.0091,6.8,True,3000,30,0.0069,9.562,448.3685,0.7428,6.3965,971028.218,0,0.5899,False
LZTBI-0128,tbi_moderate,2,CL04,P02,E08,3,5,2,48,1,214,214.9,214.9,16,forebrain,3.22,0.0206,27.9,True,3000,30,0.0275,11.786,1336.2507,0.9076,7.2156,11892933.424,0,0.4093,False
LZTBI-0128,tbi_moderate,2,CL04,P02,E08,3,6,3,72,1,214,214.9,214.9,16,forebrain,3.27,0.0095,2.4,True,3000,30,0.02,7.3965,1125.5618,1.2147,9.5443,11545324.6353,2,0.3887,False
LZTBI-0129,tbi_low,2,CL04,P02,E09,3,4,1,24,1,112,114.0,114.0,1,forebrain,2.9,0.018,13.4,True,3000,30,0.01,3.9226,1009.4628,0.6003,5.8471,5171468.1882,2,0.7736,False
LZTBI-0129,tbi_low,2,CL04,P02,E09,3,5,2,48,1,112,114.0,114.0,1,forebrain,2.89,0.0156,10.2,True,3000,30,0.0166,2.7425,590.9682,0.6638,5.3135,1955768.4278,0,0.7505,False
LZTBI-0129,tbi_low,2,CL04,P02,E09,3,6,3,72,1,112,114.0,114.0,1,forebrain,2.99,0.0185,9.6,True,3000,30,0.0295,4.5757,667.6867,0.2581,3.7481,1667173.6911,0,0.7996,False
LZTBI-0130,sham,2,CL04,P02,E10,3,4,1,24,0,0,0.0,0.0,2,forebrain,3.19,0.0269,9.3,True,3000,30,0.0264,3.8082,1179.3981,0.5287,4.6972,5966583.695,0,0.8323,False
LZTBI-0130,sham,2,CL04,P02,E10,3,5,2,48,0,0,0.0,0.0,2,forebrain,3.28,0.0122,6.0,True,3000,30,0.0323,-1.2368,299.8165,0.1982,4.0946,340135.604,0,0.8285,False
LZTBI-0130,sham,2,CL04,P02,E10,3,6,3,72,0,0,0.0,0.0,2,forebrain,3.33,0.0278,6.9,True,3000,30,0.0101,2.2361,1474.8006,0.7764,4.8776,9884008.4657,0,0.7588,False
LZTBI-0131,sham,2,CL04,P02,F01,3,4,1,24,0,0,0.0,0.0,3,forebrain,2.97,0.0197,3.9,True,3000,30,0.0365,1.5612,564.3991,-0.1262,2.9261,888517.2368,0,0.8326,False
LZTBI-0131,sham,2,CL04,P02,F01,3,5,2,48,0,0,0.0,0.0,3,forebrain,2.93,0.0163,8.3,True,3000,30,0.0304,3.5477,604.9752,0.4991,4.946,1553678.0825,0,0.8206,False
LZTBI-0131,sham,2,CL04,P02,F01,3,6,3,72,0,0,0.0,0.0,3,forebrain,2.93,0.021,7.3,True,3000,30,0.0195,1.5789,1014.5343,0.4514,4.4827,4556028.9442,0,0.7923,False
LZTBI-0132,tbi_high,2,CL04,P02,F02,3,4,1,24,1,318,313.9,313.9,4,forebrain,2.96,0.0174,8.7,True,3000,30,0.0132,7.4066,982.3293,0.8372,6.2964,5654527.1228,0,0.5591,False
LZTBI-0132,tbi_high,2,CL04,P02,F02,3,5,2,48,1,318,313.9,313.9,4,forebrain,3.02,0.0166,7.8,True,3000,30,0.0239,9.3199,1615.3064,1.161,6.6505,14750132.6284,2,0.3432,False
LZTBI-0132,tbi_high,2,CL04,P02,F02,3,6,3,72,1,318,313.9,313.9,4,forebrain,2.84,0.0162,4.3,True,3000,30,0.0301,10.1118,978.0707,1.0015,7.5145,7539516.3134,0,0.4049,False
LZTBI-0133,tbi_high,2,CL04,P02,F03,3,4,1,24,1,318,313.9,313.9,5,forebrain,3.03,0.011,3.3,True,3000,30,0.0303,2.2387,245.5521,0.2572,4.1345,258745.5534,0,0.8161,False
LZTBI-0133,tbi_high,2,CL04,P02,F03,3,5,2,48,1,318,313.9,313.9,5,forebrain,3.07,0.0192,23.0,True,3000,30,0.0217,1.6671,760.1174,0.2631,5.0773,3398676.7897,0,0.865,False
LZTBI-0133,tbi_high,2,CL04,P02,F03,3,6,3,72,1,318,313.9,313.9,5,forebrain,3.1,0.0109,1.0,True,3000,30,0.0398,6.8988,383.2364,0.2865,6.348,742621.4114,0,0.6407,False
LZTBI-0134,tbi_high,2,CL04,P02,F04,3,4,1,24,1,318,313.9,313.9,6,forebrain,3.01,0.0159,2.9,True,3000,30,0.0335,4.5765,909.1637,0.4438,6.1105,3539391.673,0,0.485,False
LZTBI-0134,tbi_high,2,CL04,P02,F04,3,5,2,48,1,318,313.9,313.9,6,forebrain,3.07,0.0206,24.8,True,3000,30,0.0396,8.1082,1449.5071,1.0487,6.2345,11921438.4821,0,0.4944,False
LZTBI-0134,tbi_high,2,CL04,P02,F04,3,6,3,72,1,318,313.9,313.9,6,forebrain,3.1,0.0149,8.3,True,3000,30,0.0171,11.4461,1992.6256,1.1427,9.1692,34322421.1289,4,0.4574,False
LZTBI-0135,tbi_low,2,CL04,P02,F05,3,4,1,24,1,112,114.0,114.0,7,forebrain,2.62,0.0181,10.6,True,3000,30,0.0345,6.5066,2202.9715,0.9949,8.0271,36058895.934,6,0.4757,False
LZTBI-0135,tbi_low,2,CL04,P02,F05,3,5,2,48,1,112,114.0,114.0,7,forebrain,2.57,0.0134,4.0,True,3000,30,0.0257,5.7975,570.213,0.9018,5.2629,1405968.963,0,0.5923,False
LZTBI-0135,tbi_low,2,CL04,P02,F05,3,6,3,72,1,112,114.0,114.0,7,forebrain,2.79,0.0187,5.4,True,3000,30,0.0373,4.0613,1312.3024,-0.0557,5.7494,10872642.6259,2,0.6188,False
LZTBI-0136,sham,2,CL04,P02,F06,3,4,1,24,0,0,0.0,0.0,8,forebrain,2.94,0.011,26.5,True,3000,30,0.0173,2.6812,260.1162,0.0201,3.7651,249434.1474,0,0.9181,False
LZTBI-0136,sham,2,CL04,P02,F06,3,5,2,48,0,0,0.0,0.0,8,forebrain,3.01,0.0191,6.9,True,3000,30,0.0224,4.8166,606.9847,0.1388,3.3268,1078882.3159,0,0.8594,False
LZTBI-0136,sham,2,CL04,P02,F06,3,6,3,72,0,0,0.0,0.0,8,forebrain,2.79,0.0112,0.4,True,3000,30,0.0343,4.6326,373.9849,0.3757,4.1698,434763.2639,0,0.8561,False
LZTBI-0137,tbi_low,2,CL04,P02,F07,3,4,1,24,1,112,114.0,114.0,9,forebrain,2.59,0.0212,1.1,True,3000,30,0.0257,5.2906,779.1495,0.2518,4.0293,2221523.1287,0,0.9246,False
LZTBI-0137,tbi_low,2,CL04,P02,F07,3,5,2,48,1,112,114.0,114.0,9,forebrain,2.53,0.0156,7.9,True,3000,30,0.0088,2.8754,565.4476,0.428,3.2416,942965.4107,0,0.8524,False
LZTBI-0137,tbi_low,2,CL04,P02,F07,3,6,3,72,1,112,114.0,114.0,9,forebrain,2.45,0.0199,14.2,True,3000,30,0.0298,5.9903,834.2184,0.6033,4.8637,3318672.2572,0,0.7591,False
LZTBI-0138,tbi_high,2,CL04,P02,F08,3,4,1,24,1,318,313.9,313.9,10,forebrain,2.99,0.0185,8.8,True,3000,30,0.0114,6.8058,734.3681,0.3253,4.8794,2174254.0406,0,0.7013,False
LZTBI-0138,tbi_high,2,CL04,P02,F08,3,5,2,48,1,318,313.9,313.9,10,forebrain,2.58,0.0111,7.6,True,3000,30,0.0199,7.9344,830.9446,0.3161,6.9809,4702891.6492,2,0.6499,False
LZTBI-0138,tbi_high,2,CL04,P02,F08,3,6,3,72,1,318,313.9,313.9,10,forebrain,2.58,0.0191,10.4,True,3000,30,0.0304,8.2004,1463.5412,1.2335,7.3108,15188878.5512,2,0.5991,False
LZTBI-0139,tbi_moderate,2,CL04,P02,F09,3,4,1,24,1,214,214.9,214.9,11,forebrain,2.62,0.0182,0.4,True,3000,30,0.0213,5.6913,1041.1502,0.35,4.7738,5251564.2816,0,0.6147,False
LZTBI-0139,tbi_moderate,2,CL04,P02,F09,3,5,2,48,1,214,214.9,214.9,11,forebrain,2.66,0.0156,12.9,True,3000,30,0.014,7.8121,825.1326,0.5005,5.7503,3944047.6779,0,0.5802,False
LZTBI-0139,tbi_moderate,2,CL04,P02,F09,3,6,3,72,1,214,214.9,214.9,11,forebrain,2.64,0.0192,14.7,True,3000,30,0.0076,7.3582,1758.2479,1.2498,7.1682,18477757.5559,2,0.4913,False
LZTBI-0140,tbi_moderate,2,CL04,P02,F10,3,4,1,24,1,214,214.9,214.9,12,forebrain,3.04,0.0168,13.6,True,3000,30,0.0111,4.4559,699.0801,0.8789,4.8088,2174680.1944,0,0.6177,False
LZTBI-0140,tbi_moderate,2,CL04,P02,F10,3,5,2,48,1,214,214.9,214.9,12,forebrain,2.99,0.0172,5.1,True,3000,30,0.0336,3.3323,810.184,0.5031,5.1761,3695860.4169,0,0.7518,False
LZTBI-0140,tbi_moderate,2,CL04,P02,F10,3,6,3,72,1,214,214.9,214.9,12,forebrain,3.07,0.018,1.8,True,3000,30,0.0345,4.3616,949.7358,0.5799,5.9993,5376462.0757,0,0.5765,False
LZTBI-0141,tbi_low,2,CL04,P02,G01,3,4,1,24,1,112,114.0,114.0,13,forebrain,2.74,0.0146,9.7,True,3000,30,0.0194,5.6239,515.1116,0.4767,6.2225,1517232.7018,0,0.6607,False
LZTBI-0141,tbi_low,2,CL04,P02,G01,3,5,2,48,1,112,114.0,114.0,13,forebrain,2.82,0.0221,11.3,True,3000,30,0.0254,6.9739,1208.2104,0.878,5.358,7682968.5152,0,0.6975,False
LZTBI-0141,tbi_low,2,CL04,P02,G01,3,6,3,72,1,112,114.0,114.0,13,forebrain,2.91,0.0149,2.1,True,3000,30,0.0314,6.5043,952.637,0.8249,6.7904,5910458.093,0,0.5988,False
LZTBI-0142,tbi_low,2,CL04,P02,G02,3,4,1,24,1,112,114.0,114.0,14,forebrain,3.04,0.0166,9.4,True,3000,30,0.0322,2.827,499.7125,0.1089,3.0311,667081.3528,0,0.8851,False
LZTBI-0142,tbi_low,2,CL04,P02,G02,3,5,2,48,1,112,114.0,114.0,14,forebrain,2.99,0.0186,2.9,True,3000,30,0.0233,2.1653,504.4975,-0.1884,4.6611,1211083.7039,0,0.86,False
LZTBI-0142,tbi_low,2,CL04,P02,G02,3,6,3,72,1,112,114.0,114.0,14,forebrain,2.94,0.0162,18.2,True,3000,30,0.0411,0.8754,439.8338,-0.111,4.0518,786168.12,0,0.8361,False
LZTBI-0143,tbi_high,2,CL04,P02,G03,3,4,1,24,1,318,313.9,313.9,15,forebrain,2.64,0.0199,8.4,True,3000,30,0.0307,4.0335,1256.5567,1.1815,6.4526,10703921.4549,0,0.588,False
LZTBI-0143,tbi_high,2,CL04,P02,G03,3,5,2,48,1,318,313.9,313.9,15,forebrain,2.71,0.0099,2.7,True,3000,30,0.0085,4.0702,425.3493,0.8769,6.7751,1240679.6769,0,0.5062,False
LZTBI-0143,tbi_high,2,CL04,P02,G03,3,6,3,72,1,318,313.9,313.9,15,forebrain,2.58,0.019,18.4,True,3000,30,0.0187,5.2387,1171.558,0.385,6.5021,7191770.6163,0,0.5084,False
LZTBI-0144,sham,2,CL04,P02,G04,3,4,1,24,0,0,0.0,0.0,16,forebrain,3.37,0.0143,16.6,True,3000,30,0.0392,0.0754,273.8026,0.4581,3.1821,262322.2,0,0.9334,False
LZTBI-0144,sham,2,CL04,P02,G04,3,5,2,48,0,0,0.0,0.0,16,forebrain,3.34,0.0218,5.0,True,3000,30,0.0312,3.3158,785.3634,-0.3936,4.1892,2480905.5708,0,0.9097,False
LZTBI-0144,sham,2,CL04,P02,G04,3,6,3,72,0,0,0.0,0.0,16,forebrain,3.34,0.0135,5.5,True,3000,30,0.0253,0.2084,341.2665,0.1636,3.491,386635.2455,0,0.8962,False
LZTBI-0145,sham,2,CL04,P02,G05,3,4,1,24,0,0,0.0,0.0,1,forebrain,3.11,0.0137,18.9,True,3000,30,0.0288,0.9281,340.718,0.4475,4.257,392023.5018,0,0.9124,False
LZTBI-0145,sham,2,CL04,P02,G05,3,5,2,48,0,0,0.0,0.0,1,forebrain,3.09,0.0244,9.2,True,3000,30,0.0117,4.4768,896.4374,0.5313,3.4848,2268387.8955,0,0.8818,False
LZTBI-0145,sham,2,CL04,P02,G05,3,6,3,72,0,0,0.0,0.0,1,forebrain,3.05,0.0136,7.0,True,3000,30,0.0227,0.3698,344.9629,0.0892,3.5752,335173.5359,0,0.8353,False
LZTBI-0146,tbi_high,2,CL04,P02,G06,3,4,1,24,1,318,313.9,313.9,2,forebrain,3.01,0.0171,18.1,True,3000,30,0.0255,10.5738,2262.0762,1.1984,8.5889,35267439.0273,4,0.3747,False
LZTBI-0146,tbi_high,2,CL04,P02,G06,3,5,2,48,1,318,313.9,313.9,2,forebrain,2.97,0.0173,9.4,True,3000,30,0.0171,11.4142,2829.9098,1.6268,8.9174,65718461.5401,6,0.3333,False
LZTBI-0146,tbi_high,2,CL04,P02,G06,3,6,3,72,1,318,313.9,313.9,2,forebrain,2.92,0.0168,0.5,True,3000,30,0.0358,10.2741,1778.0563,1.0294,7.5325,20171114.9529,2,0.3639,False
LZTBI-0147,tbi_low,2,CL04,P02,G07,3,4,1,24,1,112,114.0,114.0,3,forebrain,2.63,0.0222,5.2,True,3000,30,0.0301,3.3776,1025.5987,1.0119,3.9553,3305110.2114,0,0.7934,False
LZTBI-0147,tbi_low,2,CL04,P02,G07,3,5,2,48,1,112,114.0,114.0,3,forebrain,2.71,0.0149,13.5,True,3000,30,0.0085,2.3049,382.6069,-0.2062,4.3402,597721.9551,0,0.8588,False
LZTBI-0148,tbi_high,2,CL04,P02,G08,3,4,1,24,1,318,313.9,313.9,4,forebrain,2.87,0.0105,29.7,True,3000,30,0.0361,8.3156,622.751,0.9732,7.4264,3039677.6281,0,0.5088,False
LZTBI-0148,tbi_high,2,CL04,P02,G08,3,5,2,48,1,318,313.9,313.9,4,forebrain,2.88,0.0203,5.1,True,3000,30,0.0289,7.952,2061.5511,1.6388,8.7051,36670140.622,2,0.3211,False
LZTBI-0148,tbi_high,2,CL04,P02,G08,3,6,3,72,1,318,313.9,313.9,4,forebrain,2.91,0.0116,4.5,True,3000,30,0.0223,13.9044,2111.5756,1.6184,9.4934,34357741.3339,4,0.2068,False
LZTBI-0149,tbi_moderate,2,CL04,P02,G09,3,4,1,24,1,214,214.9,214.9,5,forebrain,2.55,0.0203,3.9,True,3000,30,0.0266,5.8487,941.8044,0.6476,4.6338,3753166.539,0,0.7113,False
LZTBI-0149,tbi_moderate,2,CL04,P02,G09,3,5,2,48,1,214,214.9,214.9,5,forebrain,2.74,0.0104,10.2,True,3000,30,0.0332,4.5952,387.0473,0.451,5.6359,824766.2405,0,0.6094,False
LZTBI-0149,tbi_moderate,2,CL04,P02,G09,3,6,3,72,1,214,214.9,214.9,5,forebrain,2.89,0.02,13.7,True,3000,30,0.0128,5.3195,1127.3108,0.4928,6.3681,9526903.5368,0,0.6546,False
LZTBI-0150,tbi_high,2,CL04,P02,G10,3,4,1,24,1,318,313.9,313.9,6,forebrain,3.0,0.0085,0.9,True,3000,30,0.0096,8.6426,1587.198,1.1755,8.0396,15415773.9622,4,0.4383,False
LZTBI-0150,tbi_high,2,CL04,P02,G10,3,5,2,48,1,318,313.9,313.9,6,forebrain,3.1,0.0214,22.5,True,3000,30,0.0189,10.4049,2197.2358,1.3936,8.1315,31261384.875,2,0.3168,False
LZTBI-0150,tbi_high,2,CL04,P02,G10,3,6,3,72,1,318,313.9,313.9,6,forebrain,2.76,0.0085,17.4,True,3000,30,0.022,6.6557,1176.8451,1.2429,7.8678,9047581.9618,2,0.2806,False
LZTBI-0151,tbi_high,2,CL04,P02,H01,3,4,1,24,1,318,313.9,313.9,7,forebrain,3.11,0.019,13.6,True,3000,30,0.0127,8.4825,1591.1774,0.671,7.0943,16536364.6746,0,0.3859,False
LZTBI-0151,tbi_high,2,CL04,P02,H01,3,5,2,48,1,318,313.9,313.9,7,forebrain,3.1,0.0157,1.2,True,3000,30,0.0325,8.7423,1642.3355,0.8784,8.2239,18474985.4687,2,0.329,False
LZTBI-0151,tbi_high,2,CL04,P02,H01,3,6,3,72,1,318,313.9,313.9,7,forebrain,3.08,0.0206,11.3,True,3000,30,0.0261,10.7487,2835.4068,0.9795,8.6299,56447189.0284,4,0.1953,False
LZTBI-0152,tbi_moderate,2,CL04,P02,H02,3,4,1,24,1,214,214.9,214.9,8,forebrain,3.0,0.0165,12.9,True,3000,30,0.0317,4.7508,518.4231,0.4187,4.5632,1006399.4,0,0.7729,False
LZTBI-0152,tbi_moderate,2,CL04,P02,H02,3,5,2,48,1,214,214.9,214.9,8,forebrain,2.91,0.0191,19.8,True,3000,30,0.0108,4.9997,1010.9439,0.6403,4.8369,4101075.5768,0,0.7254,False
LZTBI-0152,tbi_moderate,2,CL04,P02,H02,3,6,3,72,1,214,214.9,214.9,8,forebrain,2.84,0.0156,7.3,True,3000,30,0.0181,4.9537,747.7655,0.6329,5.8302,2880396.0852,0,0.578,False
LZTBI-0153,tbi_moderate,2,CL04,P02,H03,3,4,1,24,1,214,214.9,214.9,9,forebrain,3.1,0.0174,23.6,True,3000,30,0.0336,4.6839,662.2416,0.3909,4.2439,1893430.9999,0,0.7871,False
LZTBI-0153,tbi_moderate,2,CL04,P02,H03,3,5,2,48,1,214,214.9,214.9,9,forebrain,3.09,0.0154,3.0,True,3000,30,0.0258,5.1905,1099.221,0.6278,6.0636,6420478.6953,2,0.67,False
LZTBI-0153,tbi_moderate,2,CL04,P02,H03,3,6,3,72,1,214,214.9,214.9,9,forebrain,3.05,0.0166,7.7,True,3000,30,0.0193,4.5408,744.9102,0.7199,5.272,2611957.2958,0,0.6974,False
LZTBI-0154,tbi_moderate,2,CL04,P02,H04,3,4,1,24,1,214,214.9,214.9,10,forebrain,2.9,0.0176,9.7,True,3000,30,0.0234,2.887,716.4622,1.0966,5.2424,2554269.206,0,0.7374,False
LZTBI-0154,tbi_moderate,2,CL04,P02,H04,3,5,2,48,1,214,214.9,214.9,10,forebrain,2.88,0.0167,9.7,True,3000,30,0.0458,3.353,657.7123,0.3953,5.1277,2066498.6762,0,0.7245,False
LZTBI-0154,tbi_moderate,2,CL04,P02,H04,3,6,3,72,1,214,214.9,214.9,10,forebrain,3.01,0.0184,14.3,True,3000,30,0.0349,6.9275,980.1291,0.8228,6.2023,4117201.014,0,0.5773,False
LZTBI-0155,sham,2,CL04,P02,H05,3,4,1,24,0,0,0.0,0.0,11,forebrain,3.37,0.0161,9.6,True,3000,30,0.0266,6.6848,461.7339,0.6605,3.8094,741652.5329,0,0.9192,False
LZTBI-0155,sham,2,CL04,P02,H05,3,5,2,48,0,0,0.0,0.0,11,forebrain,3.38,0.0218,10.8,True,3000,30,0.0192,4.4853,953.8128,0.2456,4.7455,3227570.2841,0,0.8158,False
LZTBI-0155,sham,2,CL04,P02,H05,3,6,3,72,0,0,0.0,0.0,11,forebrain,3.35,0.0085,17.9,True,3000,30,0.0111,5.3449,252.2394,0.5437,5.2529,318572.5817,0,0.6969,False
LZTBI-0156,tbi_high,2,CL04,P02,H06,3,4,1,24,1,318,313.9,313.9,12,forebrain,2.89,0.0204,6.7,True,3000,30,0.0091,5.1195,1722.9382,0.6865,6.5286,18239134.1601,2,0.5756,False
LZTBI-0156,tbi_high,2,CL04,P02,H06,3,5,2,48,1,318,313.9,313.9,12,forebrain,2.89,0.0093,11.1,True,3000,30,0.0355,10.7738,1441.9347,1.001,8.637,18343162.8777,4,0.4509,False
LZTBI-0156,tbi_high,2,CL04,P02,H06,3,6,3,72,1,318,313.9,313.9,12,forebrain,2.9,0.0207,11.4,True,3000,30,0.0382,10.1709,2626.9618,1.1485,8.513,55728764.5755,4,0.3551,False
LZTBI-0157,sham,2,CL04,P02,H07,3,4,1,24,0,0,0.0,0.0,13,forebrain,3.08,0.0224,6.2,True,3000,30,0.017,0.2042,733.6755,-0.0919,2.7757,1405565.88,0,0.9077,False
LZTBI-0157,sham,2,CL04,P02,H07,3,5,2,48,0,0,0.0,0.0,13,forebrain,3.11,0.0151,2.1,True,3000,30,0.0388,0.9489,422.447,0.8479,2.9483,474927.534,0,0.915,False
LZTBI-0157,sham,2,CL04,P02,H07,3,6,3,72,0,0,0.0,0.0,13,forebrain,3.29,0.0235,2.2,True,3000,30,0.0336,5.579,950.5538,0.2821,3.7616,3334944.9268,0,0.8714,False
LZTBI-0158,tbi_low,2,CL04,P02,H08,3,4,1,24,1,112,114.0,114.0,14,forebrain,2.84,0.0144,17.9,True,3000,30,0.0369,2.5903,269.5941,0.5312,3.0204,213717.7087,0,0.9594,False
LZTBI-0158,tbi_low,2,CL04,P02,H08,3,5,2,48,1,112,114.0,114.0,14,forebrain,2.81,0.0184,7.4,True,3000,30,0.0188,0.0966,459.6587,0.0017,2.9895,543903.7385,0,0.9157,False
LZTBI-0158,tbi_low,2,CL04,P02,H08,3,6,3,72,1,112,114.0,114.0,14,forebrain,2.96,0.0158,8.6,True,3000,30,0.0131,-1.5154,321.5984,-0.1036,3.4621,301099.314,0,0.8759,False
LZTBI-0159,tbi_moderate,2,CL04,P02,H09,3,4,1,24,1,214,214.9,214.9,15,forebrain,2.63,0.0142,12.0,True,3000,30,0.0179,8.3775,1155.8449,1.1168,7.1981,9265714.6434,2,0.5847,False
LZTBI-0159,tbi_moderate,2,CL04,P02,H09,3,5,2,48,1,214,214.9,214.9,15,forebrain,2.58,0.0233,9.2,True,3000,30,0.032,9.0407,1638.6854,1.2392,6.4702,13707527.5665,0,0.5186,False
LZTBI-0159,tbi_moderate,2,CL04,P02,H09,3,6,3,72,1,214,214.9,214.9,15,forebrain,2.56,0.0139,4.8,True,3000,30,0.0249,8.3825,913.3959,0.4143,7.1539,5752715.5329,0,0.3868,False
LZTBI-0160,tbi_low,2,CL04,P02,H10,3,4,1,24,1,112,114.0,114.0,16,forebrain,3.06,0.0128,21.0,True,3000,30,0.0182,6.5043,654.436,1.1439,5.2172,1652925.1318,0,0.6404,False
LZTBI-0160,tbi_low,2,CL04,P02,H10,3,5,2,48,1,112,114.0,114.0,16,forebrain,3.02,0.0254,4.9,True,3000,30,0.0109,3.5117,1757.2578,0.7741,6.9826,23070428.1539,0,0.5877,False
LZTBI-0160,tbi_low,2,CL04,P02,H10,3,6,3,72,1,112,114.0,114.0,16,forebrain,2.96,0.0133,2.4,True,3000,30,0.0315,11.7616,1352.0521,0.7413,7.6567,14188861.4102,2,0.489,False
LZTBI-0161,tbi_low,3,CL05,P03,A01,3,4,1,24,1,112,114.7,114.7,1,forebrain,2.88,0.0099,11.1,True,3000,30,0.0112,5.9152,267.9961,1.2878,4.7001,325140.7426,0,0.7196,False
LZTBI-0161,tbi_low,3,CL05,P03,A01,3,5,2,48,1,112,114.7,114.7,1,forebrain,2.91,0.0202,5.2,True,3000,30,0.0211,1.0819,1123.6275,0.3696,5.9724,5127458.888,0,0.5386,False
LZTBI-0161,tbi_low,3,CL05,P03,A01,3,6,3,72,1,112,114.7,114.7,1,forebrain,2.83,0.0104,0.6,True,3000,30,0.0255,4.6722,333.1518,0.7656,4.9436,507089.328,0,0.7245,False
LZTBI-0162,tbi_low,3,CL05,P03,A02,3,4,1,24,1,112,114.7,114.7,2,forebrain,2.98,0.0152,8.8,True,3000,30,0.0332,-1.0121,458.031,0.0572,4.2545,777948.2374,0,0.8427,False
LZTBI-0162,tbi_low,3,CL05,P03,A02,3,5,2,48,1,112,114.7,114.7,2,forebrain,2.99,0.0179,3.5,True,3000,30,0.0259,3.0553,736.0573,0.3747,4.0029,1857658.014,0,0.7012,False
LZTBI-0162,tbi_low,3,CL05,P03,A02,3,6,3,72,1,112,114.7,114.7,2,forebrain,2.62,0.0165,0.6,True,3000,30,0.0212,4.531,989.9729,0.4937,4.8982,4558179.1844,2,0.7422,False
LZTBI-0163,tbi_high,3,CL05,P03,A03,3,4,1,24,1,318,309.6,309.6,3,forebrain,3.0,0.0195,4.7,True,3000,30,0.0251,9.517,1090.5239,1.3758,6.1713,7384743.4394,0,0.5525,False
LZTBI-0163,tbi_high,3,CL05,P03,A03,3,5,2,48,1,318,309.6,309.6,3,forebrain,2.97,0.0109,18.9,True,3000,30,0.0353,5.3994,463.7586,0.6707,5.9788,1527211.4198,0,0.641,False
LZTBI-0163,tbi_high,3,CL05,P03,A03,3,6,3,72,1,318,309.6,309.6,3,forebrain,2.98,0.0202,14.4,True,3000,30,0.0167,5.9506,1368.6912,0.7638,6.2527,12799900.1048,0,0.5841,False
LZTBI-0164,sham,3,CL05,P03,A04,3,4,1,24,0,0,0.0,0.0,4,forebrain,2.76,0.0115,8.8,True,3000,30,0.0375,1.4322,256.6047,0.1152,4.262,299973.4321,0,0.7745,False
LZTBI-0164,sham,3,CL05,P03,A04,3,5,2,48,0,0,0.0,0.0,4,forebrain,2.81,0.0186,20.1,True,3000,30,0.0292,2.2461,652.2002,0.3871,4.7327,1805407.6645,0,0.8144,False
LZTBI-0164,sham,3,CL05,P03,A04,3,6,3,72,0,0,0.0,0.0,4,forebrain,2.89,0.0114,2.3,True,3000,30,0.0199,3.3715,312.6214,0.7456,3.6552,325751.05,0,0.8055,False
LZTBI-0165,tbi_high,3,CL05,P03,A05,3,4,1,24,1,318,309.6,309.6,5,forebrain,3.12,0.0171,2.3,True,3000,30,0.0252,11.2107,1793.2941,1.4818,7.0302,17472358.0682,2,0.3773,False
LZTBI-0165,tbi_high,3,CL05,P03,A05,3,5,2,48,1,318,309.6,309.6,5,forebrain,3.04,0.016,16.5,True,3000,30,0.0345,9.4945,1789.8056,1.5699,9.1119,22019610.2313,2,0.371,False
LZTBI-0165,tbi_high,3,CL05,P03,A05,3,6,3,72,1,318,309.6,309.6,5,forebrain,3.28,0.0167,13.0,True,3000,30,0.0342,9.5583,2075.7295,1.1674,9.0638,37412361.0281,2,0.3539,False
LZTBI-0166,sham,3,CL05,P03,A06,3,4,1,24,0,0,0.0,0.0,6,forebrain,3.16,0.0193,15.5,True,3000,30,0.0254,-1.4384,604.4807,0.6743,3.4822,1308664.0051,0,0.9037,False
LZTBI-0166,sham,3,CL05,P03,A06,3,5,2,48,0,0,0.0,0.0,6,forebrain,3.14,0.0165,6.3,True,3000,30,0.0195,5.695,530.3552,0.1854,4.6107,1321637.9704,0,0.8256,False
LZTBI-0166,sham,3,CL05,P03,A06,3,6,3,72,0,0,0.0,0.0,6,forebrain,3.15,0.0206,5.6,True,3000,30,0.0175,1.7947,613.6865,-0.1916,3.3161,1307290.0472,0,0.9159,False
LZTBI-0167,sham,3,CL05,P03,A07,3,4,1,24,0,0,0.0,0.0,7,forebrain,2.88,0.0227,0.6,True,3000,30,0.027,0.514,720.316,0.1192,3.1543,1778108.0639,0,0.9171,False
LZTBI-0167,sham,3,CL05,P03,A07,3,5,2,48,0,0,0.0,0.0,7,forebrain,2.93,0.0155,10.7,True,3000,30,0.0342,-2.3739,474.7078,0.3051,2.8192,559876.0302,0,0.9191,False
LZTBI-0167,sham,3,CL05,P03,A07,3,6,3,72,0,0,0.0,0.0,7,forebrain,2.97,0.0227,17.9,True,3000,30,0.0129,2.9492,691.172,-0.2447,2.8532,1224267.0889,0,0.9226,False
LZTBI-0168,tbi_low,3,CL05,P03,A08,3,4,1,24,1,112,114.7,114.7,8,forebrain,3.03,0.0217,7.5,True,3000,30,0.0179,3.3162,852.6208,0.5859,2.9444,2017324.1444,0,0.8176,False
LZTBI-0168,tbi_low,3,CL05,P03,A08,3,5,2,48,1,112,114.7,114.7,8,forebrain,2.99,0.0152,21.4,True,3000,30,0.0347,6.7178,454.9934,0.1535,4.3029,787087.3477,0,0.9022,False
LZTBI-0168,tbi_low,3,CL05,P03,A08,3,6,3,72,1,112,114.7,114.7,8,forebrain,2.95,0.0202,8.0,True,3000,30,0.0241,5.2022,703.9325,0.9875,3.6755,1780821.6855,0,0.821,False
LZTBI-0169,tbi_high,3,CL05,P03,A09,3,4,1,24,1,318,309.6,309.6,9,forebrain,3.1,0.0114,24.9,True,3000,30,0.0245,7.0963,480.1712,0.6678,7.1768,1436584.2704,0,0.4775,False
LZTBI-0169,tbi_high,3,CL05,P03,A09,3,5,2,48,1,318,309.6,309.6,9,forebrain,3.07,0.0186,2.6,True,3000,30,0.031,7.537,1380.9303,1.2538,7.1314,12642928.0533,0,0.4528,False
LZTBI-0169,tbi_high,3,CL05,P03,A09,3,6,3,72,1,318,309.6,309.6,9,forebrain,3.13,0.0116,3.6,True,3000,30,0.0382,12.6704,1872.2517,1.5178,9.5294,34374922.5748,4,0.3855,False
LZTBI-0170,tbi_moderate,3,CL05,P03,A10,3,4,1,24,1,214,212.9,212.9,10,forebrain,3.24,0.0204,17.2,True,3000,30,0.0285,6.6392,1132.0065,0.8224,5.8972,6466421.3263,0,0.5957,False
LZTBI-0170,tbi_moderate,3,CL05,P03,A10,3,5,2,48,1,214,212.9,212.9,10,forebrain,3.31,0.0167,18.0,True,3000,30,0.0357,4.3096,675.9559,0.1935,5.7215,2417723.9996,0,0.6807,False
LZTBI-0170,tbi_moderate,3,CL05,P03,A10,3,6,3,72,1,214,212.9,212.9,10,forebrain,3.34,0.0214,10.5,True,3000,30,0.0149,6.5528,1173.0536,0.6387,5.7159,5852816.2307,0,0.5954,False
LZTBI-0171,tbi_high,3,CL05,P03,B01,3,4,1,24,1,318,309.6,309.6,11,forebrain,2.96,0.0158,0.7,True,3000,30,0.0374,10.638,1563.4802,1.17,8.1311,20109934.7187,2,0.4133,False
LZTBI-0171,tbi_high,3,CL05,P03,B01,3,5,2,48,1,318,309.6,309.6,11,forebrain,2.92,0.0212,4.7,True,3000,30,0.0296,12.6299,2616.717,1.0767,9.1753,59346823.0799,2,0.2955,False
LZTBI-0171,tbi_high,3,CL05,P03,B01,3,6,3,72,1,318,309.6,309.6,11,forebrain,3.01,0.0152,0.7,True,3000,30,0.0242,10.9488,2583.9291,0.9296,10.129,73561443.6109,6,0.1987,False
LZTBI-0172,tbi_high,3,CL05,P03,B02,3,4,1,24,1,318,309.6,309.6,12,forebrain,3.01,0.0221,7.0,True,3000,30,0.0133,7.8468,2381.58,1.2686,7.5006,41544662.8596,2,0.4296,False
LZTBI-0172,tbi_high,3,CL05,P03,B02,3,5,2,48,1,318,309.6,309.6,12,forebrain,3.28,0.0151,12.4,True,3000,30,0.0204,10.6606,2565.4062,1.8266,9.8607,55036596.3595,6,0.2933,False
LZTBI-0172,tbi_high,3,CL05,P03,B02,3,6,3,72,1,318,309.6,309.6,12,forebrain,2.96,0.0226,21.6,True,3000,30,0.0271,13.2269,3511.3051,1.8018,10.0562,93757633.2236,6,0.2439,False
LZTBI-0173,tbi_low,3,CL05,P03,B03,3,4,1,24,1,112,114.7,114.7,13,forebrain,2.91,0.0115,16.9,True,3000,30,0.0112,2.2353,376.3454,0.0407,4.126,500871.8158,0,0.7469,False
LZTBI-0173,tbi_low,3,CL05,P03,B03,3,5,2,48,1,112,114.7,114.7,13,forebrain,2.88,0.018,2.9,True,3000,30,0.0317,3.0476,595.5642,0.2275,3.8258,1115485.0701,0,0.8405,False
LZTBI-0173,tbi_low,3,CL05,P03,B03,3,6,3,72,1,112,114.7,114.7,13,forebrain,2.87,0.0116,7.6,True,3000,30,0.0237,4.7415,326.9121,0.4635,4.2776,401340.6033,0,0.7508,False
LZTBI-0174,tbi_moderate,3,CL05,P03,B04,3,4,1,24,1,214,212.9,212.9,14,forebrain,2.8,0.0162,4.1,True,3000,30,0.0107,6.9573,911.101,0.943,5.9802,4509385.2876,0,0.5456,False
LZTBI-0174,tbi_moderate,3,CL05,P03,B04,3,5,2,48,1,214,212.9,212.9,14,forebrain,2.8,0.022,7.3,True,3000,30,0.02,7.7914,1587.9195,1.0232,7.0358,16101622.7749,0,0.5635,False
LZTBI-0174,tbi_moderate,3,CL05,P03,B04,3,6,3,72,1,214,212.9,212.9,14,forebrain,2.82,0.0157,16.5,True,3000,30,0.0285,9.8651,1356.8474,0.8028,8.3235,13782519.3706,2,0.4998,False
LZTBI-0175,sham,3,CL05,P03,B05,3,4,1,24,0,0,0.0,0.0,15,forebrain,2.47,0.0187,10.3,True,3000,30,0.0217,2.3401,612.5626,0.112,3.8382,1347218.9775,0,0.9043,False
LZTBI-0175,sham,3,CL05,P03,B05,3,5,2,48,0,0,0.0,0.0,15,forebrain,2.96,0.0168,17.6,True,3000,30,0.0119,4.7432,692.627,0.2989,4.8037,2052306.3307,0,0.618,False
LZTBI-0175,sham,3,CL05,P03,B05,3,6,3,72,0,0,0.0,0.0,15,forebrain,2.73,0.0199,26.1,True,3000,30,0.0109,4.5672,942.7227,0.5171,4.8931,3546880.0697,0,0.731,False
LZTBI-0176,tbi_moderate,3,CL05,P03,B06,3,4,1,24,1,214,212.9,212.9,16,forebrain,3.23,0.0194,9.0,True,3000,30,0.0202,5.5273,1061.9231,0.9636,5.3269,6738815.1193,0,0.7311,False
LZTBI-0176,tbi_moderate,3,CL05,P03,B06,3,5,2,48,1,214,212.9,212.9,16,forebrain,3.23,0.0161,3.4,True,3000,30,0.0448,8.8103,779.3011,0.9216,6.2335,4240585.405,0,0.482,False
LZTBI-0176,tbi_moderate,3,CL05,P03,B06,3,6,3,72,1,214,212.9,212.9,16,forebrain,3.15,0.0183,8.1,True,3000,30,0.0313,7.8727,1392.4281,0.8597,6.8728,13962134.2409,2,0.5592,False
LZTBI-0177,tbi_high,3,CL05,P03,B07,3,4,1,24,1,318,309.6,309.6,1,forebrain,2.96,0.0233,12.5,True,3000,30,0.0124,5.0967,1718.0033,0.8196,5.8621,14575300.3131,2,0.5941,False
LZTBI-0177,tbi_high,3,CL05,P03,B07,3,5,2,48,1,318,309.6,309.6,1,forebrain,2.92,0.014,10.6,True,3000,30,0.0302,9.1167,1246.1132,0.7988,6.5822,10541385.8837,2,0.5959,False
LZTBI-0177,tbi_high,3,CL05,P03,B07,3,6,3,72,1,318,309.6,309.6,1,forebrain,2.88,0.0237,4.8,True,3000,30,0.019,6.7965,2891.0573,1.397,8.353,64092985.234,4,0.366,False
LZTBI-0178,tbi_low,3,CL05,P03,B08,3,4,1,24,1,112,114.7,114.7,2,forebrain,2.96,0.0195,12.7,True,3000,30,0.0115,6.7337,2157.1127,0.7575,8.0136,29426744.4138,4,0.4989,False
LZTBI-0178,tbi_low,3,CL05,P03,B08,3,5,2,48,1,112,114.7,114.7,2,forebrain,2.87,0.0155,10.6,True,3000,30,0.0235,5.7819,1660.9107,0.6934,7.1993,16527281.1463,4,0.5328,False
LZTBI-0178,tbi_low,3,CL05,P03,B08,3,6,3,72,1,112,114.7,114.7,2,forebrain,2.8,0.021,0.4,True,3000,30,0.0339,8.1223,1898.4828,0.9178,5.8917,21417492.5327,2,0.6236,False
LZTBI-0179,tbi_high,3,CL05,P03,B09,3,4,1,24,1,318,309.6,309.6,3,forebrain,2.83,0.0238,13.8,True,3000,30,0.0378,10.9931,2934.8989,0.902,8.0267,67459994.6214,4,0.3699,False
LZTBI-0179,tbi_high,3,CL05,P03,B09,3,5,2,48,1,318,309.6,309.6,3,forebrain,2.82,0.0143,7.7,True,3000,30,0.0316,10.0118,1450.1442,1.1549,7.7943,14203053.6413,2,0.389,False
LZTBI-0179,tbi_high,3,CL05,P03,B09,3,6,3,72,1,318,309.6,309.6,3,forebrain,2.89,0.0237,7.5,True,3000,30,0.021,8.6784,2445.9143,1.0324,7.6908,47669393.693,2,0.4151,False
LZTBI-0180,tbi_moderate,3,CL05,P03,B10,3,4,1,24,1,214,212.9,212.9,4,forebrain,2.9,0.0216,8.5,True,3000,30,0.0288,7.9119,1459.3495,0.5322,6.6901,13131905.0724,0,0.6612,False
LZTBI-0180,tbi_moderate,3,CL05,P03,B10,3,5,2,48,1,214,212.9,212.9,4,forebrain,2.95,0.0085,10.9,True,3000,30,0.0199,3.7916,465.3561,0.5321,6.0238,1184044.4892,0,0.6375,False
LZTBI-0180,tbi_moderate,3,CL05,P03,B10,3,6,3,72,1,214,212.9,212.9,4,forebrain,2.85,0.0218,15.3,True,3000,30,0.0165,8.1813,1457.4185,1.0719,7.041,13788825.4579,0,0.5494,False
LZTBI-0181,sham,3,CL05,P03,C01,3,4,1,24,0,0,0.0,0.0,5,forebrain,2.67,0.0119,1.1,True,3000,30,0.0191,5.2149,360.7309,-0.0316,5.1508,573224.6746,0,0.7574,False
LZTBI-0181,sham,3,CL05,P03,C01,3,5,2,48,0,0,0.0,0.0,5,forebrain,2.69,0.0295,20.8,True,3000,30,0.0283,5.1494,2006.6064,0.7189,5.0948,18493485.8145,0,0.6598,False
LZTBI-0181,sham,3,CL05,P03,C01,3,6,3,72,0,0,0.0,0.0,5,forebrain,2.75,0.0118,6.2,True,3000,30,0.0369,2.4523,348.5964,0.5084,5.3699,523244.1404,0,0.6961,False
LZTBI-0182,tbi_high,3,CL05,P03,C02,3,4,1,24,1,318,309.6,309.6,6,forebrain,3.02,0.0146,16.1,True,3000,30,0.0393,5.5728,709.7195,0.5286,5.5265,1892916.4208,0,0.6566,False
LZTBI-0182,tbi_high,3,CL05,P03,C02,3,5,2,48,1,318,309.6,309.6,6,forebrain,2.99,0.0185,13.7,True,3000,30,0.0153,3.9392,1525.5748,0.4424,7.5252,12957486.5543,2,0.531,False
LZTBI-0182,tbi_high,3,CL05,P03,C02,3,6,3,72,1,318,309.6,309.6,6,forebrain,2.95,0.0132,1.9,True,3000,30,0.035,14.6015,1727.7658,0.9975,8.501,25431782.6118,4,0.304,False
LZTBI-0183,tbi_moderate,3,CL05,P03,C03,3,4,1,24,1,214,212.9,212.9,7,forebrain,2.87,0.0228,3.6,True,3000,30,0.0361,5.15,1038.0235,0.478,4.9999,4631088.5277,0,0.7781,False
LZTBI-0183,tbi_moderate,3,CL05,P03,C03,3,5,2,48,1,214,212.9,212.9,7,forebrain,2.91,0.0152,21.9,True,3000,30,0.0439,0.0064,580.5448,0.2899,5.0948,1658783.6401,0,0.7067,False
LZTBI-0183,tbi_moderate,3,CL05,P03,C03,3,6,3,72,1,214,212.9,212.9,7,forebrain,2.82,0.0223,16.5,True,3000,30,0.0347,3.3999,1129.0581,0.4729,4.8668,6162163.9069,0,0.7015,False
LZTBI-0184,tbi_low,3,CL05,P03,C04,3,4,1,24,1,112,114.7,114.7,8,forebrain,2.86,0.0165,25.0,True,3000,30,0.0132,4.5295,828.9434,0.5057,6.192,3960491.3627,0,0.6253,False
LZTBI-0184,tbi_low,3,CL05,P03,C04,3,5,2,48,1,112,114.7,114.7,8,forebrain,2.79,0.022,3.7,True,3000,30,0.0344,3.8544,1494.5697,0.9586,6.5092,12513796.0149,0,0.5279,False
LZTBI-0184,tbi_low,3,CL05,P03,C04,3,6,3,72,1,112,114.7,114.7,8,forebrain,3.0,0.0158,5.3,True,3000,30,0.0356,6.1814,829.7651,0.5803,5.8027,3251693.7122,0,0.6437,False
LZTBI-0185,tbi_low,3,CL05,P03,C05,3,4,1,24,1,112,114.7,114.7,9,forebrain,3.14,0.0105,18.5,True,3000,30,0.0248,6.6318,887.1794,0.2686,5.6077,3937975.1427,2,0.61,False
LZTBI-0185,tbi_low,3,CL05,P03,C05,3,5,2,48,1,112,114.7,114.7,9,forebrain,3.1,0.0202,7.5,True,3000,30,0.0338,3.293,980.8235,0.6216,4.9695,4140986.6493,0,0.6978,False
LZTBI-0185,tbi_low,3,CL05,P03,C05,3,6,3,72,1,112,114.7,114.7,9,forebrain,3.06,0.0095,3.7,True,3000,30,0.0139,5.7059,743.033,0.7598,6.5569,2974735.6628,2,0.6343,False
LZTBI-0186,tbi_low,3,CL05,P03,C06,3,4,1,24,1,112,114.7,114.7,10,forebrain,3.1,0.0104,2.4,True,3000,30,0.0181,0.7513,324.3413,-0.26,3.6772,293129.7714,0,0.8367,False
LZTBI-0186,tbi_low,3,CL05,P03,C06,3,5,2,48,1,112,114.7,114.7,10,forebrain,3.18,0.0196,9.9,True,3000,30,0.0401,3.3636,678.0531,0.2879,4.1964,1803716.5829,0,0.8707,False
LZTBI-0186,tbi_low,3,CL05,P03,C06,3,6,3,72,1,112,114.7,114.7,10,forebrain,3.26,0.0105,15.3,True,3000,30,0.0334,5.3053,310.6448,0.3628,4.9045,430999.6263,0,0.7661,False
LZTBI-0187,tbi_low,3,CL05,P03,C07,3,4,1,24,1,112,114.7,114.7,11,forebrain,3.42,0.0175,4.8,True,3000,30,0.0178,0.1446,549.341,0.5361,3.5695,1144969.7673,0,0.7655,False
LZTBI-0187,tbi_low,3,CL05,P03,C07,3,5,2,48,1,112,114.7,114.7,11,forebrain,3.37,0.0143,23.6,True,3000,30,0.0267,2.8721,481.4442,0.4872,4.787,1225015.2786,0,0.7958,False
LZTBI-0188,tbi_low,3,CL05,P03,C08,3,4,1,24,1,112,114.7,114.7,12,forebrain,2.93,0.0235,10.2,True,3000,30,0.0285,6.6911,1667.111,0.402,6.2583,14642957.7617,0,0.6041,False
LZTBI-0188,tbi_low,3,CL05,P03,C08,3,5,2,48,1,112,114.7,114.7,12,forebrain,2.82,0.0144,4.4,True,3000,30,0.034,9.6631,1307.7581,0.6842,6.8161,11526959.5604,2,0.4704,False
LZTBI-0188,tbi_low,3,CL05,P03,C08,3,6,3,72,1,112,114.7,114.7,12,forebrain,3.12,0.0245,0.4,True,3000,30,0.0403,9.7261,2154.1578,0.5604,6.6634,32376785.2576,2,0.5603,False
LZTBI-0189,tbi_moderate,3,CL05,P03,C09,3,4,1,24,1,214,212.9,212.9,13,forebrain,2.88,0.0178,10.5,True,3000,30,0.0267,2.8907,719.4064,-0.0186,4.2385,1897643.3282,0,0.8224,False
LZTBI-0189,tbi_moderate,3,CL05,P03,C09,3,5,2,48,1,214,212.9,212.9,13,forebrain,2.94,0.0169,19.7,True,3000,30,0.0361,4.7909,748.3272,0.2711,5.4934,2643722.0772,0,0.67,False
LZTBI-0189,tbi_moderate,3,CL05,P03,C09,3,6,3,72,1,214,212.9,212.9,13,forebrain,3.0,0.0167,8.7,True,3000,30,0.0162,3.8453,944.1719,0.5352,5.8135,3524091.2827,0,0.5524,False
LZTBI-0190,sham,3,CL05,P03,C10,3,4,1,24,0,0,0.0,0.0,14,forebrain,3.04,0.0215,13.5,True,3000,30,0.0105,4.055,666.3072,0.08,4.0568,1550052.5284,0,0.8185,False
LZTBI-0190,sham,3,CL05,P03,C10,3,5,2,48,0,0,0.0,0.0,14,forebrain,3.07,0.0085,3.5,True,3000,30,0.0181,-2.1832,219.5065,-0.4238,3.8631,157545.8065,0,0.8364,False
LZTBI-0190,sham,3,CL05,P03,C10,3,6,3,72,0,0,0.0,0.0,14,forebrain,2.95,0.0216,7.4,True,3000,30,0.0238,0.9673,693.0903,0.1837,3.2643,1388486.6872,0,0.875,False
LZTBI-0191,tbi_low,3,CL05,P03,D01,3,4,1,24,1,112,114.7,114.7,15,forebrain,3.07,0.0186,11.9,True,3000,30,0.0318,4.4128,824.8874,0.1562,5.8524,3773326.2317,0,0.6237,False
LZTBI-0191,tbi_low,3,CL05,P03,D01,3,5,2,48,1,112,114.7,114.7,15,forebrain,3.02,0.0167,12.5,True,3000,30,0.0272,7.3724,886.21,0.7658,6.4459,4782189.0551,0,0.4962,False
LZTBI-0191,tbi_low,3,CL05,P03,D01,3,6,3,72,1,112,114.7,114.7,15,forebrain,2.96,0.0169,2.8,True,3000,30,0.0259,9.2868,1064.054,0.9943,6.6889,6436653.3521,0,0.4983,False
LZTBI-0192,tbi_low,3,CL05,P03,D02,3,4,1,24,1,112,114.7,114.7,16,forebrain,3.05,0.0208,12.3,True,3000,30,0.0328,-0.0084,753.9486,0.2111,3.9728,2037093.1248,0,0.7591,False
LZTBI-0192,tbi_low,3,CL05,P03,D02,3,5,2,48,1,112,114.7,114.7,16,forebrain,2.98,0.0086,1.2,True,3000,30,0.0122,2.2217,204.0161,0.123,4.8619,184691.002,0,0.8477,False
LZTBI-0192,tbi_low,3,CL05,P03,D02,3,6,3,72,1,112,114.7,114.7,16,forebrain,2.92,0.0211,12.1,True,3000,30,0.0193,6.8111,1002.7266,0.6737,5.1183,3969283.4769,0,0.6795,False
LZTBI-0193,tbi_low,3,CL05,P03,D03,3,4,1,24,1,112,114.7,114.7,1,forebrain,3.06,0.0191,15.7,True,3000,30,0.033,2.3333,507.3065,0.141,3.8836,949510.8798,0,0.9056,False
LZTBI-0193,tbi_low,3,CL05,P03,D03,3,5,2,48,1,112,114.7,114.7,1,forebrain,3.11,0.0136,7.8,True,3000,30,0.0231,2.602,410.7489,0.294,4.0995,643743.3269,0,0.7987,False
LZTBI-0193,tbi_low,3,CL05,P03,D03,3,6,3,72,1,112,114.7,114.7,1,forebrain,2.98,0.0201,8.5,True,3000,30,0.0221,2.3378,772.2268,-0.0321,3.8039,2049344.6566,0,0.7511,False
LZTBI-0194,tbi_high,3,CL05,P03,D04,3,4,1,24,1,318,309.6,309.6,2,forebrain,3.07,0.0224,9.2,True,3000,30,0.0162,7.6026,1889.4017,0.8207,7.4829,20765024.7995,0,0.4119,False
LZTBI-0194,tbi_high,3,CL05,P03,D04,3,5,2,48,1,318,309.6,309.6,2,forebrain,3.09,0.0147,12.3,True,3000,30,0.0264,11.3806,1119.5403,1.3399,7.9677,8773278.905,0,0.3858,False
LZTBI-0195,sham,3,CL05,P03,D05,3,4,1,24,0,0,0.0,0.0,3,forebrain,2.81,0.0128,7.0,True,3000,30,0.0084,6.245,481.8007,0.5372,4.9513,868609.9801,0,0.6985,False
LZTBI-0195,sham,3,CL05,P03,D05,3,5,2,48,0,0,0.0,0.0,3,forebrain,2.77,0.0253,20.3,True,3000,30,0.027,5.4216,1360.3159,0.6758,4.9942,7781882.6686,0,0.743,False
LZTBI-0195,sham,3,CL05,P03,D05,3,6,3,72,0,0,0.0,0.0,3,forebrain,2.74,0.0133,1.2,True,3000,30,0.0188,3.8746,487.8006,0.2766,4.9792,1072305.1442,0,0.7339,False
LZTBI-0196,tbi_moderate,3,CL05,P03,D06,3,4,1,24,1,214,212.9,212.9,4,forebrain,2.93,0.0204,29.8,True,3000,30,0.0168,3.2524,790.8853,0.2873,3.8729,2477326.6279,0,0.7809,False
LZTBI-0196,tbi_moderate,3,CL05,P03,D06,3,5,2,48,1,214,212.9,212.9,4,forebrain,3.01,0.0102,7.2,True,3000,30,0.0269,2.0122,252.0911,0.63,4.1318,284856.7687,0,0.7243,False
LZTBI-0196,tbi_moderate,3,CL05,P03,D06,3,6,3,72,1,214,212.9,212.9,4,forebrain,3.08,0.0199,5.8,True,3000,30,0.0363,3.5551,1486.7092,-0.0111,6.4059,11490399.7007,2,0.687,False
LZTBI-0197,tbi_moderate,3,CL05,P03,D07,3,4,1,24,1,214,212.9,212.9,5,forebrain,3.31,0.0187,11.0,True,3000,30,0.0144,5.9535,680.3568,0.5672,3.7671,1937328.2086,0,0.8246,False
LZTBI-0197,tbi_moderate,3,CL05,P03,D07,3,5,2,48,1,214,212.9,212.9,5,forebrain,3.37,0.014,20.0,True,3000,30,0.0338,5.9906,628.7966,1.0443,5.2741,2055941.2979,0,0.733,False
LZTBI-0197,tbi_moderate,3,CL05,P03,D07,3,6,3,72,1,214,212.9,212.9,5,forebrain,3.13,0.0195,11.7,True,3000,30,0.0326,2.558,1124.2988,0.9601,5.8588,7127873.6655,0,0.6393,False
LZTBI-0198,sham,3,CL05,P03,D08,3,4,1,24,0,0,0.0,0.0,6,forebrain,2.65,0.0187,5.0,True,3000,30,0.0305,6.0177,1140.2116,0.2346,4.768,5170274.4893,2,0.6895,False
LZTBI-0198,sham,3,CL05,P03,D08,3,5,2,48,0,0,0.0,0.0,6,forebrain,2.65,0.0118,8.9,True,3000,30,0.0375,2.3895,409.1702,-0.0445,4.7706,778783.3582,0,0.6818,False
LZTBI-0198,sham,3,CL05,P03,D08,3,6,3,72,0,0,0.0,0.0,6,forebrain,2.77,0.0177,7.9,True,3000,30,0.0143,9.3591,1822.2043,0.8778,7.3996,23130841.5468,4,0.4738,False
LZTBI-0199,tbi_moderate,3,CL05,P03,D09,3,4,1,24,1,214,212.9,212.9,7,forebrain,3.33,0.0136,10.5,True,3000,30,0.0176,4.5539,657.2973,0.9583,5.8891,2462912.8923,0,0.5646,False
LZTBI-0199,tbi_moderate,3,CL05,P03,D09,3,5,2,48,1,214,212.9,212.9,7,forebrain,3.43,0.0182,10.8,True,3000,30,0.0111,3.1816,1283.1539,0.5777,6.5755,10116599.9321,0,0.6224,False
LZTBI-0199,tbi_moderate,3,CL05,P03,D09,3,6,3,72,1,214,212.9,212.9,7,forebrain,3.54,0.0154,7.5,True,3000,30,0.0325,9.8702,1266.4633,1.3344,8.144,12066800.9375,2,0.4759,False
LZTBI-0200,sham,3,CL05,P03,D10,3,4,1,24,0,0,0.0,0.0,8,forebrain,2.81,0.0198,11.8,True,3000,30,0.0271,1.3376,590.5902,-0.2338,3.6852,1149791.6157,0,0.9208,False
LZTBI-0200,sham,3,CL05,P03,D10,3,5,2,48,0,0,0.0,0.0,8,forebrain,2.87,0.0115,11.6,True,3000,30,0.0353,1.8489,235.6757,0.0088,3.8684,209283.1254,0,0.885,False
LZTBI-0200,sham,3,CL05,P03,D10,3,6,3,72,0,0,0.0,0.0,8,forebrain,2.76,0.0203,9.7,True,3000,30,0.0363,2.5475,587.1414,-0.2894,3.6126,1225910.4408,0,0.9315,False
LZTBI-0201,sham,3,CL06,P03,E01,3,4,1,24,0,0,0.0,0.0,9,forebrain,3.03,0.0219,2.8,True,3000,30,0.027,2.8817,1053.824,0.3971,4.8264,4269457.3172,0,0.7717,False
LZTBI-0201,sham,3,CL06,P03,E01,3,5,2,48,0,0,0.0,0.0,9,forebrain,2.98,0.0152,12.6,True,3000,30,0.0186,4.7234,712.0426,0.6725,5.9479,2566689.6249,0,0.6218,False
LZTBI-0201,sham,3,CL06,P03,E01,3,6,3,72,0,0,0.0,0.0,9,forebrain,2.92,0.0206,8.5,True,3000,30,0.0373,1.3017,1643.2427,0.6703,6.1116,15267568.6301,2,0.6674,False
LZTBI-0202,tbi_moderate,3,CL06,P03,E02,3,4,1,24,1,214,212.9,212.9,10,forebrain,2.54,0.015,11.4,True,3000,30,0.0209,3.2066,492.8155,0.4567,4.8656,1155789.3785,0,0.6275,False
LZTBI-0202,tbi_moderate,3,CL06,P03,E02,3,5,2,48,1,214,212.9,212.9,10,forebrain,2.59,0.0206,10.2,True,3000,30,0.0308,5.8662,1199.3157,0.644,5.3019,5185653.7753,0,0.6282,False
LZTBI-0202,tbi_moderate,3,CL06,P03,E02,3,6,3,72,1,214,212.9,212.9,10,forebrain,2.66,0.0157,1.4,True,3000,30,0.0397,9.107,894.7271,0.8642,6.9231,5558941.0285,0,0.5325,False
LZTBI-0203,tbi_low,3,CL06,P03,E03,3,4,1,24,1,112,114.7,114.7,11,forebrain,2.87,0.0188,3.0,True,3000,30,0.0317,1.6394,569.7942,0.3627,3.4466,1010505.3701,0,0.811,False
LZTBI-0203,tbi_low,3,CL06,P03,E03,3,5,2,48,1,112,114.7,114.7,11,forebrain,2.95,0.0126,12.9,True,3000,30,0.0225,3.4202,284.975,0.0116,3.4589,278237.5033,0,0.8079,False
LZTBI-0203,tbi_low,3,CL06,P03,E03,3,6,3,72,1,112,114.7,114.7,11,forebrain,2.8,0.0182,13.9,True,3000,30,0.0189,4.958,662.8567,0.4765,4.8055,1941793.161,0,0.7333,False
LZTBI-0204,tbi_low,3,CL06,P03,E04,3,4,1,24,1,112,114.7,114.7,12,forebrain,3.08,0.0275,12.1,True,3000,30,0.0186,4.4592,1300.0911,0.6586,4.912,5956787.3598,0,0.8522,False
LZTBI-0204,tbi_low,3,CL06,P03,E04,3,5,2,48,1,112,114.7,114.7,12,forebrain,3.04,0.012,12.1,True,3000,30,0.0289,4.1403,285.5386,0.5168,4.0992,281182.9987,0,0.8278,False
LZTBI-0204,tbi_low,3,CL06,P03,E04,3,6,3,72,1,112,114.7,114.7,12,forebrain,3.09,0.0261,10.4,True,3000,30,0.0307,-0.2417,1077.0798,0.0612,3.8509,3408387.0484,0,0.7295,False
LZTBI-0205,tbi_low,3,CL06,P03,E05,3,4,1,24,1,112,114.7,114.7,13,forebrain,3.14,0.0156,10.9,True,3000,30,0.0207,1.2966,650.0146,0.2327,4.5994,1961579.1899,0,0.6705,False
LZTBI-0205,tbi_low,3,CL06,P03,E05,3,5,2,48,1,112,114.7,114.7,13,forebrain,3.24,0.0175,5.9,True,3000,30,0.0453,2.5047,726.8661,0.234,4.9238,2731089.5003,0,0.7559,False
LZTBI-0205,tbi_low,3,CL06,P03,E05,3,6,3,72,1,112,114.7,114.7,13,forebrain,3.34,0.0146,19.2,True,3000,30,0.0251,3.5467,469.3177,0.7914,4.7189,1077032.1648,0,0.7587,False
LZTBI-0206,sham,3,CL06,P03,E06,3,4,1,24,0,0,0.0,0.0,14,forebrain,3.2,0.0115,9.9,True,3000,30,0.0278,4.5558,366.2162,0.339,4.1459,503996.8059,0,0.7456,False
LZTBI-0206,sham,3,CL06,P03,E06,3,5,2,48,0,0,0.0,0.0,14,forebrain,3.15,0.019,3.0,True,3000,30,0.037,5.1977,767.0374,0.156,4.018,1887006.0212,0,0.7909,False
LZTBI-0206,sham,3,CL06,P03,E06,3,6,3,72,0,0,0.0,0.0,14,forebrain,3.1,0.012,13.3,True,3000,30,0.0168,4.235,328.7368,0.3385,4.2059,362552.4983,0,0.8166,False
LZTBI-0207,sham,3,CL06,P03,E07,3,4,1,24,0,0,0.0,0.0,15,forebrain,2.81,0.0161,10.9,True,3000,30,0.014,1.4996,365.1752,0.4582,3.5646,556549.2034,0,0.8704,False
LZTBI-0207,sham,3,CL06,P03,E07,3,5,2,48,0,0,0.0,0.0,15,forebrain,2.72,0.0179,13.0,True,3000,30,0.0321,-1.5794,466.1416,0.619,3.9705,927974.023,0,0.9426,False
LZTBI-0207,sham,3,CL06,P03,E07,3,6,3,72,0,0,0.0,0.0,15,forebrain,2.99,0.0181,16.5,True,3000,30,0.0386,0.6544,490.5418,-0.0209,3.1318,699430.4068,0,0.9576,False
LZTBI-0208,tbi_moderate,3,CL06,P03,E08,3,4,1,24,1,214,212.9,212.9,16,forebrain,2.74,0.0133,1.3,True,3000,30,0.0494,5.455,496.1153,0.3048,3.8799,840090.5238,0,0.7892,False
LZTBI-0208,tbi_moderate,3,CL06,P03,E08,3,5,2,48,1,214,212.9,212.9,16,forebrain,2.81,0.018,12.1,True,3000,30,0.0268,4.1595,730.7861,0.4689,4.4558,2074088.8271,0,0.8252,False
LZTBI-0208,tbi_moderate,3,CL06,P03,E08,3,6,3,72,1,214,212.9,212.9,16,forebrain,2.65,0.0127,9.9,True,3000,30,0.0176,1.6355,465.9417,0.0658,4.4927,961587.0179,0,0.7353,False
LZTBI-0209,tbi_high,3,CL06,P03,E09,3,4,1,24,1,318,309.6,309.6,1,forebrain,3.0,0.0131,2.6,True,3000,30,0.0165,5.9961,624.4709,0.4071,5.3251,1718544.4164,0,0.7858,False
LZTBI-0209,tbi_high,3,CL06,P03,E09,3,5,2,48,1,318,309.6,309.6,1,forebrain,3.04,0.0188,6.3,True,3000,30,0.033,5.7346,1482.3802,0.9194,7.3437,13073569.6899,2,0.6348,False
LZTBI-0209,tbi_high,3,CL06,P03,E09,3,6,3,72,1,318,309.6,309.6,1,forebrain,3.1,0.0122,14.5,True,3000,30,0.02,11.0534,1543.1102,1.1695,7.899,20551552.1386,4,0.3555,False
LZTBI-0210,tbi_high,3,CL06,P03,E10,3,4,1,24,1,318,309.6,309.6,2,forebrain,2.96,0.0165,5.4,True,3000,30,0.039,8.0965,2908.9556,1.4827,10.545,97098538.151,6,0.2578,False
LZTBI-0210,tbi_high,3,CL06,P03,E10,3,5,2,48,1,318,309.6,309.6,2,forebrain,2.9,0.021,26.4,True,3000,30,0.03,13.4,3054.289,1.1579,9.8279,66702725.669,4,0.1953,False
LZTBI-0210,tbi_high,3,CL06,P03,E10,3,6,3,72,1,318,309.6,309.6,2,forebrain,3.06,0.0162,13.4,True,3000,30,0.0255,14.9979,2510.7355,1.4489,10.6573,69989848.8359,4,0.3335,False
LZTBI-0211,sham,3,CL06,P03,F01,3,4,1,24,0,0,0.0,0.0,3,forebrain,3.15,0.0191,1.8,True,3000,30,0.0192,5.527,633.3961,-0.2515,2.7915,866714.8401,0,0.8448,False
LZTBI-0211,sham,3,CL06,P03,F01,3,5,2,48,0,0,0.0,0.0,3,forebrain,3.25,0.0107,3.9,True,3000,30,0.0266,2.2863,264.25,0.328,3.8609,197966.6587,0,0.9311,False
LZTBI-0211,sham,3,CL06,P03,F01,3,6,3,72,0,0,0.0,0.0,3,forebrain,3.31,0.0196,10.4,True,3000,30,0.0385,4.0349,715.355,0.0198,4.177,1509993.8524,0,0.8554,False
LZTBI-0212,tbi_moderate,3,CL06,P03,F02,3,4,1,24,1,214,212.9,212.9,4,forebrain,3.16,0.016,23.3,True,3000,30,0.0284,2.5023,537.3735,0.0237,4.7238,1180091.6991,0,0.7655,False
LZTBI-0212,tbi_moderate,3,CL06,P03,F02,3,5,2,48,1,214,212.9,212.9,4,forebrain,3.16,0.0201,7.8,True,3000,30,0.0191,5.6882,757.0682,0.3643,4.82,2407856.9866,0,0.7716,False
LZTBI-0212,tbi_moderate,3,CL06,P03,F02,3,6,3,72,1,214,212.9,212.9,4,forebrain,3.15,0.0159,1.5,True,3000,30,0.0367,6.346,686.2128,1.2087,4.5023,1818622.5172,0,0.6873,False
LZTBI-0213,sham,3,CL06,P03,F03,3,4,1,24,0,0,0.0,0.0,5,forebrain,3.11,0.025,19.4,True,3000,30,0.0344,1.7663,905.1465,0.0608,4.4068,2598715.3481,0,0.9001,False
LZTBI-0213,sham,3,CL06,P03,F03,3,5,2,48,0,0,0.0,0.0,5,forebrain,3.09,0.0131,6.1,True,3000,30,0.0164,4.0537,342.667,0.3607,3.8728,335663.1334,0,0.873,False
LZTBI-0213,sham,3,CL06,P03,F03,3,6,3,72,0,0,0.0,0.0,5,forebrain,3.1,0.0243,7.8,True,3000,30,0.0112,-1.748,936.8659,0.5062,3.7947,2636864.6503,0,0.9077,False
LZTBI-0214,tbi_high,3,CL06,P03,F04,3,4,1,24,1,318,309.6,309.6,6,forebrain,2.77,0.0188,2.9,True,3000,30,0.0309,10.4211,1662.0836,1.0081,8.1159,21072484.0415,2,0.4467,False
LZTBI-0214,tbi_high,3,CL06,P03,F04,3,5,2,48,1,318,309.6,309.6,6,forebrain,2.77,0.0164,19.3,True,3000,30,0.0238,11.5668,1942.1402,0.817,8.7401,34045959.1409,2,0.4069,False
LZTBI-0214,tbi_high,3,CL06,P03,F04,3,6,3,72,1,318,309.6,309.6,6,forebrain,2.84,0.0177,26.0,True,3000,30,0.0214,9.4491,1478.6379,0.9239,7.4282,12303876.9539,0,0.4513,False
LZTBI-0215,tbi_high,3,CL06,P03,F05,3,4,1,24,1,318,309.6,309.6,7,forebrain,2.96,0.0232,17.2,True,3000,30,0.0083,11.921,2159.1921,1.8015,7.8551,34788055.5518,0,0.307,False
LZTBI-0215,tbi_high,3,CL06,P03,F05,3,5,2,48,1,318,309.6,309.6,7,forebrain,2.83,0.0145,7.0,True,3000,30,0.0179,12.8489,2827.2997,2.1921,10.977,64578045.9534,6,0.2067,False
LZTBI-0215,tbi_high,3,CL06,P03,F05,3,6,3,72,1,318,309.6,309.6,7,forebrain,2.74,0.0237,16.3,True,3000,30,0.0267,16.2443,5367.0422,2.0895,12.621,357676704.9121,10,0.07,False
LZTBI-0216,tbi_high,3,CL06,P03,F06,3,4,1,24,1,318,309.6,309.6,8,forebrain,3.24,0.0185,16.9,True,3000,30,0.0447,8.2278,941.1118,0.4598,5.5194,4958053.8428,0,0.5754,False
LZTBI-0216,tbi_high,3,CL06,P03,F06,3,5,2,48,1,318,309.6,309.6,8,forebrain,3.26,0.0132,3.0,True,3000,30,0.0379,6.3623,745.547,0.5939,7.3547,3149761.4496,0,0.5965,False
LZTBI-0216,tbi_high,3,CL06,P03,F06,3,6,3,72,1,318,309.6,309.6,8,forebrain,3.25,0.0188,7.4,True,3000,30,0.0152,10.0393,1206.4203,0.656,7.0781,7005246.1999,0,0.5207,False
LZTBI-0217,tbi_moderate,3,CL06,P03,F07,3,4,1,24,1,214,212.9,212.9,9,forebrain,3.02,0.015,5.6,True,3000,30,0.0111,3.1051,416.4909,0.0429,4.1568,630902.6214,0,0.8442,False
LZTBI-0217,tbi_moderate,3,CL06,P03,F07,3,5,2,48,1,214,212.9,212.9,9,forebrain,3.04,0.0227,12.7,True,3000,30,0.0166,5.5997,1084.6569,0.5009,4.6192,5633624.0688,0,0.7847,False
LZTBI-0217,tbi_moderate,3,CL06,P03,F07,3,6,3,72,1,214,212.9,212.9,9,forebrain,2.94,0.016,10.0,True,3000,30,0.0321,7.6737,1166.5592,0.4351,6.88,7809472.9086,2,0.6352,False
LZTBI-0218,tbi_moderate,3,CL06,P03,F08,3,4,1,24,1,214,212.9,212.9,10,forebrain,2.89,0.0219,2.4,True,3000,30,0.024,5.0924,1552.2701,1.1723,6.5973,13988557.7402,2,0.6592,False
LZTBI-0218,tbi_moderate,3,CL06,P03,F08,3,5,2,48,1,214,212.9,212.9,10,forebrain,2.87,0.0085,11.0,True,3000,30,0.0135,5.8449,450.0939,1.0599,5.8235,1055474.1548,0,0.7126,False
LZTBI-0218,tbi_moderate,3,CL06,P03,F08,3,6,3,72,1,214,212.9,212.9,10,forebrain,2.96,0.0223,12.5,True,3000,30,0.0137,4.4068,1386.3736,0.9569,5.8335,9230754.6085,0,0.5893,False
LZTBI-0219,tbi_high,3,CL06,P03,F09,3,4,1,24,1,318,309.6,309.6,11,forebrain,2.74,0.0158,1.2,True,3000,30,0.0117,0.6452,623.66,0.97,4.6073,1604916.5482,0,0.7265,False
LZTBI-0219,tbi_high,3,CL06,P03,F09,3,5,2,48,1,318,309.6,309.6,11,forebrain,2.74,0.0171,23.4,True,3000,30,0.0221,4.9235,848.6666,0.5037,6.3581,4248668.4336,0,0.5538,False
LZTBI-0219,tbi_high,3,CL06,P03,F09,3,6,3,72,1,318,309.6,309.6,11,forebrain,2.76,0.0179,0.4,True,3000,30,0.0316,8.1453,1105.6423,0.8767,5.6655,5648252.2345,0,0.5846,False
LZTBI-0220,tbi_moderate,3,CL06,P03,F10,3,4,1,24,1,214,212.9,212.9,12,forebrain,2.96,0.0195,16.6,True,3000,30,0.0202,2.7656,788.7648,0.3082,3.9073,2288380.098,0,0.7862,False
LZTBI-0220,tbi_moderate,3,CL06,P03,F10,3,5,2,48,1,214,212.9,212.9,12,forebrain,3.0,0.0108,4.7,True,3000,30,0.0284,4.6125,312.4116,0.3013,4.6216,418043.7293,0,0.7428,False
LZTBI-0220,tbi_moderate,3,CL06,P03,F10,3,6,3,72,1,214,212.9,212.9,12,forebrain,3.03,0.0201,2.2,True,3000,30,0.0357,5.301,819.3404,1.1407,4.2341,2255582.6462,0,0.723,False
LZTBI-0221,tbi_moderate,3,CL06,P03,G01,3,4,1,24,1,214,212.9,212.9,13,forebrain,3.01,0.0159,14.6,True,3000,30,0.023,2.6455,591.8154,0.2885,5.332,1820276.1972,0,0.7872,False
LZTBI-0221,tbi_moderate,3,CL06,P03,G01,3,5,2,48,1,214,212.9,212.9,13,forebrain,2.98,0.0175,19.7,True,3000,30,0.0121,3.3373,750.3717,0.5666,4.8574,2481233.6465,0,0.7769,False
LZTBI-0221,tbi_moderate,3,CL06,P03,G01,3,6,3,72,1,214,212.9,212.9,13,forebrain,3.36,0.0172,12.4,True,3000,30,0.014,6.314,736.5392,0.7296,4.9589,2247233.6485,0,0.6548,False
LZTBI-0222,tbi_high,3,CL06,P03,G02,3,4,1,24,1,318,309.6,309.6,14,forebrain,2.75,0.0161,0.8,True,3000,30,0.0125,8.6748,1090.9693,0.9783,7.0582,7689610.3117,0,0.4486,False
LZTBI-0222,tbi_high,3,CL06,P03,G02,3,5,2,48,1,318,309.6,309.6,14,forebrain,2.87,0.0174,20.5,True,3000,30,0.0219,7.3942,1516.8281,1.6155,7.6466,18100055.4088,0,0.4994,False
LZTBI-0222,tbi_high,3,CL06,P03,G02,3,6,3,72,1,318,309.6,309.6,14,forebrain,2.54,0.0172,16.0,True,3000,30,0.0217,8.8367,1905.2826,0.4702,7.8411,21369850.1803,2,0.4009,False
LZTBI-0223,tbi_low,3,CL06,P03,G03,3,4,1,24,1,112,114.7,114.7,15,forebrain,3.05,0.0192,0.4,True,3000,30,0.0158,7.0524,1641.0862,1.1799,6.592,15389670.1766,2,0.5306,False
LZTBI-0223,tbi_low,3,CL06,P03,G03,3,5,2,48,1,112,114.7,114.7,15,forebrain,2.92,0.0164,8.4,True,3000,30,0.0347,8.9263,1481.6047,1.6421,7.2308,15574613.5522,2,0.4678,False
LZTBI-0223,tbi_low,3,CL06,P03,G03,3,6,3,72,1,112,114.7,114.7,15,forebrain,2.76,0.0173,14.8,True,3000,30,0.0256,7.0547,1211.0107,0.6424,6.0561,9342904.014,0,0.5038,False
LZTBI-0224,sham,3,CL06,P03,G04,3,4,1,24,0,0,0.0,0.0,16,forebrain,3.28,0.0149,17.4,True,3000,30,0.0374,-0.3382,342.9865,0.2415,3.2978,398089.5989,0,0.8813,False
LZTBI-0224,sham,3,CL06,P03,G04,3,5,2,48,0,0,0.0,0.0,16,forebrain,3.18,0.0176,4.5,True,3000,30,0.021,6.348,434.7951,0.3321,3.2449,525246.0622,0,0.8753,False
LZTBI-0224,sham,3,CL06,P03,G04,3,6,3,72,0,0,0.0,0.0,16,forebrain,3.07,0.0163,1.5,True,3000,30,0.0313,0.4292,441.6174,0.0248,2.4495,402013.8857,0,0.8988,False
LZTBI-0225,sham,3,CL06,P03,G05,3,4,1,24,0,0,0.0,0.0,1,forebrain,3.06,0.0172,2.2,True,3000,30,0.0163,4.5624,448.5511,-0.0766,3.6081,663072.7512,0,0.8756,False
LZTBI-0225,sham,3,CL06,P03,G05,3,5,2,48,0,0,0.0,0.0,1,forebrain,3.07,0.0157,12.4,True,3000,30,0.0361,2.0139,371.4829,0.3855,3.9334,505857.7738,0,0.8457,False
LZTBI-0225,sham,3,CL06,P03,G05,3,6,3,72,0,0,0.0,0.0,1,forebrain,3.45,0.0164,14.9,True,3000,30,0.0387,3.6083,472.338,0.6985,3.4614,679398.9289,0,0.7977,False
LZTBI-0226,sham,3,CL06,P03,G06,3,4,1,24,0,0,0.0,0.0,2,forebrain,3.04,0.0201,18.4,True,3000,30,0.018,5.1874,1431.4187,0.2462,5.8947,11739724.8717,2,0.7201,False
LZTBI-0226,sham,3,CL06,P03,G06,3,5,2,48,0,0,0.0,0.0,2,forebrain,2.99,0.0159,5.6,True,3000,30,0.0274,3.6149,652.9535,0.5473,5.0874,2374700.056,0,0.7076,False
LZTBI-0226,sham,3,CL06,P03,G06,3,6,3,72,0,0,0.0,0.0,2,forebrain,3.16,0.0214,7.4,True,3000,30,0.0245,4.355,1902.4248,0.8048,7.5404,26235992.6489,2,0.5788,False
LZTBI-0227,tbi_moderate,3,CL06,P03,G07,3,4,1,24,1,214,212.9,212.9,3,forebrain,3.12,0.0085,4.3,True,3000,30,0.0125,3.4872,395.642,1.0932,5.6731,684107.1132,0,0.5844,False
LZTBI-0227,tbi_moderate,3,CL06,P03,G07,3,5,2,48,1,214,212.9,212.9,3,forebrain,3.07,0.0221,5.3,True,3000,30,0.0292,4.0845,1345.1432,0.549,6.8176,10986367.6191,0,0.5736,False
LZTBI-0227,tbi_moderate,3,CL06,P03,G07,3,6,3,72,1,214,212.9,212.9,3,forebrain,3.01,0.0085,20.5,True,3000,30,0.0227,5.3849,1247.4913,0.5947,7.1375,8063570.5792,4,0.4417,False
LZTBI-0228,tbi_low,3,CL06,P03,G08,3,4,1,24,1,112,114.7,114.7,4,forebrain,2.45,0.0213,7.2,True,3000,30,0.0135,4.6411,914.9141,0.1315,3.5428,2016587.2884,0,0.7876,False
LZTBI-0228,tbi_low,3,CL06,P03,G08,3,5,2,48,1,112,114.7,114.7,4,forebrain,2.54,0.0155,8.8,True,3000,30,0.0219,0.8848,445.7486,0.444,3.5869,569502.6045,0,0.7485,False
LZTBI-0228,tbi_low,3,CL06,P03,G08,3,6,3,72,1,112,114.7,114.7,4,forebrain,2.64,0.0205,13.1,True,3000,30,0.0295,3.6,800.9882,0.9549,3.7232,1969047.7677,0,0.8322,False
LZTBI-0229,tbi_low,3,CL06,P03,G09,3,4,1,24,1,112,114.7,114.7,5,forebrain,2.7,0.0243,5.5,True,3000,30,0.0194,7.3925,2286.8788,0.7167,7.4639,26543715.655,0,0.4527,False
LZTBI-0229,tbi_low,3,CL06,P03,G09,3,5,2,48,1,112,114.7,114.7,5,forebrain,2.74,0.014,11.4,True,3000,30,0.0194,11.2804,1069.1653,0.9174,7.6184,7887672.2436,0,0.5026,False
LZTBI-0229,tbi_low,3,CL06,P03,G09,3,6,3,72,1,112,114.7,114.7,5,forebrain,2.73,0.0249,16.1,True,3000,30,0.0367,10.2998,3088.3412,1.1883,8.7908,84569359.5681,4,0.4148,False
LZTBI-0230,sham,3,CL06,P03,G10,3,4,1,24,0,0,0.0,0.0,6,forebrain,2.75,0.0147,1.5,True,3000,30,0.0099,2.4093,355.5673,0.4825,3.8583,542199.9524,0,0.7847,False
LZTBI-0230,sham,3,CL06,P03,G10,3,5,2,48,0,0,0.0,0.0,6,forebrain,2.7,0.0226,10.4,True,3000,30,0.0273,2.3165,973.9228,0.7418,4.3666,3369208.9457,0,0.853,False
LZTBI-0230,sham,3,CL06,P03,G10,3,6,3,72,0,0,0.0,0.0,6,forebrain,2.67,0.0145,11.1,True,3000,30,0.0194,1.0366,474.7034,0.5411,4.2223,728712.2795,0,0.7742,False
LZTBI-0231,tbi_high,3,CL06,P03,H01,3,4,1,24,1,318,309.6,309.6,7,forebrain,3.09,0.0144,18.5,True,3000,30,0.0103,12.4751,2142.4965,1.326,8.9344,41936840.5559,4,0.2208,False
LZTBI-0231,tbi_high,3,CL06,P03,H01,3,5,2,48,1,318,309.6,309.6,7,forebrain,3.13,0.0185,0.7,True,3000,30,0.019,13.3181,2094.5267,1.5061,9.0178,41750512.2138,2,0.3467,False
LZTBI-0231,tbi_high,3,CL06,P03,H01,3,6,3,72,1,318,309.6,309.6,7,forebrain,2.96,0.0159,3.2,True,3000,30,0.0187,8.0573,1151.1299,1.4922,7.8452,9728559.6452,0,0.3572,False
LZTBI-0232,tbi_low,3,CL06,P03,H02,3,4,1,24,1,112,114.7,114.7,8,forebrain,3.44,0.0195,7.2,True,3000,30,0.0148,2.4937,670.7921,0.0998,4.1051,1702957.2739,0,0.7761,False
LZTBI-0232,tbi_low,3,CL06,P03,H02,3,5,2,48,1,112,114.7,114.7,8,forebrain,3.01,0.0106,2.9,True,3000,30,0.0342,4.4569,242.761,0.8496,4.0293,204979.0016,0,0.7373,False
LZTBI-0232,tbi_low,3,CL06,P03,H02,3,6,3,72,1,112,114.7,114.7,8,forebrain,3.19,0.0198,1.1,True,3000,30,0.0354,2.107,817.9951,0.4638,5.1778,3496062.6403,0,0.7078,False
LZTBI-0233,sham,3,CL06,P03,H03,3,4,1,24,0,0,0.0,0.0,9,forebrain,2.9,0.0161,8.5,True,3000,30,0.0173,-1.5798,311.8306,0.1574,3.0126,226897.4932,0,0.9056,False
LZTBI-0233,sham,3,CL06,P03,H03,3,5,2,48,0,0,0.0,0.0,9,forebrain,3.0,0.0197,0.4,True,3000,30,0.0284,3.2404,537.4994,-0.2424,3.5169,765314.9688,0,0.8869,False
LZTBI-0233,sham,3,CL06,P03,H03,3,6,3,72,0,0,0.0,0.0,9,forebrain,3.09,0.0153,19.1,True,3000,30,0.0386,-0.1691,315.6126,-0.123,3.2871,292605.6005,0,0.8841,False
LZTBI-0234,tbi_moderate,3,CL06,P03,H04,3,4,1,24,1,214,212.9,212.9,10,forebrain,3.09,0.0237,8.5,True,3000,30,0.0314,6.5842,1273.5443,0.4125,4.2159,6476781.8955,0,0.7986,False
LZTBI-0234,tbi_moderate,3,CL06,P03,H04,3,5,2,48,1,214,212.9,212.9,10,forebrain,3.02,0.0144,19.5,True,3000,30,0.0239,5.9456,546.5195,0.4866,5.4428,1667194.8347,0,0.7339,False
LZTBI-0234,tbi_moderate,3,CL06,P03,H04,3,6,3,72,1,214,212.9,212.9,10,forebrain,2.94,0.0228,10.6,True,3000,30,0.017,4.2742,1433.8103,0.3042,5.7847,9143356.0191,0,0.6313,False
LZTBI-0235,sham,3,CL06,P03,H05,3,4,1,24,0,0,0.0,0.0,11,forebrain,3.05,0.0171,3.8,True,3000,30,0.0117,4.5779,579.529,0.6554,4.7415,1360123.9571,0,0.789,False
LZTBI-0235,sham,3,CL06,P03,H05,3,5,2,48,0,0,0.0,0.0,11,forebrain,3.1,0.0177,0.4,True,3000,30,0.0183,2.9038,720.167,0.0471,4.3814,1636673.7815,0,0.7797,False
LZTBI-0235,sham,3,CL06,P03,H05,3,6,3,72,0,0,0.0,0.0,11,forebrain,2.92,0.0179,2.6,True,3000,30,0.0264,0.1661,743.3928,0.4532,4.1729,2694399.7631,0,0.7813,False
LZTBI-0236,tbi_high,3,CL06,P03,H06,3,4,1,24,1,318,309.6,309.6,12,forebrain,3.1,0.0208,0.5,True,3000,30,0.0343,10.1684,2027.9617,0.4011,7.576,26922394.5493,2,0.4655,False
LZTBI-0236,tbi_high,3,CL06,P03,H06,3,5,2,48,1,318,309.6,309.6,12,forebrain,3.16,0.0092,22.4,True,3000,30,0.0233,9.7432,1101.0564,0.8442,7.9652,8929119.4501,2,0.4414,False
LZTBI-0236,tbi_high,3,CL06,P03,H06,3,6,3,72,1,318,309.6,309.6,12,forebrain,2.98,0.0211,11.9,True,3000,30,0.0257,8.3563,1665.807,0.8337,6.7574,14990441.5241,0,0.3682,False
LZTBI-0237,tbi_moderate,3,CL06,P03,H07,3,4,1,24,1,214,212.9,212.9,13,forebrain,3.07,0.0186,2.4,True,3000,30,0.0356,4.7623,703.7561,0.5789,4.9453,2318042.0786,0,0.7305,False
LZTBI-0237,tbi_moderate,3,CL06,P03,H07,3,5,2,48,1,214,212.9,212.9,13,forebrain,2.98,0.0137,8.3,True,3000,30,0.0145,3.6148,471.0228,0.8943,5.2618,924464.7153,0,0.7353,False
LZTBI-0237,tbi_moderate,3,CL06,P03,H07,3,6,3,72,1,214,212.9,212.9,13,forebrain,2.91,0.0182,24.5,True,3000,30,0.0208,1.3714,936.1046,0.1557,5.4729,3923218.1057,0,0.6813,False
LZTBI-0238,tbi_high,3,CL06,P03,H08,3,4,1,24,1,318,309.6,309.6,14,forebrain,2.69,0.0265,7.7,True,3000,30,0.0237,5.1499,1610.1381,0.6585,5.2586,11633816.3774,0,0.7008,False
LZTBI-0238,tbi_high,3,CL06,P03,H08,3,5,2,48,1,318,309.6,309.6,14,forebrain,2.7,0.0134,25.9,True,3000,30,0.0342,8.8555,634.7874,0.5972,5.6917,1559583.1113,0,0.6018,False
LZTBI-0238,tbi_high,3,CL06,P03,H08,3,6,3,72,1,318,309.6,309.6,14,forebrain,2.74,0.0258,2.7,True,3000,30,0.0257,6.3042,1734.7748,0.9812,5.536,16648780.2751,0,0.6408,False
LZTBI-0239,tbi_high,3,CL06,P03,H09,3,4,1,24,1,318,309.6,309.6,15,forebrain,2.85,0.0162,7.4,True,3000,30,0.0403,11.6102,1320.4604,0.914,6.7617,10517157.1017,2,0.4598,False
LZTBI-0239,tbi_high,3,CL06,P03,H09,3,5,2,48,1,318,309.6,309.6,15,forebrain,2.82,0.0178,1.2,True,3000,30,0.0189,6.7781,1325.7446,0.8858,7.2331,11732682.691,0,0.4997,False
LZTBI-0239,tbi_high,3,CL06,P03,H09,3,6,3,72,1,318,309.6,309.6,15,forebrain,2.98,0.018,4.1,True,3000,30,0.011,8.8549,1840.8472,0.5881,8.2886,20441484.1354,2,0.511,False
LZTBI-0240,tbi_moderate,3,CL06,P03,H10,3,4,1,24,1,214,212.9,212.9,16,forebrain,2.78,0.0157,11.6,True,3000,30,0.0194,4.0129,556.3011,0.4922,4.9114,1482935.0269,0,0.7992,False
LZTBI-0240,tbi_moderate,3,CL06,P03,H10,3,5,2,48,1,214,212.9,212.9,16,forebrain,2.86,0.0224,2.6,True,3000,30,0.026,9.0308,2718.7522,1.6731,8.3564,54012365.1617,6,0.4825,False
LZTBI-0240,tbi_moderate,3,CL06,P03,H10,3,6,3,72,1,214,212.9,212.9,16,forebrain,2.69,0.0165,1.4,True,3000,30,0.0316,4.5101,920.4736,1.2627,4.8838,3491161.8707,0,0.5493,False
